[22Jun2025 03:47:08.413] [main/INFO] [cpw.mods.modlauncher.Launcher/MODLAUNCHER]: ModLauncher running: args [--launchTarget, forgeserver, --fml.forgeVersion, 47.3.7, --fml.mcVersion, 1.20.1, --fml.forgeGroup, net.minecraftforge, --fml.mcpVersion, 20230612.114412, nogui]
[22Jun2025 03:47:08.419] [main/INFO] [cpw.mods.modlauncher.Launcher/MODLAUNCHER]: ModLauncher 10.0.9+10.0.9+main.dcd20f30 starting: java version 17.0.15 by Ubuntu; OS Linux arch amd64 version 6.8.0-1027-azure
[22Jun2025 03:47:08.480] [main/DEBUG] [cpw.mods.modlauncher.LaunchServiceHandler/MODLAUNCHER]: Found launch services [fmlclientdev,forgeclient,minecraft,forgegametestserverdev,fmlserveruserdev,fmlclient,fmldatauserdev,forgeserverdev,forgeserveruserdev,forgeclientdev,forgeclientuserdev,forgeserver,forgedatadev,fmlserver,fmlclientuserdev,fmlserverdev,forgedatauserdev,testharness,forgegametestserveruserdev]
[22Jun2025 03:47:08.506] [main/DEBUG] [cpw.mods.modlauncher.NameMappingServiceHandler/MODLAUNCHER]: Found naming services : [srgtomcp]
[22Jun2025 03:47:08.539] [main/DEBUG] [cpw.mods.modlauncher.LaunchPluginHandler/MODLAUNCHER]: Found launch plugins: [mixin,eventbus,slf4jfixer,object_holder_definalize,runtime_enum_extender,capability_token_subclass,accesstransformer,runtimedistcleaner]
[22Jun2025 03:47:08.556] [main/DEBUG] [cpw.mods.modlauncher.TransformationServicesHandler/MODLAUNCHER]: Discovering transformation services
[22Jun2025 03:47:08.567] [main/DEBUG] [net.minecraftforge.fml.loading.FMLPaths/CORE]: Path GAMEDIR is /workspaces/MQSX/servidor_minecraft
[22Jun2025 03:47:08.567] [main/DEBUG] [net.minecraftforge.fml.loading.FMLPaths/CORE]: Path MODSDIR is /workspaces/MQSX/servidor_minecraft/mods
[22Jun2025 03:47:08.568] [main/DEBUG] [net.minecraftforge.fml.loading.FMLPaths/CORE]: Path CONFIGDIR is /workspaces/MQSX/servidor_minecraft/config
[22Jun2025 03:47:08.568] [main/DEBUG] [net.minecraftforge.fml.loading.FMLPaths/CORE]: Path FMLCONFIG is /workspaces/MQSX/servidor_minecraft/config/fml.toml
[22Jun2025 03:47:12.358] [main/DEBUG] [cpw.mods.modlauncher.TransformationServicesHandler/MODLAUNCHER]: Found additional transformation services from discovery services: 
[22Jun2025 03:47:12.372] [main/INFO] [net.minecraftforge.fml.loading.ImmediateWindowHandler/]: ImmediateWindowProvider not loading because launch target is forgeserver
[22Jun2025 03:47:12.391] [main/DEBUG] [cpw.mods.modlauncher.TransformationServicesHandler/MODLAUNCHER]: Found transformer services : [mixin,fml]
[22Jun2025 03:47:12.391] [main/DEBUG] [cpw.mods.modlauncher.TransformationServicesHandler/MODLAUNCHER]: Transformation services loading
[22Jun2025 03:47:12.392] [main/DEBUG] [cpw.mods.modlauncher.TransformationServiceDecorator/MODLAUNCHER]: Loading service mixin
[22Jun2025 03:47:12.392] [main/DEBUG] [cpw.mods.modlauncher.TransformationServiceDecorator/MODLAUNCHER]: Loaded service mixin
[22Jun2025 03:47:12.392] [main/DEBUG] [cpw.mods.modlauncher.TransformationServiceDecorator/MODLAUNCHER]: Loading service fml
[22Jun2025 03:47:12.393] [main/DEBUG] [net.minecraftforge.fml.loading.LauncherVersion/CORE]: Found FMLLauncher version 1.0
[22Jun2025 03:47:12.394] [main/DEBUG] [net.minecraftforge.fml.loading.FMLLoader/CORE]: FML 1.0 loading
[22Jun2025 03:47:12.395] [main/DEBUG] [net.minecraftforge.fml.loading.FMLLoader/CORE]: FML found ModLauncher version : 10.0.9+10.0.9+main.dcd20f30
[22Jun2025 03:47:12.398] [main/DEBUG] [net.minecraftforge.fml.loading.FMLLoader/CORE]: FML found AccessTransformer version : 8.0.4+66+master.c09db6d7
[22Jun2025 03:47:12.399] [main/DEBUG] [net.minecraftforge.fml.loading.FMLLoader/CORE]: FML found EventBus version : 6.0.5+6.0.5+master.eb8e549b
[22Jun2025 03:47:12.400] [main/DEBUG] [net.minecraftforge.fml.loading.FMLLoader/CORE]: Found Runtime Dist Cleaner
[22Jun2025 03:47:12.404] [main/DEBUG] [net.minecraftforge.fml.loading.FMLLoader/CORE]: FML found CoreMod version : 5.1.6
[22Jun2025 03:47:12.404] [main/DEBUG] [net.minecraftforge.fml.loading.FMLLoader/CORE]: Found ForgeSPI package implementation version 7.0.1+7.0.1+master.d2b38bf6
[22Jun2025 03:47:12.404] [main/DEBUG] [net.minecraftforge.fml.loading.FMLLoader/CORE]: Found ForgeSPI package specification 5
[22Jun2025 03:47:12.405] [main/DEBUG] [cpw.mods.modlauncher.TransformationServiceDecorator/MODLAUNCHER]: Loaded service fml
[22Jun2025 03:47:12.405] [main/DEBUG] [cpw.mods.modlauncher.TransformationServicesHandler/MODLAUNCHER]: Configuring option handling for services
[22Jun2025 03:47:12.412] [main/DEBUG] [cpw.mods.modlauncher.TransformationServicesHandler/MODLAUNCHER]: Transformation services initializing
[22Jun2025 03:47:12.412] [main/DEBUG] [cpw.mods.modlauncher.TransformationServiceDecorator/MODLAUNCHER]: Initializing transformation service mixin
[22Jun2025 03:47:12.443] [main/DEBUG] [mixin/]: MixinService [ModLauncher] was successfully booted in cpw.mods.cl.ModuleClassLoader@7b69c6ba
[22Jun2025 03:47:12.582] [main/INFO] [mixin/]: SpongePowered MIXIN Subsystem Version=0.8.5 Source=union:/workspaces/MQSX/servidor_minecraft/libraries/org/spongepowered/mixin/0.8.5/mixin-0.8.5.jar%2363!/ Service=ModLauncher Env=SERVER
[22Jun2025 03:47:12.589] [main/DEBUG] [mixin/]: Initialising Mixin Platform Manager
[22Jun2025 03:47:12.589] [main/DEBUG] [mixin/]: Adding mixin platform agents for container ModLauncher Root Container(ModLauncher:4f56a0a2)
[22Jun2025 03:47:12.590] [main/DEBUG] [mixin/]: Instancing new MixinPlatformAgentMinecraftForge for ModLauncher Root Container(ModLauncher:4f56a0a2)
[22Jun2025 03:47:12.591] [main/DEBUG] [mixin/]: MixinPlatformAgentMinecraftForge rejected container ModLauncher Root Container(ModLauncher:4f56a0a2)
[22Jun2025 03:47:12.591] [main/DEBUG] [mixin/]: Instancing new MixinPlatformAgentDefault for ModLauncher Root Container(ModLauncher:4f56a0a2)
[22Jun2025 03:47:12.591] [main/DEBUG] [mixin/]: MixinPlatformAgentDefault accepted container ModLauncher Root Container(ModLauncher:4f56a0a2)
[22Jun2025 03:47:12.597] [main/DEBUG] [cpw.mods.modlauncher.TransformationServiceDecorator/MODLAUNCHER]: Initialized transformation service mixin
[22Jun2025 03:47:12.598] [main/DEBUG] [cpw.mods.modlauncher.TransformationServiceDecorator/MODLAUNCHER]: Initializing transformation service fml
[22Jun2025 03:47:12.598] [main/DEBUG] [net.minecraftforge.fml.loading.FMLServiceProvider/CORE]: Setting up basic FML game directories
[22Jun2025 03:47:12.599] [main/DEBUG] [net.minecraftforge.fml.loading.FMLPaths/CORE]: Path GAMEDIR is /workspaces/MQSX/servidor_minecraft
[22Jun2025 03:47:12.599] [main/DEBUG] [net.minecraftforge.fml.loading.FMLPaths/CORE]: Path MODSDIR is /workspaces/MQSX/servidor_minecraft/mods
[22Jun2025 03:47:12.599] [main/DEBUG] [net.minecraftforge.fml.loading.FMLPaths/CORE]: Path CONFIGDIR is /workspaces/MQSX/servidor_minecraft/config
[22Jun2025 03:47:12.600] [main/DEBUG] [net.minecraftforge.fml.loading.FMLPaths/CORE]: Path FMLCONFIG is /workspaces/MQSX/servidor_minecraft/config/fml.toml
[22Jun2025 03:47:12.600] [main/DEBUG] [net.minecraftforge.fml.loading.FMLServiceProvider/CORE]: Loading configuration
[22Jun2025 03:47:12.603] [main/DEBUG] [net.minecraftforge.fml.loading.FMLServiceProvider/CORE]: Preparing ModFile
[22Jun2025 03:47:12.608] [main/DEBUG] [net.minecraftforge.fml.loading.FMLServiceProvider/CORE]: Preparing launch handler
[22Jun2025 03:47:12.609] [main/DEBUG] [net.minecraftforge.fml.loading.FMLLoader/CORE]: Using forgeserver as launch service
[22Jun2025 03:47:12.641] [main/DEBUG] [net.minecraftforge.fml.loading.FMLLoader/CORE]: Received command line version data  : VersionInfo[forgeVersion=47.3.7, mcVersion=1.20.1, mcpVersion=20230612.114412, forgeGroup=net.minecraftforge]
[22Jun2025 03:47:12.645] [main/DEBUG] [cpw.mods.modlauncher.TransformationServiceDecorator/MODLAUNCHER]: Initialized transformation service fml
[22Jun2025 03:47:12.646] [main/DEBUG] [cpw.mods.modlauncher.NameMappingServiceHandler/MODLAUNCHER]: Current naming domain is 'srg'
[22Jun2025 03:47:12.647] [main/DEBUG] [cpw.mods.modlauncher.NameMappingServiceHandler/MODLAUNCHER]: Identified name mapping providers {}
[22Jun2025 03:47:12.647] [main/DEBUG] [cpw.mods.modlauncher.TransformationServicesHandler/MODLAUNCHER]: Transformation services begin scanning
[22Jun2025 03:47:12.648] [main/DEBUG] [cpw.mods.modlauncher.TransformationServiceDecorator/MODLAUNCHER]: Beginning scan trigger - transformation service mixin
[22Jun2025 03:47:12.648] [main/DEBUG] [cpw.mods.modlauncher.TransformationServiceDecorator/MODLAUNCHER]: End scan trigger - transformation service mixin
[22Jun2025 03:47:12.648] [main/DEBUG] [cpw.mods.modlauncher.TransformationServiceDecorator/MODLAUNCHER]: Beginning scan trigger - transformation service fml
[22Jun2025 03:47:12.649] [main/DEBUG] [net.minecraftforge.fml.loading.FMLServiceProvider/CORE]: Initiating mod scan
[22Jun2025 03:47:12.674] [main/DEBUG] [net.minecraftforge.fml.loading.moddiscovery.ModListHandler/CORE]: Found mod coordinates from lists: []
[22Jun2025 03:47:12.687] [main/DEBUG] [net.minecraftforge.fml.loading.moddiscovery.ModDiscoverer/CORE]: Found Mod Locators : (mods folder:null),(maven libs:null),(exploded directory:null),(minecraft:null),(userdev classpath:null)
[22Jun2025 03:47:12.691] [main/DEBUG] [net.minecraftforge.fml.loading.moddiscovery.ModDiscoverer/CORE]: Found Dependency Locators : (JarInJar:null)
[22Jun2025 03:47:12.708] [main/DEBUG] [net.minecraftforge.fml.loading.moddiscovery.ModFileParser/LOADING]: Considering mod file candidate /workspaces/MQSX/servidor_minecraft/mods/advancednetherite-forge-2.1.3-1.20.1.jar
[22Jun2025 03:47:12.794] [main/DEBUG] [net.minecraftforge.fml.loading.moddiscovery.ModFileInfo/LOADING]: Found valid mod file advancednetherite-forge-2.1.3-1.20.1.jar with {advancednetherite} mods - versions {2.1.3}
[22Jun2025 03:47:12.797] [main/DEBUG] [net.minecraftforge.fml.loading.moddiscovery.ModFileParser/LOADING]: Considering mod file candidate /workspaces/MQSX/servidor_minecraft/mods/architectury-9.2.14-forge.jar
[22Jun2025 03:47:12.801] [main/DEBUG] [net.minecraftforge.fml.loading.moddiscovery.ModFileInfo/LOADING]: Found valid mod file architectury-9.2.14-forge.jar with {architectury} mods - versions {9.2.14}
[22Jun2025 03:47:12.802] [main/DEBUG] [net.minecraftforge.fml.loading.moddiscovery.ModFileParser/LOADING]: Considering mod file candidate /workspaces/MQSX/servidor_minecraft/mods/caelus-forge-3.2.0+1.20.1.jar
[22Jun2025 03:47:12.809] [main/DEBUG] [net.minecraftforge.fml.loading.moddiscovery.ModFileInfo/LOADING]: Found valid mod file caelus-forge-3.2.0+1.20.1.jar with {caelus} mods - versions {3.2.0+1.20.1}
[22Jun2025 03:47:12.812] [main/DEBUG] [net.minecraftforge.fml.loading.moddiscovery.ModFileParser/LOADING]: Considering mod file candidate /workspaces/MQSX/servidor_minecraft/mods/cloth-config-11.1.136-forge.jar
[22Jun2025 03:47:12.817] [main/DEBUG] [net.minecraftforge.fml.loading.moddiscovery.ModFileInfo/LOADING]: Found valid mod file cloth-config-11.1.136-forge.jar with {cloth_config} mods - versions {11.1.136}
[22Jun2025 03:47:12.819] [main/DEBUG] [net.minecraftforge.fml.loading.moddiscovery.ModFileParser/LOADING]: Considering mod file candidate /workspaces/MQSX/servidor_minecraft/mods/collective-1.20.1-8.1.jar
[22Jun2025 03:47:12.822] [main/DEBUG] [net.minecraftforge.fml.loading.moddiscovery.ModFileInfo/LOADING]: Found valid mod file collective-1.20.1-8.1.jar with {collective} mods - versions {8.1}
[22Jun2025 03:47:12.825] [main/DEBUG] [net.minecraftforge.fml.loading.moddiscovery.ModFileParser/LOADING]: Considering mod file candidate /workspaces/MQSX/servidor_minecraft/mods/colytra-forge-6.2.2+1.20.1.jar
[22Jun2025 03:47:12.828] [main/DEBUG] [net.minecraftforge.fml.loading.moddiscovery.ModFileInfo/LOADING]: Found valid mod file colytra-forge-6.2.2+1.20.1.jar with {colytra} mods - versions {6.2.2+1.20.1}
[22Jun2025 03:47:12.831] [main/DEBUG] [net.minecraftforge.fml.loading.moddiscovery.ModFileParser/LOADING]: Considering mod file candidate /workspaces/MQSX/servidor_minecraft/mods/connectivity-1.20.1-7.1.jar
[22Jun2025 03:47:12.839] [main/DEBUG] [net.minecraftforge.fml.loading.moddiscovery.ModFileInfo/LOADING]: Found valid mod file connectivity-1.20.1-7.1.jar with {connectivity} mods - versions {1.20.1-7.1}
[22Jun2025 03:47:12.841] [main/DEBUG] [net.minecraftforge.fml.loading.moddiscovery.ModFileParser/LOADING]: Considering mod file candidate /workspaces/MQSX/servidor_minecraft/mods/cupboard-1.20.1-2.7.jar
[22Jun2025 03:47:12.845] [main/DEBUG] [net.minecraftforge.fml.loading.moddiscovery.ModFileInfo/LOADING]: Found valid mod file cupboard-1.20.1-2.7.jar with {cupboard} mods - versions {1.20.1-2.7}
[22Jun2025 03:47:12.850] [main/DEBUG] [net.minecraftforge.fml.loading.moddiscovery.ModFileParser/LOADING]: Considering mod file candidate /workspaces/MQSX/servidor_minecraft/mods/dungeons-and-taverns-3.0.3.f.jar
[22Jun2025 03:47:12.854] [main/DEBUG] [net.minecraftforge.fml.loading.moddiscovery.ModFileInfo/LOADING]: Found valid mod file dungeons-and-taverns-3.0.3.f.jar with {mr_dungeons_andtaverns} mods - versions {3.0.3.f}
[22Jun2025 03:47:12.860] [main/DEBUG] [net.minecraftforge.fml.loading.moddiscovery.ModFileParser/LOADING]: Considering mod file candidate /workspaces/MQSX/servidor_minecraft/mods/EnchantingInfuser-v8.0.3-1.20.1-Forge.jar
[22Jun2025 03:47:12.864] [main/DEBUG] [net.minecraftforge.fml.loading.moddiscovery.ModFileInfo/LOADING]: Found valid mod file EnchantingInfuser-v8.0.3-1.20.1-Forge.jar with {enchantinginfuser} mods - versions {8.0.3}
[22Jun2025 03:47:12.867] [main/DEBUG] [net.minecraftforge.fml.loading.moddiscovery.ModFileParser/LOADING]: Considering mod file candidate /workspaces/MQSX/servidor_minecraft/mods/enemyexpansion-2.3.1-forge-1.20.1.jar
[22Jun2025 03:47:12.868] [main/DEBUG] [net.minecraftforge.fml.loading.moddiscovery.ModFileInfo/LOADING]: Found valid mod file enemyexpansion-2.3.1-forge-1.20.1.jar with {enemyexpansion} mods - versions {2.3.1}
[22Jun2025 03:47:12.879] [main/DEBUG] [net.minecraftforge.fml.loading.moddiscovery.ModFileParser/LOADING]: Considering mod file candidate /workspaces/MQSX/servidor_minecraft/mods/FallingTree-1.20.1-4.3.4.jar
[22Jun2025 03:47:12.885] [main/DEBUG] [net.minecraftforge.fml.loading.moddiscovery.ModFileInfo/LOADING]: Found valid mod file FallingTree-1.20.1-4.3.4.jar with {fallingtree} mods - versions {4.3.4}
[22Jun2025 03:47:12.900] [main/DEBUG] [net.minecraftforge.fml.loading.moddiscovery.ModFileParser/LOADING]: Considering mod file candidate /workspaces/MQSX/servidor_minecraft/mods/FarmersDelight-1.20.1-1.2.7.jar
[22Jun2025 03:47:12.907] [main/DEBUG] [net.minecraftforge.fml.loading.moddiscovery.ModFileInfo/LOADING]: Found valid mod file FarmersDelight-1.20.1-1.2.7.jar with {farmersdelight} mods - versions {1.20.1-1.2.7}
[22Jun2025 03:47:12.908] [main/DEBUG] [net.minecraftforge.fml.loading.moddiscovery.ModFileParser/LOADING]: Considering mod file candidate /workspaces/MQSX/servidor_minecraft/mods/fastasyncworldsave-1.20.1-2.4.jar
[22Jun2025 03:47:12.914] [main/DEBUG] [net.minecraftforge.fml.loading.moddiscovery.ModFileInfo/LOADING]: Found valid mod file fastasyncworldsave-1.20.1-2.4.jar with {fastasyncworldsave} mods - versions {1.20.1-2.4}
[22Jun2025 03:47:12.916] [main/DEBUG] [net.minecraftforge.fml.loading.moddiscovery.ModFileParser/LOADING]: Considering mod file candidate /workspaces/MQSX/servidor_minecraft/mods/FastSuite-1.20.1-5.1.0.jar
[22Jun2025 03:47:12.919] [main/DEBUG] [net.minecraftforge.fml.loading.moddiscovery.ModFileInfo/LOADING]: Found valid mod file FastSuite-1.20.1-5.1.0.jar with {fastsuite} mods - versions {5.1.0}
[22Jun2025 03:47:12.924] [main/DEBUG] [net.minecraftforge.fml.loading.moddiscovery.ModFileParser/LOADING]: Considering mod file candidate /workspaces/MQSX/servidor_minecraft/mods/fcl-20.24.jar
[22Jun2025 03:47:12.928] [main/DEBUG] [net.minecraftforge.fml.loading.moddiscovery.ModFileInfo/LOADING]: Found valid mod file fcl-20.24.jar with {fcl} mods - versions {20.24}
[22Jun2025 03:47:12.940] [main/DEBUG] [net.minecraftforge.fml.loading.moddiscovery.ModFileParser/LOADING]: Considering mod file candidate /workspaces/MQSX/servidor_minecraft/mods/ferritecore-6.0.1-forge.jar
[22Jun2025 03:47:12.943] [main/DEBUG] [net.minecraftforge.fml.loading.moddiscovery.ModFileInfo/LOADING]: Found valid mod file ferritecore-6.0.1-forge.jar with {ferritecore} mods - versions {6.0.1}
[22Jun2025 03:47:12.947] [main/DEBUG] [net.minecraftforge.fml.loading.moddiscovery.ModFileParser/LOADING]: Considering mod file candidate /workspaces/MQSX/servidor_minecraft/mods/fsmm-3.0.9.jar
[22Jun2025 03:47:12.951] [main/DEBUG] [net.minecraftforge.fml.loading.moddiscovery.ModFileInfo/LOADING]: Found valid mod file fsmm-3.0.9.jar with {fsmm} mods - versions {3.0.9}
[22Jun2025 03:47:12.951] [main/DEBUG] [net.minecraftforge.fml.loading.moddiscovery.ModFileParser/LOADING]: Considering mod file candidate /workspaces/MQSX/servidor_minecraft/mods/fsmmshop-2.0.3.jar
[22Jun2025 03:47:12.954] [main/DEBUG] [net.minecraftforge.fml.loading.moddiscovery.ModFileInfo/LOADING]: Found valid mod file fsmmshop-2.0.3.jar with {fsmmshop} mods - versions {2.0.3}
[22Jun2025 03:47:12.955] [main/DEBUG] [net.minecraftforge.fml.loading.moddiscovery.ModFileParser/LOADING]: Considering mod file candidate /workspaces/MQSX/servidor_minecraft/mods/gateways_to_eternity_mg-1.1.0.jar
[22Jun2025 03:47:12.956] [main/DEBUG] [net.minecraftforge.fml.loading.moddiscovery.ModFileInfo/LOADING]: Found valid mod file gateways_to_eternity_mg-1.1.0.jar with {moregateways} mods - versions {1.1.0}
[22Jun2025 03:47:12.957] [main/DEBUG] [net.minecraftforge.fml.loading.moddiscovery.ModFileParser/LOADING]: Considering mod file candidate /workspaces/MQSX/servidor_minecraft/mods/geckolib-forge-1.20.1-4.7.1.2.jar
[22Jun2025 03:47:12.958] [main/DEBUG] [net.minecraftforge.fml.loading.moddiscovery.ModFileInfo/LOADING]: Found valid mod file geckolib-forge-1.20.1-4.7.1.2.jar with {geckolib} mods - versions {4.7.1.2}
[22Jun2025 03:47:12.959] [main/DEBUG] [net.minecraftforge.fml.loading.moddiscovery.ModFileParser/LOADING]: Considering mod file candidate /workspaces/MQSX/servidor_minecraft/mods/healingcampfire-1.20.1-6.2.jar
[22Jun2025 03:47:12.960] [main/DEBUG] [net.minecraftforge.fml.loading.moddiscovery.ModFileInfo/LOADING]: Found valid mod file healingcampfire-1.20.1-6.2.jar with {healingcampfire} mods - versions {6.2}
[22Jun2025 03:47:12.963] [main/DEBUG] [net.minecraftforge.fml.loading.moddiscovery.ModFileParser/LOADING]: Considering mod file candidate /workspaces/MQSX/servidor_minecraft/mods/jei-1.20.1-forge-15.20.0.106.jar
[22Jun2025 03:47:12.967] [main/DEBUG] [net.minecraftforge.fml.loading.moddiscovery.ModFileInfo/LOADING]: Found valid mod file jei-1.20.1-forge-15.20.0.106.jar with {jei} mods - versions {15.20.0.106}
[22Jun2025 03:47:12.976] [main/DEBUG] [net.minecraftforge.fml.loading.moddiscovery.ModFileParser/LOADING]: Considering mod file candidate /workspaces/MQSX/servidor_minecraft/mods/journeymap-1.20.1-5.10.3-forge.jar
[22Jun2025 03:47:12.978] [main/DEBUG] [net.minecraftforge.fml.loading.moddiscovery.ModFileInfo/LOADING]: Found valid mod file journeymap-1.20.1-5.10.3-forge.jar with {journeymap} mods - versions {5.10.3}
[22Jun2025 03:47:12.980] [main/DEBUG] [net.minecraftforge.fml.loading.moddiscovery.ModFileParser/LOADING]: Considering mod file candidate /workspaces/MQSX/servidor_minecraft/mods/Ksyxis-1.3.3.jar
[22Jun2025 03:47:12.982] [main/DEBUG] [net.minecraftforge.fml.loading.moddiscovery.ModFileInfo/LOADING]: Found valid mod file Ksyxis-1.3.3.jar with {ksyxis} mods - versions {1.3.3}
[22Jun2025 03:47:12.985] [main/DEBUG] [net.minecraftforge.fml.loading.moddiscovery.ModFileParser/LOADING]: Considering mod file candidate /workspaces/MQSX/servidor_minecraft/mods/l2complements-2.5.3.jar
[22Jun2025 03:47:12.987] [main/DEBUG] [net.minecraftforge.fml.loading.moddiscovery.ModFileInfo/LOADING]: Found valid mod file l2complements-2.5.3.jar with {l2complements} mods - versions {2.5.3}
[22Jun2025 03:47:12.988] [main/DEBUG] [net.minecraftforge.fml.loading.moddiscovery.ModFileParser/LOADING]: Considering mod file candidate /workspaces/MQSX/servidor_minecraft/mods/l2library-2.5.1.jar
[22Jun2025 03:47:12.990] [main/DEBUG] [net.minecraftforge.fml.loading.moddiscovery.ModFileInfo/LOADING]: Found valid mod file l2library-2.5.1.jar with {l2library} mods - versions {2.5.1}
[22Jun2025 03:47:12.995] [main/DEBUG] [net.minecraftforge.fml.loading.moddiscovery.ModFileParser/LOADING]: Considering mod file candidate /workspaces/MQSX/servidor_minecraft/mods/l2weaponry-2.5.0.jar
[22Jun2025 03:47:12.996] [main/DEBUG] [net.minecraftforge.fml.loading.moddiscovery.ModFileInfo/LOADING]: Found valid mod file l2weaponry-2.5.0.jar with {l2weaponry} mods - versions {2.5.0}
[22Jun2025 03:47:12.999] [main/DEBUG] [net.minecraftforge.fml.loading.moddiscovery.ModFileParser/LOADING]: Considering mod file candidate /workspaces/MQSX/servidor_minecraft/mods/limitedchunks-1.20.1-4.1.jar
[22Jun2025 03:47:13.001] [main/DEBUG] [net.minecraftforge.fml.loading.moddiscovery.ModFileInfo/LOADING]: Found valid mod file limitedchunks-1.20.1-4.1.jar with {limitedchunks} mods - versions {1.8}
[22Jun2025 03:47:13.004] [main/DEBUG] [net.minecraftforge.fml.loading.moddiscovery.ModFileParser/LOADING]: Considering mod file candidate /workspaces/MQSX/servidor_minecraft/mods/mcw-paintings-1.0.5-1.20.1forge.jar
[22Jun2025 03:47:13.004] [main/DEBUG] [net.minecraftforge.fml.loading.moddiscovery.ModFileInfo/LOADING]: Found valid mod file mcw-paintings-1.0.5-1.20.1forge.jar with {mcwpaintings} mods - versions {1.0.5}
[22Jun2025 03:47:13.005] [main/DEBUG] [net.minecraftforge.fml.loading.moddiscovery.ModFileParser/LOADING]: Considering mod file candidate /workspaces/MQSX/servidor_minecraft/mods/memoryleakfix-forge-1.17+-1.1.5.jar
[22Jun2025 03:47:13.007] [main/DEBUG] [net.minecraftforge.fml.loading.moddiscovery.ModFileInfo/LOADING]: Found valid mod file memoryleakfix-forge-1.17+-1.1.5.jar with {memoryleakfix} mods - versions {1.1.5}
[22Jun2025 03:47:13.008] [main/DEBUG] [net.minecraftforge.fml.loading.moddiscovery.ModFileParser/LOADING]: Considering mod file candidate /workspaces/MQSX/servidor_minecraft/mods/modernfix-forge-5.21.0+mc1.20.1.jar
[22Jun2025 03:47:13.010] [main/DEBUG] [net.minecraftforge.fml.loading.moddiscovery.ModFileInfo/LOADING]: Found valid mod file modernfix-forge-5.21.0+mc1.20.1.jar with {modernfix} mods - versions {5.21.0+mc1.20.1}
[22Jun2025 03:47:13.016] [main/DEBUG] [net.minecraftforge.fml.loading.moddiscovery.ModFileParser/LOADING]: Considering mod file candidate /workspaces/MQSX/servidor_minecraft/mods/moreslabsstairsandwalls-4.0.0.jar
[22Jun2025 03:47:13.017] [main/DEBUG] [net.minecraftforge.fml.loading.moddiscovery.ModFileInfo/LOADING]: Found valid mod file moreslabsstairsandwalls-4.0.0.jar with {more_slabs_stairs_and_walls} mods - versions {4.0.0}
[22Jun2025 03:47:13.018] [main/DEBUG] [net.minecraftforge.fml.loading.moddiscovery.ModFileParser/LOADING]: Considering mod file candidate /workspaces/MQSX/servidor_minecraft/mods/Not Enough Recipe Book-FORGE-0.4.1+1.20.1.jar
[22Jun2025 03:47:13.019] [main/DEBUG] [net.minecraftforge.fml.loading.moddiscovery.ModFileInfo/LOADING]: Found valid mod file Not Enough Recipe Book-FORGE-0.4.1+1.20.1.jar with {nerb} mods - versions {0.4.1}
[22Jun2025 03:47:13.019] [main/DEBUG] [net.minecraftforge.fml.loading.moddiscovery.ModFileParser/LOADING]: Considering mod file candidate /workspaces/MQSX/servidor_minecraft/mods/oceanic_delight-1.0.3-forge-1.20.1.jar
[22Jun2025 03:47:13.020] [main/DEBUG] [net.minecraftforge.fml.loading.moddiscovery.ModFileInfo/LOADING]: Found valid mod file oceanic_delight-1.0.3-forge-1.20.1.jar with {oceanic_delight} mods - versions {1.0.3}
[22Jun2025 03:47:13.021] [main/DEBUG] [net.minecraftforge.fml.loading.moddiscovery.ModFileParser/LOADING]: Considering mod file candidate /workspaces/MQSX/servidor_minecraft/mods/OctoLib-FORGE-0.5.0.1+1.20.1.jar
[22Jun2025 03:47:13.022] [main/DEBUG] [net.minecraftforge.fml.loading.moddiscovery.ModFileInfo/LOADING]: Found valid mod file OctoLib-FORGE-0.5.0.1+1.20.1.jar with {octolib} mods - versions {0.5.0.1}
[22Jun2025 03:47:13.024] [main/DEBUG] [net.minecraftforge.fml.loading.moddiscovery.ModFileParser/LOADING]: Considering mod file candidate /workspaces/MQSX/servidor_minecraft/mods/ParCool-1.20.1-3.3.1.0.jar
[22Jun2025 03:47:13.025] [main/DEBUG] [net.minecraftforge.fml.loading.moddiscovery.ModFileInfo/LOADING]: Found valid mod file ParCool-1.20.1-3.3.1.0.jar with {parcool} mods - versions {3.3.1.0}
[22Jun2025 03:47:13.026] [main/DEBUG] [net.minecraftforge.fml.loading.moddiscovery.ModFileParser/LOADING]: Considering mod file candidate /workspaces/MQSX/servidor_minecraft/mods/Placebo-1.20.1-8.6.3.jar
[22Jun2025 03:47:13.027] [main/DEBUG] [net.minecraftforge.fml.loading.moddiscovery.ModFileInfo/LOADING]: Found valid mod file Placebo-1.20.1-8.6.3.jar with {placebo} mods - versions {8.6.3}
[22Jun2025 03:47:13.043] [main/DEBUG] [net.minecraftforge.fml.loading.moddiscovery.ModFileParser/LOADING]: Considering mod file candidate /workspaces/MQSX/servidor_minecraft/mods/PuzzlesLib-v8.1.32-1.20.1-Forge.jar
[22Jun2025 03:47:13.045] [main/DEBUG] [net.minecraftforge.fml.loading.moddiscovery.ModFileInfo/LOADING]: Found valid mod file PuzzlesLib-v8.1.32-1.20.1-Forge.jar with {puzzleslib} mods - versions {8.1.32}
[22Jun2025 03:47:13.045] [main/DEBUG] [net.minecraftforge.fml.loading.moddiscovery.ModFileParser/LOADING]: Considering mod file candidate /workspaces/MQSX/servidor_minecraft/mods/RottenFleshToLeather-Forge-1.20.1.jar
[22Jun2025 03:47:13.046] [main/DEBUG] [net.minecraftforge.fml.loading.moddiscovery.ModFileInfo/LOADING]: Found valid mod file RottenFleshToLeather-Forge-1.20.1.jar with {rotten_flesh_to_leather} mods - versions {2.0.0}
[22Jun2025 03:47:13.047] [main/DEBUG] [net.minecraftforge.fml.loading.moddiscovery.ModFileParser/LOADING]: Considering mod file candidate /workspaces/MQSX/servidor_minecraft/mods/rusticdelight-forge-1.20.1-1.4.1.jar
[22Jun2025 03:47:13.048] [main/DEBUG] [net.minecraftforge.fml.loading.moddiscovery.ModFileInfo/LOADING]: Found valid mod file rusticdelight-forge-1.20.1-1.4.1.jar with {rusticdelight} mods - versions {1.4.1}
[22Jun2025 03:47:13.049] [main/DEBUG] [net.minecraftforge.fml.loading.moddiscovery.ModFileParser/LOADING]: Considering mod file candidate /workspaces/MQSX/servidor_minecraft/mods/skinned_lanterns-1.20.1-1.3.5.jar
[22Jun2025 03:47:13.052] [main/DEBUG] [net.minecraftforge.fml.loading.moddiscovery.ModFileInfo/LOADING]: Found valid mod file skinned_lanterns-1.20.1-1.3.5.jar with {skinnedlanterns} mods - versions {1.20.1-1.3.5}
[22Jun2025 03:47:13.053] [main/DEBUG] [net.minecraftforge.fml.loading.moddiscovery.ModFileParser/LOADING]: Considering mod file candidate /workspaces/MQSX/servidor_minecraft/mods/smoothchunk-1.20.1-4.1.jar
[22Jun2025 03:47:13.056] [main/DEBUG] [net.minecraftforge.fml.loading.moddiscovery.ModFileInfo/LOADING]: Found valid mod file smoothchunk-1.20.1-4.1.jar with {smoothchunk} mods - versions {1.20.1-4.1}
[22Jun2025 03:47:13.057] [main/DEBUG] [net.minecraftforge.fml.loading.moddiscovery.ModFileParser/LOADING]: Considering mod file candidate /workspaces/MQSX/servidor_minecraft/mods/sophisticatedbackpacks-1.20.1-3.23.11.1222.jar
[22Jun2025 03:47:13.058] [main/DEBUG] [net.minecraftforge.fml.loading.moddiscovery.ModFileInfo/LOADING]: Found valid mod file sophisticatedbackpacks-1.20.1-3.23.11.1222.jar with {sophisticatedbackpacks} mods - versions {3.23.11.1222}
[22Jun2025 03:47:13.059] [main/DEBUG] [net.minecraftforge.fml.loading.moddiscovery.ModFileParser/LOADING]: Considering mod file candidate /workspaces/MQSX/servidor_minecraft/mods/sophisticatedcore-1.20.1-1.2.42.946.jar
[22Jun2025 03:47:13.059] [main/DEBUG] [net.minecraftforge.fml.loading.moddiscovery.ModFileInfo/LOADING]: Found valid mod file sophisticatedcore-1.20.1-1.2.42.946.jar with {sophisticatedcore} mods - versions {1.2.42.946}
[22Jun2025 03:47:13.060] [main/DEBUG] [net.minecraftforge.fml.loading.moddiscovery.ModFileParser/LOADING]: Considering mod file candidate /workspaces/MQSX/servidor_minecraft/mods/starlight-1.1.2+forge.1cda73c.jar
[22Jun2025 03:47:13.060] [main/DEBUG] [net.minecraftforge.fml.loading.moddiscovery.ModFileInfo/LOADING]: Found valid mod file starlight-1.1.2+forge.1cda73c.jar with {starlight} mods - versions {1.1.2+forge.1cda73c}
[22Jun2025 03:47:13.062] [main/DEBUG] [net.minecraftforge.fml.loading.moddiscovery.ModFileParser/LOADING]: Considering mod file candidate /workspaces/MQSX/servidor_minecraft/mods/StorageDrawers-1.20.1-12.9.13.jar
[22Jun2025 03:47:13.062] [main/DEBUG] [net.minecraftforge.fml.loading.moddiscovery.ModFileInfo/LOADING]: Found valid mod file StorageDrawers-1.20.1-12.9.13.jar with {storagedrawers} mods - versions {12.9.13}
[22Jun2025 03:47:13.063] [main/DEBUG] [net.minecraftforge.fml.loading.moddiscovery.ModFileParser/LOADING]: Considering mod file candidate /workspaces/MQSX/servidor_minecraft/mods/villagernames-1.20.1-8.2.jar
[22Jun2025 03:47:13.063] [main/DEBUG] [net.minecraftforge.fml.loading.moddiscovery.ModFileInfo/LOADING]: Found valid mod file villagernames-1.20.1-8.2.jar with {villagernames} mods - versions {8.2}
[22Jun2025 03:47:13.064] [main/DEBUG] [net.minecraftforge.fml.loading.moddiscovery.ModFileParser/LOADING]: Considering mod file candidate /workspaces/MQSX/servidor_minecraft/mods/YungsApi-1.20-Forge-4.0.6.jar
[22Jun2025 03:47:13.065] [main/DEBUG] [net.minecraftforge.fml.loading.moddiscovery.ModFileInfo/LOADING]: Found valid mod file YungsApi-1.20-Forge-4.0.6.jar with {yungsapi} mods - versions {1.20-Forge-4.0.6}
[22Jun2025 03:47:13.065] [main/DEBUG] [net.minecraftforge.fml.loading.moddiscovery.ModFileParser/LOADING]: Considering mod file candidate /workspaces/MQSX/servidor_minecraft/mods/YungsBetterEndIsland-1.20-Forge-2.0.6.jar
[22Jun2025 03:47:13.066] [main/DEBUG] [net.minecraftforge.fml.loading.moddiscovery.ModFileInfo/LOADING]: Found valid mod file YungsBetterEndIsland-1.20-Forge-2.0.6.jar with {betterendisland} mods - versions {1.20-Forge-2.0.6}
[22Jun2025 03:47:13.066] [main/DEBUG] [net.minecraftforge.fml.loading.moddiscovery.ModFileParser/LOADING]: Considering mod file candidate /workspaces/MQSX/servidor_minecraft/mods/YungsBetterJungleTemples-1.20-Forge-2.0.5.jar
[22Jun2025 03:47:13.067] [main/DEBUG] [net.minecraftforge.fml.loading.moddiscovery.ModFileInfo/LOADING]: Found valid mod file YungsBetterJungleTemples-1.20-Forge-2.0.5.jar with {betterjungletemples} mods - versions {1.20-Forge-2.0.5}
[22Jun2025 03:47:13.071] [main/DEBUG] [net.minecraftforge.fml.loading.moddiscovery.ModFileParser/LOADING]: Considering mod file candidate /workspaces/MQSX/servidor_minecraft/mods/YungsBetterNetherFortresses-1.20-Forge-2.0.6.jar
[22Jun2025 03:47:13.072] [main/DEBUG] [net.minecraftforge.fml.loading.moddiscovery.ModFileInfo/LOADING]: Found valid mod file YungsBetterNetherFortresses-1.20-Forge-2.0.6.jar with {betterfortresses} mods - versions {1.20-Forge-2.0.6}
[22Jun2025 03:47:13.073] [main/DEBUG] [net.minecraftforge.fml.loading.moddiscovery.ModFileParser/LOADING]: Considering mod file candidate /workspaces/MQSX/servidor_minecraft/mods/YungsBetterStrongholds-1.20-Forge-4.0.3.jar
[22Jun2025 03:47:13.074] [main/DEBUG] [net.minecraftforge.fml.loading.moddiscovery.ModFileInfo/LOADING]: Found valid mod file YungsBetterStrongholds-1.20-Forge-4.0.3.jar with {betterstrongholds} mods - versions {1.20-Forge-4.0.3}
[22Jun2025 03:47:13.616] [main/DEBUG] [net.minecraftforge.fml.loading.moddiscovery.ModFileInfo/LOADING]: Found valid mod file server-1.20.1-20230612.114412-srg.jar with {minecraft} mods - versions {1.20.1}
[22Jun2025 03:47:13.623] [main/DEBUG] [net.minecraftforge.fml.loading.moddiscovery.ModFileParser/LOADING]: Considering mod file candidate /workspaces/MQSX/servidor_minecraft/libraries/net/minecraftforge/fmlcore/1.20.1-47.3.7/fmlcore-1.20.1-47.3.7.jar
[22Jun2025 03:47:13.623] [main/WARN] [net.minecraftforge.fml.loading.moddiscovery.ModFileParser/LOADING]: Mod file /workspaces/MQSX/servidor_minecraft/libraries/net/minecraftforge/fmlcore/1.20.1-47.3.7/fmlcore-1.20.1-47.3.7.jar is missing mods.toml file
[22Jun2025 03:47:13.630] [main/DEBUG] [net.minecraftforge.fml.loading.moddiscovery.ModFileParser/LOADING]: Considering mod file candidate /workspaces/MQSX/servidor_minecraft/libraries/net/minecraftforge/javafmllanguage/1.20.1-47.3.7/javafmllanguage-1.20.1-47.3.7.jar
[22Jun2025 03:47:13.630] [main/WARN] [net.minecraftforge.fml.loading.moddiscovery.ModFileParser/LOADING]: Mod file /workspaces/MQSX/servidor_minecraft/libraries/net/minecraftforge/javafmllanguage/1.20.1-47.3.7/javafmllanguage-1.20.1-47.3.7.jar is missing mods.toml file
[22Jun2025 03:47:13.631] [main/DEBUG] [net.minecraftforge.fml.loading.moddiscovery.ModFileParser/LOADING]: Considering mod file candidate /workspaces/MQSX/servidor_minecraft/libraries/net/minecraftforge/lowcodelanguage/1.20.1-47.3.7/lowcodelanguage-1.20.1-47.3.7.jar
[22Jun2025 03:47:13.631] [main/WARN] [net.minecraftforge.fml.loading.moddiscovery.ModFileParser/LOADING]: Mod file /workspaces/MQSX/servidor_minecraft/libraries/net/minecraftforge/lowcodelanguage/1.20.1-47.3.7/lowcodelanguage-1.20.1-47.3.7.jar is missing mods.toml file
[22Jun2025 03:47:13.632] [main/DEBUG] [net.minecraftforge.fml.loading.moddiscovery.ModFileParser/LOADING]: Considering mod file candidate /workspaces/MQSX/servidor_minecraft/libraries/net/minecraftforge/mclanguage/1.20.1-47.3.7/mclanguage-1.20.1-47.3.7.jar
[22Jun2025 03:47:13.633] [main/WARN] [net.minecraftforge.fml.loading.moddiscovery.ModFileParser/LOADING]: Mod file /workspaces/MQSX/servidor_minecraft/libraries/net/minecraftforge/mclanguage/1.20.1-47.3.7/mclanguage-1.20.1-47.3.7.jar is missing mods.toml file
[22Jun2025 03:47:13.903] [main/DEBUG] [net.minecraftforge.fml.loading.moddiscovery.ModFileParser/LOADING]: Considering mod file candidate /workspaces/MQSX/servidor_minecraft/libraries/net/minecraftforge/forge/1.20.1-47.3.7/forge-1.20.1-47.3.7-universal.jar
[22Jun2025 03:47:13.911] [main/DEBUG] [net.minecraftforge.fml.loading.moddiscovery.ModFileInfo/LOADING]: Found valid mod file forge-1.20.1-47.3.7-universal.jar with {forge} mods - versions {47.3.7}
[22Jun2025 03:47:13.951] [main/DEBUG] [net.minecraftforge.fml.loading.moddiscovery.AbstractJarFileDependencyLocator/]: Failed to load resource META-INF/jarjar/metadata.json from limitedchunks-1.20.1-4.1.jar, it does not contain dependency information.
[22Jun2025 03:47:13.952] [main/DEBUG] [net.minecraftforge.fml.loading.moddiscovery.AbstractJarFileDependencyLocator/]: Failed to load resource META-INF/jarjar/metadata.json from gateways_to_eternity_mg-1.1.0.jar, it does not contain dependency information.
[22Jun2025 03:47:13.952] [main/DEBUG] [net.minecraftforge.fml.loading.moddiscovery.AbstractJarFileDependencyLocator/]: Failed to load resource META-INF/jarjar/metadata.json from RottenFleshToLeather-Forge-1.20.1.jar, it does not contain dependency information.
[22Jun2025 03:47:13.953] [main/DEBUG] [net.minecraftforge.fml.loading.moddiscovery.AbstractJarFileDependencyLocator/]: Failed to load resource META-INF/jarjar/metadata.json from jei-1.20.1-forge-15.20.0.106.jar, it does not contain dependency information.
[22Jun2025 03:47:13.953] [main/DEBUG] [net.minecraftforge.fml.loading.moddiscovery.AbstractJarFileDependencyLocator/]: Failed to load resource META-INF/jarjar/metadata.json from Not Enough Recipe Book-FORGE-0.4.1+1.20.1.jar, it does not contain dependency information.
[22Jun2025 03:47:13.953] [main/DEBUG] [net.minecraftforge.fml.loading.moddiscovery.AbstractJarFileDependencyLocator/]: Failed to load resource META-INF/jarjar/metadata.json from connectivity-1.20.1-7.1.jar, it does not contain dependency information.
[22Jun2025 03:47:13.953] [main/DEBUG] [net.minecraftforge.fml.loading.moddiscovery.AbstractJarFileDependencyLocator/]: Failed to load resource META-INF/jarjar/metadata.json from caelus-forge-3.2.0+1.20.1.jar, it does not contain dependency information.
[22Jun2025 03:47:13.954] [main/DEBUG] [net.minecraftforge.fml.loading.moddiscovery.AbstractJarFileDependencyLocator/]: Failed to load resource META-INF/jarjar/metadata.json from l2weaponry-2.5.0.jar, it does not contain dependency information.
[22Jun2025 03:47:13.954] [main/DEBUG] [net.minecraftforge.fml.loading.moddiscovery.AbstractJarFileDependencyLocator/]: Failed to load resource META-INF/jarjar/metadata.json from sophisticatedcore-1.20.1-1.2.42.946.jar, it does not contain dependency information.
[22Jun2025 03:47:13.954] [main/DEBUG] [net.minecraftforge.fml.loading.moddiscovery.AbstractJarFileDependencyLocator/]: Failed to load resource META-INF/jarjar/metadata.json from villagernames-1.20.1-8.2.jar, it does not contain dependency information.
[22Jun2025 03:47:13.954] [main/DEBUG] [net.minecraftforge.fml.loading.moddiscovery.AbstractJarFileDependencyLocator/]: Failed to load resource META-INF/jarjar/metadata.json from mcw-paintings-1.0.5-1.20.1forge.jar, it does not contain dependency information.
[22Jun2025 03:47:13.955] [main/DEBUG] [net.minecraftforge.fml.loading.moddiscovery.AbstractJarFileDependencyLocator/]: Failed to load resource META-INF/jarjar/metadata.json from FastSuite-1.20.1-5.1.0.jar, it does not contain dependency information.
[22Jun2025 03:47:13.955] [main/DEBUG] [net.minecraftforge.fml.loading.moddiscovery.AbstractJarFileDependencyLocator/]: Failed to load resource META-INF/jarjar/metadata.json from journeymap-1.20.1-5.10.3-forge.jar, it does not contain dependency information.
[22Jun2025 03:47:13.955] [main/DEBUG] [net.minecraftforge.fml.loading.moddiscovery.AbstractJarFileDependencyLocator/]: Failed to load resource META-INF/jarjar/metadata.json from fsmm-3.0.9.jar, it does not contain dependency information.
[22Jun2025 03:47:13.955] [main/DEBUG] [net.minecraftforge.fml.loading.moddiscovery.AbstractJarFileDependencyLocator/]: Failed to load resource META-INF/jarjar/metadata.json from fastasyncworldsave-1.20.1-2.4.jar, it does not contain dependency information.
[22Jun2025 03:47:13.956] [main/DEBUG] [net.minecraftforge.fml.loading.moddiscovery.AbstractJarFileDependencyLocator/]: Failed to load resource META-INF/jarjar/metadata.json from Placebo-1.20.1-8.6.3.jar, it does not contain dependency information.
[22Jun2025 03:47:13.956] [main/DEBUG] [net.minecraftforge.fml.loading.moddiscovery.AbstractJarFileDependencyLocator/]: Failed to load resource META-INF/jarjar/metadata.json from YungsApi-1.20-Forge-4.0.6.jar, it does not contain dependency information.
[22Jun2025 03:47:13.956] [main/DEBUG] [net.minecraftforge.fml.loading.moddiscovery.AbstractJarFileDependencyLocator/]: Failed to load resource META-INF/jarjar/metadata.json from sophisticatedbackpacks-1.20.1-3.23.11.1222.jar, it does not contain dependency information.
[22Jun2025 03:47:13.956] [main/DEBUG] [net.minecraftforge.fml.loading.moddiscovery.AbstractJarFileDependencyLocator/]: Failed to load resource META-INF/jarjar/metadata.json from starlight-1.1.2+forge.1cda73c.jar, it does not contain dependency information.
[22Jun2025 03:47:13.957] [main/DEBUG] [net.minecraftforge.fml.loading.moddiscovery.AbstractJarFileDependencyLocator/]: Failed to load resource META-INF/jarjar/metadata.json from oceanic_delight-1.0.3-forge-1.20.1.jar, it does not contain dependency information.
[22Jun2025 03:47:13.959] [main/DEBUG] [net.minecraftforge.fml.loading.moddiscovery.AbstractJarFileDependencyLocator/]: Failed to load resource META-INF/jarjar/metadata.json from memoryleakfix-forge-1.17+-1.1.5.jar, it does not contain dependency information.
[22Jun2025 03:47:13.959] [main/DEBUG] [net.minecraftforge.fml.loading.moddiscovery.AbstractJarFileDependencyLocator/]: Failed to load resource META-INF/jarjar/metadata.json from YungsBetterNetherFortresses-1.20-Forge-2.0.6.jar, it does not contain dependency information.
[22Jun2025 03:47:13.959] [main/DEBUG] [net.minecraftforge.fml.loading.moddiscovery.AbstractJarFileDependencyLocator/]: Failed to load resource META-INF/jarjar/metadata.json from cloth-config-11.1.136-forge.jar, it does not contain dependency information.
[22Jun2025 03:47:13.960] [main/DEBUG] [net.minecraftforge.fml.loading.moddiscovery.AbstractJarFileDependencyLocator/]: Failed to load resource META-INF/jarjar/metadata.json from forge-1.20.1-47.3.7-universal.jar, it does not contain dependency information.
[22Jun2025 03:47:13.960] [main/DEBUG] [net.minecraftforge.fml.loading.moddiscovery.AbstractJarFileDependencyLocator/]: Failed to load resource META-INF/jarjar/metadata.json from moreslabsstairsandwalls-4.0.0.jar, it does not contain dependency information.
[22Jun2025 03:47:13.960] [main/DEBUG] [net.minecraftforge.fml.loading.moddiscovery.AbstractJarFileDependencyLocator/]: Failed to load resource META-INF/jarjar/metadata.json from enemyexpansion-2.3.1-forge-1.20.1.jar, it does not contain dependency information.
[22Jun2025 03:47:13.962] [main/DEBUG] [net.minecraftforge.fml.loading.moddiscovery.AbstractJarFileDependencyLocator/]: Failed to load resource META-INF/jarjar/metadata.json from server-1.20.1-20230612.114412-srg.jar, it does not contain dependency information.
[22Jun2025 03:47:13.963] [main/DEBUG] [net.minecraftforge.fml.loading.moddiscovery.AbstractJarFileDependencyLocator/]: Failed to load resource META-INF/jarjar/metadata.json from smoothchunk-1.20.1-4.1.jar, it does not contain dependency information.
[22Jun2025 03:47:13.964] [main/DEBUG] [net.minecraftforge.fml.loading.moddiscovery.AbstractJarFileDependencyLocator/]: Failed to load resource META-INF/jarjar/metadata.json from FarmersDelight-1.20.1-1.2.7.jar, it does not contain dependency information.
[22Jun2025 03:47:13.965] [main/DEBUG] [net.minecraftforge.fml.loading.moddiscovery.AbstractJarFileDependencyLocator/]: Failed to load resource META-INF/jarjar/metadata.json from skinned_lanterns-1.20.1-1.3.5.jar, it does not contain dependency information.
[22Jun2025 03:47:13.966] [main/DEBUG] [net.minecraftforge.fml.loading.moddiscovery.AbstractJarFileDependencyLocator/]: Failed to load resource META-INF/jarjar/metadata.json from fcl-20.24.jar, it does not contain dependency information.
[22Jun2025 03:47:13.967] [main/DEBUG] [net.minecraftforge.fml.loading.moddiscovery.AbstractJarFileDependencyLocator/]: Failed to load resource META-INF/jarjar/metadata.json from Ksyxis-1.3.3.jar, it does not contain dependency information.
[22Jun2025 03:47:13.969] [main/DEBUG] [net.minecraftforge.fml.loading.moddiscovery.AbstractJarFileDependencyLocator/]: Failed to load resource META-INF/jarjar/metadata.json from collective-1.20.1-8.1.jar, it does not contain dependency information.
[22Jun2025 03:47:13.970] [main/DEBUG] [net.minecraftforge.fml.loading.moddiscovery.AbstractJarFileDependencyLocator/]: Failed to load resource META-INF/jarjar/metadata.json from advancednetherite-forge-2.1.3-1.20.1.jar, it does not contain dependency information.
[22Jun2025 03:47:13.970] [main/DEBUG] [net.minecraftforge.fml.loading.moddiscovery.AbstractJarFileDependencyLocator/]: Failed to load resource META-INF/jarjar/metadata.json from StorageDrawers-1.20.1-12.9.13.jar, it does not contain dependency information.
[22Jun2025 03:47:13.971] [main/DEBUG] [net.minecraftforge.fml.loading.moddiscovery.AbstractJarFileDependencyLocator/]: Failed to load resource META-INF/jarjar/metadata.json from ParCool-1.20.1-3.3.1.0.jar, it does not contain dependency information.
[22Jun2025 03:47:13.971] [main/DEBUG] [net.minecraftforge.fml.loading.moddiscovery.AbstractJarFileDependencyLocator/]: Failed to load resource META-INF/jarjar/metadata.json from dungeons-and-taverns-3.0.3.f.jar, it does not contain dependency information.
[22Jun2025 03:47:13.972] [main/DEBUG] [net.minecraftforge.fml.loading.moddiscovery.AbstractJarFileDependencyLocator/]: Failed to load resource META-INF/jarjar/metadata.json from YungsBetterStrongholds-1.20-Forge-4.0.3.jar, it does not contain dependency information.
[22Jun2025 03:47:13.972] [main/DEBUG] [net.minecraftforge.fml.loading.moddiscovery.AbstractJarFileDependencyLocator/]: Failed to load resource META-INF/jarjar/metadata.json from rusticdelight-forge-1.20.1-1.4.1.jar, it does not contain dependency information.
[22Jun2025 03:47:13.972] [main/DEBUG] [net.minecraftforge.fml.loading.moddiscovery.AbstractJarFileDependencyLocator/]: Failed to load resource META-INF/jarjar/metadata.json from architectury-9.2.14-forge.jar, it does not contain dependency information.
[22Jun2025 03:47:13.972] [main/DEBUG] [net.minecraftforge.fml.loading.moddiscovery.AbstractJarFileDependencyLocator/]: Failed to load resource META-INF/jarjar/metadata.json from ferritecore-6.0.1-forge.jar, it does not contain dependency information.
[22Jun2025 03:47:13.973] [main/DEBUG] [net.minecraftforge.fml.loading.moddiscovery.AbstractJarFileDependencyLocator/]: Failed to load resource META-INF/jarjar/metadata.json from cupboard-1.20.1-2.7.jar, it does not contain dependency information.
[22Jun2025 03:47:13.973] [main/DEBUG] [net.minecraftforge.fml.loading.moddiscovery.AbstractJarFileDependencyLocator/]: Failed to load resource META-INF/jarjar/metadata.json from YungsBetterEndIsland-1.20-Forge-2.0.6.jar, it does not contain dependency information.
[22Jun2025 03:47:13.973] [main/DEBUG] [net.minecraftforge.fml.loading.moddiscovery.AbstractJarFileDependencyLocator/]: Failed to load resource META-INF/jarjar/metadata.json from FallingTree-1.20.1-4.3.4.jar, it does not contain dependency information.
[22Jun2025 03:47:13.977] [main/DEBUG] [net.minecraftforge.fml.loading.moddiscovery.AbstractJarFileDependencyLocator/]: Failed to load resource META-INF/jarjar/metadata.json from fsmmshop-2.0.3.jar, it does not contain dependency information.
[22Jun2025 03:47:13.977] [main/DEBUG] [net.minecraftforge.fml.loading.moddiscovery.AbstractJarFileDependencyLocator/]: Failed to load resource META-INF/jarjar/metadata.json from healingcampfire-1.20.1-6.2.jar, it does not contain dependency information.
[22Jun2025 03:47:13.978] [main/DEBUG] [net.minecraftforge.fml.loading.moddiscovery.AbstractJarFileDependencyLocator/]: Failed to load resource META-INF/jarjar/metadata.json from YungsBetterJungleTemples-1.20-Forge-2.0.5.jar, it does not contain dependency information.
[22Jun2025 03:47:13.980] [main/DEBUG] [net.minecraftforge.fml.loading.moddiscovery.AbstractJarFileDependencyLocator/]: Failed to load resource META-INF/jarjar/metadata.json from mclanguage-1.20.1-47.3.7.jar, it does not contain dependency information.
[22Jun2025 03:47:13.981] [main/DEBUG] [net.minecraftforge.fml.loading.moddiscovery.AbstractJarFileDependencyLocator/]: Failed to load resource META-INF/jarjar/metadata.json from javafmllanguage-1.20.1-47.3.7.jar, it does not contain dependency information.
[22Jun2025 03:47:13.981] [main/DEBUG] [net.minecraftforge.fml.loading.moddiscovery.AbstractJarFileDependencyLocator/]: Failed to load resource META-INF/jarjar/metadata.json from fmlcore-1.20.1-47.3.7.jar, it does not contain dependency information.
[22Jun2025 03:47:13.983] [main/DEBUG] [net.minecraftforge.fml.loading.moddiscovery.AbstractJarFileDependencyLocator/]: Failed to load resource META-INF/jarjar/metadata.json from lowcodelanguage-1.20.1-47.3.7.jar, it does not contain dependency information.
[22Jun2025 03:47:14.123] [main/DEBUG] [net.minecraftforge.fml.loading.moddiscovery.ModFileParser/LOADING]: Considering mod file candidate 
[22Jun2025 03:47:14.124] [main/DEBUG] [net.minecraftforge.fml.loading.moddiscovery.ModFileInfo/LOADING]: Found valid mod file mixinextras-forge-0.2.0-beta.8.jar with {mixinextras} mods - versions {0.2.0-beta.8}
[22Jun2025 03:47:14.167] [main/DEBUG] [net.minecraftforge.fml.loading.moddiscovery.ModFileParser/LOADING]: Considering mod file candidate 
[22Jun2025 03:47:14.169] [main/DEBUG] [net.minecraftforge.fml.loading.moddiscovery.ModFileInfo/LOADING]: Found valid mod file l2tabs-0.3.3.jar with {l2tabs} mods - versions {0.3.3}
[22Jun2025 03:47:14.175] [main/DEBUG] [net.minecraftforge.fml.loading.moddiscovery.ModFileParser/LOADING]: Considering mod file candidate 
[22Jun2025 03:47:14.181] [main/DEBUG] [net.minecraftforge.fml.loading.moddiscovery.ModFileInfo/LOADING]: Found valid mod file l2screentracker-0.1.4.jar with {l2screentracker} mods - versions {0.1.4}
[22Jun2025 03:47:14.187] [main/DEBUG] [net.minecraftforge.fml.loading.moddiscovery.ModFileParser/LOADING]: Considering mod file candidate 
[22Jun2025 03:47:14.189] [main/DEBUG] [net.minecraftforge.fml.loading.moddiscovery.ModFileInfo/LOADING]: Found valid mod file l2itemselector-0.1.9.jar with {l2itemselector} mods - versions {0.1.9}
[22Jun2025 03:47:14.223] [main/DEBUG] [net.minecraftforge.fml.loading.moddiscovery.ModFileParser/LOADING]: Considering mod file candidate 
[22Jun2025 03:47:14.226] [main/DEBUG] [net.minecraftforge.fml.loading.moddiscovery.ModFileInfo/LOADING]: Found valid mod file mixinextras-forge-0.4.1.jar with {mixinextras} mods - versions {0.4.1}
[22Jun2025 03:47:14.234] [main/DEBUG] [net.minecraftforge.fml.loading.moddiscovery.ModFileParser/LOADING]: Considering mod file candidate 
[22Jun2025 03:47:14.235] [main/DEBUG] [net.minecraftforge.fml.loading.moddiscovery.ModFileInfo/LOADING]: Found valid mod file spectrelib-forge-0.13.14+1.20.1.jar with {spectrelib} mods - versions {0.13.14+1.20.1}
[22Jun2025 03:47:14.239] [main/DEBUG] [net.minecraftforge.fml.loading.moddiscovery.ModFileParser/LOADING]: Considering mod file candidate 
[22Jun2025 03:47:14.241] [main/DEBUG] [net.minecraftforge.fml.loading.moddiscovery.ModFileInfo/LOADING]: Found valid mod file puzzlesaccessapi-forge-20.1.1.jar with {puzzlesaccessapi} mods - versions {20.1.1}
[22Jun2025 03:47:14.245] [main/DEBUG] [net.minecraftforge.fml.loading.moddiscovery.ModFileParser/LOADING]: Considering mod file candidate 
[22Jun2025 03:47:14.249] [main/DEBUG] [net.minecraftforge.fml.loading.moddiscovery.ModFileInfo/LOADING]: Found valid mod file mixinextras-forge-0.4.1.jar with {mixinextras} mods - versions {0.4.1}
[22Jun2025 03:47:14.260] [main/DEBUG] [net.minecraftforge.fml.loading.moddiscovery.ModFileParser/LOADING]: Considering mod file candidate 
[22Jun2025 03:47:14.264] [main/DEBUG] [net.minecraftforge.fml.loading.moddiscovery.ModFileInfo/LOADING]: Found valid mod file l2damagetracker-0.4.0.jar with {l2damagetracker} mods - versions {0.4.0}
[22Jun2025 03:47:14.278] [main/DEBUG] [net.minecraftforge.fml.loading.moddiscovery.AbstractJarFileDependencyLocator/]: Failed to load resource META-INF/jarjar/metadata.json from Registrate-MC1.20-1.3.11.jar, it does not contain dependency information.
[22Jun2025 03:47:14.279] [main/DEBUG] [net.minecraftforge.fml.loading.moddiscovery.AbstractJarFileDependencyLocator/]: Failed to load resource META-INF/jarjar/metadata.json from l2serial-1.2.2.jar, it does not contain dependency information.
[22Jun2025 03:47:14.279] [main/DEBUG] [net.minecraftforge.fml.loading.moddiscovery.AbstractJarFileDependencyLocator/]: Failed to load resource META-INF/jarjar/metadata.json from l2tabs-0.3.3.jar, it does not contain dependency information.
[22Jun2025 03:47:14.279] [main/DEBUG] [net.minecraftforge.fml.loading.moddiscovery.AbstractJarFileDependencyLocator/]: Failed to load resource META-INF/jarjar/metadata.json from l2screentracker-0.1.4.jar, it does not contain dependency information.
[22Jun2025 03:47:14.279] [main/DEBUG] [net.minecraftforge.fml.loading.moddiscovery.AbstractJarFileDependencyLocator/]: Failed to load resource META-INF/jarjar/metadata.json from l2modularblock-1.1.0.jar, it does not contain dependency information.
[22Jun2025 03:47:14.279] [main/DEBUG] [net.minecraftforge.fml.loading.moddiscovery.AbstractJarFileDependencyLocator/]: Failed to load resource META-INF/jarjar/metadata.json from l2itemselector-0.1.9.jar, it does not contain dependency information.
[22Jun2025 03:47:14.280] [main/DEBUG] [net.minecraftforge.fml.loading.moddiscovery.AbstractJarFileDependencyLocator/]: Failed to load resource META-INF/jarjar/metadata.json from snakeyaml-2.2.jar, it does not contain dependency information.
[22Jun2025 03:47:14.280] [main/DEBUG] [net.minecraftforge.fml.loading.moddiscovery.AbstractJarFileDependencyLocator/]: Failed to load resource META-INF/jarjar/metadata.json from mclib-20.jar, it does not contain dependency information.
[22Jun2025 03:47:14.299] [main/DEBUG] [net.minecraftforge.fml.loading.moddiscovery.AbstractJarFileDependencyLocator/]: Failed to load resource META-INF/jarjar/metadata.json from spectrelib-forge-0.13.14+1.20.1.jar, it does not contain dependency information.
[22Jun2025 03:47:14.300] [main/DEBUG] [net.minecraftforge.fml.loading.moddiscovery.AbstractJarFileDependencyLocator/]: Failed to load resource META-INF/jarjar/metadata.json from puzzlesaccessapi-forge-20.1.1.jar, it does not contain dependency information.
[22Jun2025 03:47:14.315] [main/DEBUG] [net.minecraftforge.fml.loading.moddiscovery.AbstractJarFileDependencyLocator/]: Failed to load resource META-INF/jarjar/metadata.json from l2damagetracker-0.4.0.jar, it does not contain dependency information.
[22Jun2025 03:47:14.315] [main/DEBUG] [net.minecraftforge.fml.loading.moddiscovery.AbstractJarFileDependencyLocator/]: Failed to load resource META-INF/jarjar/metadata.json from MixinExtras-0.2.0-beta.8.jar, it does not contain dependency information.
[22Jun2025 03:47:14.315] [main/DEBUG] [net.minecraftforge.fml.loading.moddiscovery.AbstractJarFileDependencyLocator/]: Failed to load resource META-INF/jarjar/metadata.json from MixinExtras-0.4.1.jar, it does not contain dependency information.
[22Jun2025 03:47:14.315] [main/DEBUG] [net.minecraftforge.fml.loading.moddiscovery.AbstractJarFileDependencyLocator/]: Failed to load resource META-INF/jarjar/metadata.json from MixinExtras-0.4.1.jar, it does not contain dependency information.
[22Jun2025 03:47:14.380] [main/DEBUG] [net.minecraftforge.fml.loading.moddiscovery.ModFileParser/LOADING]: Considering mod file candidate 
[22Jun2025 03:47:14.381] [main/DEBUG] [net.minecraftforge.fml.loading.moddiscovery.ModFileInfo/LOADING]: Found valid mod file puzzlesaccessapi-forge-20.1.1.jar with {puzzlesaccessapi} mods - versions {20.1.1}
[22Jun2025 03:47:14.389] [main/DEBUG] [net.minecraftforge.fml.loading.moddiscovery.ModFileParser/LOADING]: Considering mod file candidate 
[22Jun2025 03:47:14.391] [main/DEBUG] [net.minecraftforge.fml.loading.moddiscovery.ModFileInfo/LOADING]: Found valid mod file spectrelib-forge-0.13.14+1.20.1.jar with {spectrelib} mods - versions {0.13.14+1.20.1}
[22Jun2025 03:47:14.393] [main/DEBUG] [net.minecraftforge.fml.loading.moddiscovery.ModFileParser/LOADING]: Considering mod file candidate 
[22Jun2025 03:47:14.394] [main/DEBUG] [net.minecraftforge.fml.loading.moddiscovery.ModFileInfo/LOADING]: Found valid mod file mixinextras-forge-0.4.1.jar with {mixinextras} mods - versions {0.4.1}
[22Jun2025 03:47:14.403] [main/DEBUG] [net.minecraftforge.fml.loading.moddiscovery.ModFileParser/LOADING]: Considering mod file candidate 
[22Jun2025 03:47:14.404] [main/DEBUG] [net.minecraftforge.fml.loading.moddiscovery.ModFileInfo/LOADING]: Found valid mod file l2itemselector-0.1.9.jar with {l2itemselector} mods - versions {0.1.9}
[22Jun2025 03:47:14.418] [main/DEBUG] [net.minecraftforge.fml.loading.moddiscovery.ModFileParser/LOADING]: Considering mod file candidate 
[22Jun2025 03:47:14.419] [main/DEBUG] [net.minecraftforge.fml.loading.moddiscovery.ModFileInfo/LOADING]: Found valid mod file l2damagetracker-0.4.0.jar with {l2damagetracker} mods - versions {0.4.0}
[22Jun2025 03:47:14.427] [main/DEBUG] [net.minecraftforge.fml.loading.moddiscovery.ModFileParser/LOADING]: Considering mod file candidate 
[22Jun2025 03:47:14.428] [main/DEBUG] [net.minecraftforge.fml.loading.moddiscovery.ModFileInfo/LOADING]: Found valid mod file l2screentracker-0.1.4.jar with {l2screentracker} mods - versions {0.1.4}
[22Jun2025 03:47:14.445] [main/DEBUG] [net.minecraftforge.fml.loading.moddiscovery.ModFileParser/LOADING]: Considering mod file candidate 
[22Jun2025 03:47:14.448] [main/DEBUG] [net.minecraftforge.fml.loading.moddiscovery.ModFileInfo/LOADING]: Found valid mod file l2tabs-0.3.3.jar with {l2tabs} mods - versions {0.3.3}
[22Jun2025 03:47:14.450] [main/DEBUG] [net.minecraftforge.fml.loading.moddiscovery.ModFileParser/LOADING]: Considering mod file candidate 
[22Jun2025 03:47:14.451] [main/DEBUG] [net.minecraftforge.fml.loading.moddiscovery.ModFileInfo/LOADING]: Found valid mod file mixinextras-forge-0.2.0-beta.8.jar with {mixinextras} mods - versions {0.2.0-beta.8}
[22Jun2025 03:47:14.488] [main/WARN] [net.minecraftforge.jarjar.selection.JarSelector/]: Attempted to select two dependency jars from JarJar which have the same identification: Mod File:  and Mod File: . Using Mod File: 
[22Jun2025 03:47:14.494] [main/INFO] [net.minecraftforge.fml.loading.moddiscovery.JarInJarDependencyLocator/]: Found 13 dependencies adding them to mods collection
[22Jun2025 03:47:14.510] [main/DEBUG] [net.minecraftforge.fml.loading.moddiscovery.ModFileParser/LOADING]: Considering mod file candidate 
[22Jun2025 03:47:14.512] [main/DEBUG] [net.minecraftforge.fml.loading.moddiscovery.ModFileInfo/LOADING]: Found valid mod file l2tabs-0.3.3.jar with {l2tabs} mods - versions {0.3.3}
[22Jun2025 03:47:14.519] [main/DEBUG] [net.minecraftforge.fml.loading.moddiscovery.ModFile/LOADING]: Loading mod file  with languages [LanguageSpec[languageName=javafml, acceptedVersions=[46,)]]
[22Jun2025 03:47:14.521] [main/DEBUG] [net.minecraftforge.fml.loading.moddiscovery.ModFileParser/LOADING]: Considering mod file candidate /workspaces/MQSX/servidor_minecraft/mods/geckolib-forge-1.20.1-4.7.1.2.jar
[22Jun2025 03:47:14.521] [main/DEBUG] [net.minecraftforge.fml.loading.moddiscovery.ModFileInfo/LOADING]: Found valid mod file geckolib-forge-1.20.1-4.7.1.2.jar with {geckolib} mods - versions {4.7.1.2}
[22Jun2025 03:47:14.522] [main/DEBUG] [net.minecraftforge.fml.loading.moddiscovery.ModFile/LOADING]: Loading mod file /workspaces/MQSX/servidor_minecraft/mods/geckolib-forge-1.20.1-4.7.1.2.jar with languages [LanguageSpec[languageName=javafml, acceptedVersions=[47,)]]
[22Jun2025 03:47:14.523] [main/DEBUG] [net.minecraftforge.fml.loading.moddiscovery.ModFileParser/LOADING]: Considering mod file candidate /workspaces/MQSX/servidor_minecraft/mods/gateways_to_eternity_mg-1.1.0.jar
[22Jun2025 03:47:14.524] [main/DEBUG] [net.minecraftforge.fml.loading.moddiscovery.ModFileInfo/LOADING]: Found valid mod file gateways_to_eternity_mg-1.1.0.jar with {moregateways} mods - versions {1.1.0}
[22Jun2025 03:47:14.525] [main/DEBUG] [net.minecraftforge.fml.loading.moddiscovery.ModFile/LOADING]: Loading mod file /workspaces/MQSX/servidor_minecraft/mods/gateways_to_eternity_mg-1.1.0.jar with languages [LanguageSpec[languageName=lowcodefml, acceptedVersions=[47,)]]
[22Jun2025 03:47:14.526] [main/DEBUG] [net.minecraftforge.fml.loading.moddiscovery.ModFileParser/LOADING]: Considering mod file candidate /workspaces/MQSX/servidor_minecraft/mods/limitedchunks-1.20.1-4.1.jar
[22Jun2025 03:47:14.528] [main/DEBUG] [net.minecraftforge.fml.loading.moddiscovery.ModFileInfo/LOADING]: Found valid mod file limitedchunks-1.20.1-4.1.jar with {limitedchunks} mods - versions {1.8}
[22Jun2025 03:47:14.529] [main/DEBUG] [net.minecraftforge.fml.loading.moddiscovery.ModFile/LOADING]: Loading mod file /workspaces/MQSX/servidor_minecraft/mods/limitedchunks-1.20.1-4.1.jar with languages [LanguageSpec[languageName=javafml, acceptedVersions=[28,)]]
[22Jun2025 03:47:14.530] [main/DEBUG] [net.minecraftforge.fml.loading.moddiscovery.ModFileParser/LOADING]: Considering mod file candidate /workspaces/MQSX/servidor_minecraft/mods/OctoLib-FORGE-0.5.0.1+1.20.1.jar
[22Jun2025 03:47:14.532] [main/DEBUG] [net.minecraftforge.fml.loading.moddiscovery.ModFileInfo/LOADING]: Found valid mod file OctoLib-FORGE-0.5.0.1+1.20.1.jar with {octolib} mods - versions {0.5.0.1}
[22Jun2025 03:47:14.532] [main/DEBUG] [net.minecraftforge.fml.loading.moddiscovery.ModFile/LOADING]: Loading mod file /workspaces/MQSX/servidor_minecraft/mods/OctoLib-FORGE-0.5.0.1+1.20.1.jar with languages [LanguageSpec[languageName=javafml, acceptedVersions=[47,)]]
[22Jun2025 03:47:14.532] [main/DEBUG] [net.minecraftforge.fml.loading.moddiscovery.ModFileParser/LOADING]: Considering mod file candidate /workspaces/MQSX/servidor_minecraft/mods/RottenFleshToLeather-Forge-1.20.1.jar
[22Jun2025 03:47:14.533] [main/DEBUG] [net.minecraftforge.fml.loading.moddiscovery.ModFileInfo/LOADING]: Found valid mod file RottenFleshToLeather-Forge-1.20.1.jar with {rotten_flesh_to_leather} mods - versions {2.0.0}
[22Jun2025 03:47:14.534] [main/DEBUG] [net.minecraftforge.fml.loading.moddiscovery.ModFile/LOADING]: Loading mod file /workspaces/MQSX/servidor_minecraft/mods/RottenFleshToLeather-Forge-1.20.1.jar with languages [LanguageSpec[languageName=javafml, acceptedVersions=[47,)]]
[22Jun2025 03:47:14.534] [main/DEBUG] [net.minecraftforge.fml.loading.moddiscovery.ModFileParser/LOADING]: Considering mod file candidate /workspaces/MQSX/servidor_minecraft/mods/jei-1.20.1-forge-15.20.0.106.jar
[22Jun2025 03:47:14.536] [main/DEBUG] [net.minecraftforge.fml.loading.moddiscovery.ModFileInfo/LOADING]: Found valid mod file jei-1.20.1-forge-15.20.0.106.jar with {jei} mods - versions {15.20.0.106}
[22Jun2025 03:47:14.536] [main/DEBUG] [net.minecraftforge.fml.loading.moddiscovery.ModFile/LOADING]: Loading mod file /workspaces/MQSX/servidor_minecraft/mods/jei-1.20.1-forge-15.20.0.106.jar with languages [LanguageSpec[languageName=javafml, acceptedVersions=[47,)]]
[22Jun2025 03:47:14.537] [main/DEBUG] [net.minecraftforge.fml.loading.moddiscovery.ModFileParser/LOADING]: Considering mod file candidate /workspaces/MQSX/servidor_minecraft/mods/connectivity-1.20.1-7.1.jar
[22Jun2025 03:47:14.538] [main/DEBUG] [net.minecraftforge.fml.loading.moddiscovery.ModFileInfo/LOADING]: Found valid mod file connectivity-1.20.1-7.1.jar with {connectivity} mods - versions {1.20.1-7.1}
[22Jun2025 03:47:14.540] [main/DEBUG] [net.minecraftforge.fml.loading.moddiscovery.ModFile/LOADING]: Loading mod file /workspaces/MQSX/servidor_minecraft/mods/connectivity-1.20.1-7.1.jar with languages [LanguageSpec[languageName=javafml, acceptedVersions=[28,)]]
[22Jun2025 03:47:14.540] [main/DEBUG] [net.minecraftforge.fml.loading.moddiscovery.ModFileParser/LOADING]: Considering mod file candidate /workspaces/MQSX/servidor_minecraft/mods/l2complements-2.5.3.jar
[22Jun2025 03:47:14.541] [main/DEBUG] [net.minecraftforge.fml.loading.moddiscovery.ModFileInfo/LOADING]: Found valid mod file l2complements-2.5.3.jar with {l2complements} mods - versions {2.5.3}
[22Jun2025 03:47:14.541] [main/DEBUG] [net.minecraftforge.fml.loading.moddiscovery.ModFile/LOADING]: Loading mod file /workspaces/MQSX/servidor_minecraft/mods/l2complements-2.5.3.jar with languages [LanguageSpec[languageName=javafml, acceptedVersions=[47,)]]
[22Jun2025 03:47:14.541] [main/DEBUG] [net.minecraftforge.fml.loading.moddiscovery.ModFileParser/LOADING]: Considering mod file candidate /workspaces/MQSX/servidor_minecraft/mods/Not Enough Recipe Book-FORGE-0.4.1+1.20.1.jar
[22Jun2025 03:47:14.541] [main/DEBUG] [net.minecraftforge.fml.loading.moddiscovery.ModFileInfo/LOADING]: Found valid mod file Not Enough Recipe Book-FORGE-0.4.1+1.20.1.jar with {nerb} mods - versions {0.4.1}
[22Jun2025 03:47:14.542] [main/DEBUG] [net.minecraftforge.fml.loading.moddiscovery.ModFile/LOADING]: Loading mod file /workspaces/MQSX/servidor_minecraft/mods/Not Enough Recipe Book-FORGE-0.4.1+1.20.1.jar with languages [LanguageSpec[languageName=javafml, acceptedVersions=[46,)]]
[22Jun2025 03:47:14.542] [main/DEBUG] [net.minecraftforge.fml.loading.moddiscovery.ModFileParser/LOADING]: Considering mod file candidate /workspaces/MQSX/servidor_minecraft/mods/caelus-forge-3.2.0+1.20.1.jar
[22Jun2025 03:47:14.542] [main/DEBUG] [net.minecraftforge.fml.loading.moddiscovery.ModFileInfo/LOADING]: Found valid mod file caelus-forge-3.2.0+1.20.1.jar with {caelus} mods - versions {3.2.0+1.20.1}
[22Jun2025 03:47:14.546] [main/DEBUG] [net.minecraftforge.fml.loading.moddiscovery.ModFile/LOADING]: Loading mod file /workspaces/MQSX/servidor_minecraft/mods/caelus-forge-3.2.0+1.20.1.jar with languages [LanguageSpec[languageName=javafml, acceptedVersions=[46,)]]
[22Jun2025 03:47:14.546] [main/DEBUG] [net.minecraftforge.fml.loading.moddiscovery.ModFileParser/LOADING]: Considering mod file candidate /workspaces/MQSX/servidor_minecraft/mods/l2weaponry-2.5.0.jar
[22Jun2025 03:47:14.547] [main/DEBUG] [net.minecraftforge.fml.loading.moddiscovery.ModFileInfo/LOADING]: Found valid mod file l2weaponry-2.5.0.jar with {l2weaponry} mods - versions {2.5.0}
[22Jun2025 03:47:14.547] [main/DEBUG] [net.minecraftforge.fml.loading.moddiscovery.ModFile/LOADING]: Loading mod file /workspaces/MQSX/servidor_minecraft/mods/l2weaponry-2.5.0.jar with languages [LanguageSpec[languageName=javafml, acceptedVersions=[46,)]]
[22Jun2025 03:47:14.547] [main/DEBUG] [net.minecraftforge.fml.loading.moddiscovery.ModFileParser/LOADING]: Considering mod file candidate /workspaces/MQSX/servidor_minecraft/mods/colytra-forge-6.2.2+1.20.1.jar
[22Jun2025 03:47:14.547] [main/DEBUG] [net.minecraftforge.fml.loading.moddiscovery.ModFileInfo/LOADING]: Found valid mod file colytra-forge-6.2.2+1.20.1.jar with {colytra} mods - versions {6.2.2+1.20.1}
[22Jun2025 03:47:14.548] [main/DEBUG] [net.minecraftforge.fml.loading.moddiscovery.ModFile/LOADING]: Loading mod file /workspaces/MQSX/servidor_minecraft/mods/colytra-forge-6.2.2+1.20.1.jar with languages [LanguageSpec[languageName=javafml, acceptedVersions=[41,)]]
[22Jun2025 03:47:14.548] [main/DEBUG] [net.minecraftforge.fml.loading.moddiscovery.ModFileParser/LOADING]: Considering mod file candidate /workspaces/MQSX/servidor_minecraft/mods/sophisticatedcore-1.20.1-1.2.42.946.jar
[22Jun2025 03:47:14.549] [main/DEBUG] [net.minecraftforge.fml.loading.moddiscovery.ModFileInfo/LOADING]: Found valid mod file sophisticatedcore-1.20.1-1.2.42.946.jar with {sophisticatedcore} mods - versions {1.2.42.946}
[22Jun2025 03:47:14.549] [main/DEBUG] [net.minecraftforge.fml.loading.moddiscovery.ModFile/LOADING]: Loading mod file /workspaces/MQSX/servidor_minecraft/mods/sophisticatedcore-1.20.1-1.2.42.946.jar with languages [LanguageSpec[languageName=javafml, acceptedVersions=[47,)]]
[22Jun2025 03:47:14.550] [main/DEBUG] [net.minecraftforge.fml.loading.moddiscovery.ModFileParser/LOADING]: Considering mod file candidate /workspaces/MQSX/servidor_minecraft/mods/villagernames-1.20.1-8.2.jar
[22Jun2025 03:47:14.550] [main/DEBUG] [net.minecraftforge.fml.loading.moddiscovery.ModFileInfo/LOADING]: Found valid mod file villagernames-1.20.1-8.2.jar with {villagernames} mods - versions {8.2}
[22Jun2025 03:47:14.552] [main/DEBUG] [net.minecraftforge.fml.loading.moddiscovery.ModFile/LOADING]: Loading mod file /workspaces/MQSX/servidor_minecraft/mods/villagernames-1.20.1-8.2.jar with languages [LanguageSpec[languageName=javafml, acceptedVersions=*]]
[22Jun2025 03:47:14.552] [main/DEBUG] [net.minecraftforge.fml.loading.moddiscovery.ModFileParser/LOADING]: Considering mod file candidate /workspaces/MQSX/servidor_minecraft/mods/FastSuite-1.20.1-5.1.0.jar
[22Jun2025 03:47:14.553] [main/DEBUG] [net.minecraftforge.fml.loading.moddiscovery.ModFileInfo/LOADING]: Found valid mod file FastSuite-1.20.1-5.1.0.jar with {fastsuite} mods - versions {5.1.0}
[22Jun2025 03:47:14.553] [main/DEBUG] [net.minecraftforge.fml.loading.moddiscovery.ModFile/LOADING]: Loading mod file /workspaces/MQSX/servidor_minecraft/mods/FastSuite-1.20.1-5.1.0.jar with languages [LanguageSpec[languageName=javafml, acceptedVersions=[32,)]]
[22Jun2025 03:47:14.560] [main/DEBUG] [net.minecraftforge.fml.loading.moddiscovery.ModFileParser/LOADING]: Considering mod file candidate /workspaces/MQSX/servidor_minecraft/mods/mcw-paintings-1.0.5-1.20.1forge.jar
[22Jun2025 03:47:14.562] [main/DEBUG] [net.minecraftforge.fml.loading.moddiscovery.ModFileInfo/LOADING]: Found valid mod file mcw-paintings-1.0.5-1.20.1forge.jar with {mcwpaintings} mods - versions {1.0.5}
[22Jun2025 03:47:14.563] [main/DEBUG] [net.minecraftforge.fml.loading.moddiscovery.ModFile/LOADING]: Loading mod file /workspaces/MQSX/servidor_minecraft/mods/mcw-paintings-1.0.5-1.20.1forge.jar with languages [LanguageSpec[languageName=javafml, acceptedVersions=[28,)]]
[22Jun2025 03:47:14.563] [main/DEBUG] [net.minecraftforge.fml.loading.moddiscovery.ModFileParser/LOADING]: Considering mod file candidate /workspaces/MQSX/servidor_minecraft/mods/fastasyncworldsave-1.20.1-2.4.jar
[22Jun2025 03:47:14.565] [main/DEBUG] [net.minecraftforge.fml.loading.moddiscovery.ModFileInfo/LOADING]: Found valid mod file fastasyncworldsave-1.20.1-2.4.jar with {fastasyncworldsave} mods - versions {1.20.1-2.4}
[22Jun2025 03:47:14.565] [main/DEBUG] [net.minecraftforge.fml.loading.moddiscovery.ModFile/LOADING]: Loading mod file /workspaces/MQSX/servidor_minecraft/mods/fastasyncworldsave-1.20.1-2.4.jar with languages [LanguageSpec[languageName=javafml, acceptedVersions=[36,)]]
[22Jun2025 03:47:14.566] [main/DEBUG] [net.minecraftforge.fml.loading.moddiscovery.ModFileParser/LOADING]: Considering mod file candidate /workspaces/MQSX/servidor_minecraft/mods/fsmm-3.0.9.jar
[22Jun2025 03:47:14.567] [main/DEBUG] [net.minecraftforge.fml.loading.moddiscovery.ModFileInfo/LOADING]: Found valid mod file fsmm-3.0.9.jar with {fsmm} mods - versions {3.0.9}
[22Jun2025 03:47:14.567] [main/DEBUG] [net.minecraftforge.fml.loading.moddiscovery.ModFile/LOADING]: Loading mod file /workspaces/MQSX/servidor_minecraft/mods/fsmm-3.0.9.jar with languages [LanguageSpec[languageName=javafml, acceptedVersions=[47,)]]
[22Jun2025 03:47:14.569] [main/DEBUG] [net.minecraftforge.fml.loading.moddiscovery.ModFileParser/LOADING]: Considering mod file candidate /workspaces/MQSX/servidor_minecraft/mods/journeymap-1.20.1-5.10.3-forge.jar
[22Jun2025 03:47:14.571] [main/DEBUG] [net.minecraftforge.fml.loading.moddiscovery.ModFileInfo/LOADING]: Found valid mod file journeymap-1.20.1-5.10.3-forge.jar with {journeymap} mods - versions {5.10.3}
[22Jun2025 03:47:14.573] [main/DEBUG] [net.minecraftforge.fml.loading.moddiscovery.ModFile/LOADING]: Loading mod file /workspaces/MQSX/servidor_minecraft/mods/journeymap-1.20.1-5.10.3-forge.jar with languages [LanguageSpec[languageName=javafml, acceptedVersions=[44,)]]
[22Jun2025 03:47:14.574] [main/DEBUG] [net.minecraftforge.fml.loading.moddiscovery.ModFileParser/LOADING]: Found coremod journeymap potion effect transformer with Javascript path potion-effects-shift.js
[22Jun2025 03:47:14.575] [main/DEBUG] [net.minecraftforge.fml.loading.moddiscovery.ModFile/LOADING]: Found coremod potion-effects-shift.js
[22Jun2025 03:47:14.576] [main/DEBUG] [net.minecraftforge.fml.loading.moddiscovery.ModFileParser/LOADING]: Considering mod file candidate /workspaces/MQSX/servidor_minecraft/mods/modernfix-forge-5.21.0+mc1.20.1.jar
[22Jun2025 03:47:14.577] [main/DEBUG] [net.minecraftforge.fml.loading.moddiscovery.ModFileInfo/LOADING]: Found valid mod file modernfix-forge-5.21.0+mc1.20.1.jar with {modernfix} mods - versions {5.21.0+mc1.20.1}
[22Jun2025 03:47:14.578] [main/DEBUG] [net.minecraftforge.fml.loading.moddiscovery.ModFile/LOADING]: Loading mod file /workspaces/MQSX/servidor_minecraft/mods/modernfix-forge-5.21.0+mc1.20.1.jar with languages [LanguageSpec[languageName=javafml, acceptedVersions=[46,)]]
[22Jun2025 03:47:14.578] [main/DEBUG] [net.minecraftforge.fml.loading.moddiscovery.ModFileParser/LOADING]: Considering mod file candidate /workspaces/MQSX/servidor_minecraft/mods/Placebo-1.20.1-8.6.3.jar
[22Jun2025 03:47:14.579] [main/DEBUG] [net.minecraftforge.fml.loading.moddiscovery.ModFileInfo/LOADING]: Found valid mod file Placebo-1.20.1-8.6.3.jar with {placebo} mods - versions {8.6.3}
[22Jun2025 03:47:14.579] [main/DEBUG] [net.minecraftforge.fml.loading.moddiscovery.ModFile/LOADING]: Loading mod file /workspaces/MQSX/servidor_minecraft/mods/Placebo-1.20.1-8.6.3.jar with languages [LanguageSpec[languageName=javafml, acceptedVersions=[32,)]]
[22Jun2025 03:47:14.581] [main/DEBUG] [net.minecraftforge.fml.loading.moddiscovery.ModFileParser/LOADING]: Found coremod placebo_get_ench_level_event with Javascript path coremods/get_ench_level_event.js
[22Jun2025 03:47:14.581] [main/DEBUG] [net.minecraftforge.fml.loading.moddiscovery.ModFileParser/LOADING]: Found coremod placebo_get_ench_level_event_specific with Javascript path coremods/get_ench_level_event_specific.js
[22Jun2025 03:47:14.582] [main/DEBUG] [net.minecraftforge.fml.loading.moddiscovery.ModFile/LOADING]: Found coremod coremods/get_ench_level_event.js
[22Jun2025 03:47:14.583] [main/DEBUG] [net.minecraftforge.fml.loading.moddiscovery.ModFile/LOADING]: Found coremod coremods/get_ench_level_event_specific.js
[22Jun2025 03:47:14.584] [main/DEBUG] [net.minecraftforge.fml.loading.moddiscovery.ModFileParser/LOADING]: Considering mod file candidate /workspaces/MQSX/servidor_minecraft/mods/YungsApi-1.20-Forge-4.0.6.jar
[22Jun2025 03:47:14.584] [main/DEBUG] [net.minecraftforge.fml.loading.moddiscovery.ModFileInfo/LOADING]: Found valid mod file YungsApi-1.20-Forge-4.0.6.jar with {yungsapi} mods - versions {1.20-Forge-4.0.6}
[22Jun2025 03:47:14.586] [main/DEBUG] [net.minecraftforge.fml.loading.moddiscovery.ModFile/LOADING]: Loading mod file /workspaces/MQSX/servidor_minecraft/mods/YungsApi-1.20-Forge-4.0.6.jar with languages [LanguageSpec[languageName=javafml, acceptedVersions=[46,)]]
[22Jun2025 03:47:14.587] [main/DEBUG] [net.minecraftforge.fml.loading.moddiscovery.ModFileParser/LOADING]: Considering mod file candidate 
[22Jun2025 03:47:14.587] [main/DEBUG] [net.minecraftforge.fml.loading.moddiscovery.ModFileInfo/LOADING]: Found valid mod file l2screentracker-0.1.4.jar with {l2screentracker} mods - versions {0.1.4}
[22Jun2025 03:47:14.590] [main/DEBUG] [net.minecraftforge.fml.loading.moddiscovery.ModFile/LOADING]: Loading mod file  with languages [LanguageSpec[languageName=javafml, acceptedVersions=[46,)]]
[22Jun2025 03:47:14.590] [main/DEBUG] [net.minecraftforge.fml.loading.moddiscovery.ModFileParser/LOADING]: Considering mod file candidate /workspaces/MQSX/servidor_minecraft/mods/sophisticatedbackpacks-1.20.1-3.23.11.1222.jar
[22Jun2025 03:47:14.591] [main/DEBUG] [net.minecraftforge.fml.loading.moddiscovery.ModFileInfo/LOADING]: Found valid mod file sophisticatedbackpacks-1.20.1-3.23.11.1222.jar with {sophisticatedbackpacks} mods - versions {3.23.11.1222}
[22Jun2025 03:47:14.591] [main/DEBUG] [net.minecraftforge.fml.loading.moddiscovery.ModFile/LOADING]: Loading mod file /workspaces/MQSX/servidor_minecraft/mods/sophisticatedbackpacks-1.20.1-3.23.11.1222.jar with languages [LanguageSpec[languageName=javafml, acceptedVersions=[47,)]]
[22Jun2025 03:47:14.591] [main/DEBUG] [net.minecraftforge.fml.loading.moddiscovery.ModFileParser/LOADING]: Considering mod file candidate /workspaces/MQSX/servidor_minecraft/mods/starlight-1.1.2+forge.1cda73c.jar
[22Jun2025 03:47:14.592] [main/DEBUG] [net.minecraftforge.fml.loading.moddiscovery.ModFileInfo/LOADING]: Found valid mod file starlight-1.1.2+forge.1cda73c.jar with {starlight} mods - versions {1.1.2+forge.1cda73c}
[22Jun2025 03:47:14.592] [main/DEBUG] [net.minecraftforge.fml.loading.moddiscovery.ModFile/LOADING]: Loading mod file /workspaces/MQSX/servidor_minecraft/mods/starlight-1.1.2+forge.1cda73c.jar with languages [LanguageSpec[languageName=javafml, acceptedVersions=[46,)]]
[22Jun2025 03:47:14.592] [main/DEBUG] [net.minecraftforge.fml.loading.moddiscovery.ModFileParser/LOADING]: Considering mod file candidate /workspaces/MQSX/servidor_minecraft/mods/oceanic_delight-1.0.3-forge-1.20.1.jar
[22Jun2025 03:47:14.596] [main/DEBUG] [net.minecraftforge.fml.loading.moddiscovery.ModFileInfo/LOADING]: Found valid mod file oceanic_delight-1.0.3-forge-1.20.1.jar with {oceanic_delight} mods - versions {1.0.3}
[22Jun2025 03:47:14.597] [main/DEBUG] [net.minecraftforge.fml.loading.moddiscovery.ModFile/LOADING]: Loading mod file /workspaces/MQSX/servidor_minecraft/mods/oceanic_delight-1.0.3-forge-1.20.1.jar with languages [LanguageSpec[languageName=javafml, acceptedVersions=[47,)]]
[22Jun2025 03:47:14.597] [main/DEBUG] [net.minecraftforge.fml.loading.moddiscovery.ModFileParser/LOADING]: Considering mod file candidate /workspaces/MQSX/servidor_minecraft/mods/memoryleakfix-forge-1.17+-1.1.5.jar
[22Jun2025 03:47:14.599] [main/DEBUG] [net.minecraftforge.fml.loading.moddiscovery.ModFileInfo/LOADING]: Found valid mod file memoryleakfix-forge-1.17+-1.1.5.jar with {memoryleakfix} mods - versions {1.1.5}
[22Jun2025 03:47:14.599] [main/DEBUG] [net.minecraftforge.fml.loading.moddiscovery.ModFile/LOADING]: Loading mod file /workspaces/MQSX/servidor_minecraft/mods/memoryleakfix-forge-1.17+-1.1.5.jar with languages [LanguageSpec[languageName=javafml, acceptedVersions=*]]
[22Jun2025 03:47:14.600] [main/DEBUG] [net.minecraftforge.fml.loading.moddiscovery.ModFileParser/LOADING]: Considering mod file candidate 
[22Jun2025 03:47:14.601] [main/DEBUG] [net.minecraftforge.fml.loading.moddiscovery.ModFileInfo/LOADING]: Found valid mod file puzzlesaccessapi-forge-20.1.1.jar with {puzzlesaccessapi} mods - versions {20.1.1}
[22Jun2025 03:47:14.601] [main/DEBUG] [net.minecraftforge.fml.loading.moddiscovery.ModFile/LOADING]: Loading mod file  with languages [LanguageSpec[languageName=javafml, acceptedVersions=*]]
[22Jun2025 03:47:14.603] [main/DEBUG] [net.minecraftforge.fml.loading.moddiscovery.ModFileParser/LOADING]: Considering mod file candidate /workspaces/MQSX/servidor_minecraft/mods/cloth-config-11.1.136-forge.jar
[22Jun2025 03:47:14.603] [main/DEBUG] [net.minecraftforge.fml.loading.moddiscovery.ModFileInfo/LOADING]: Found valid mod file cloth-config-11.1.136-forge.jar with {cloth_config} mods - versions {11.1.136}
[22Jun2025 03:47:14.603] [main/DEBUG] [net.minecraftforge.fml.loading.moddiscovery.ModFile/LOADING]: Loading mod file /workspaces/MQSX/servidor_minecraft/mods/cloth-config-11.1.136-forge.jar with languages [LanguageSpec[languageName=javafml, acceptedVersions=[34,)]]
[22Jun2025 03:47:14.603] [main/DEBUG] [net.minecraftforge.fml.loading.moddiscovery.ModFileParser/LOADING]: Considering mod file candidate /workspaces/MQSX/servidor_minecraft/mods/YungsBetterNetherFortresses-1.20-Forge-2.0.6.jar
[22Jun2025 03:47:14.604] [main/DEBUG] [net.minecraftforge.fml.loading.moddiscovery.ModFileInfo/LOADING]: Found valid mod file YungsBetterNetherFortresses-1.20-Forge-2.0.6.jar with {betterfortresses} mods - versions {1.20-Forge-2.0.6}
[22Jun2025 03:47:14.604] [main/DEBUG] [net.minecraftforge.fml.loading.moddiscovery.ModFile/LOADING]: Loading mod file /workspaces/MQSX/servidor_minecraft/mods/YungsBetterNetherFortresses-1.20-Forge-2.0.6.jar with languages [LanguageSpec[languageName=javafml, acceptedVersions=[46,)]]
[22Jun2025 03:47:14.604] [main/DEBUG] [net.minecraftforge.fml.loading.moddiscovery.ModFileParser/LOADING]: Considering mod file candidate /workspaces/MQSX/servidor_minecraft/libraries/net/minecraftforge/forge/1.20.1-47.3.7/forge-1.20.1-47.3.7-universal.jar
[22Jun2025 03:47:14.605] [main/DEBUG] [net.minecraftforge.fml.loading.moddiscovery.ModFileInfo/LOADING]: Found valid mod file forge-1.20.1-47.3.7-universal.jar with {forge} mods - versions {47.3.7}
[22Jun2025 03:47:14.607] [main/DEBUG] [net.minecraftforge.fml.loading.moddiscovery.ModFile/LOADING]: Loading mod file /workspaces/MQSX/servidor_minecraft/libraries/net/minecraftforge/forge/1.20.1-47.3.7/forge-1.20.1-47.3.7-universal.jar with languages [LanguageSpec[languageName=javafml, acceptedVersions=[24,]]]
[22Jun2025 03:47:14.608] [main/DEBUG] [net.minecraftforge.fml.loading.moddiscovery.ModFileParser/LOADING]: Found coremod field_to_method with Javascript path coremods/field_to_method.js
[22Jun2025 03:47:14.608] [main/DEBUG] [net.minecraftforge.fml.loading.moddiscovery.ModFileParser/LOADING]: Found coremod field_to_instanceof with Javascript path coremods/field_to_instanceof.js
[22Jun2025 03:47:14.608] [main/DEBUG] [net.minecraftforge.fml.loading.moddiscovery.ModFileParser/LOADING]: Found coremod add_bouncer_method with Javascript path coremods/add_bouncer_method.js
[22Jun2025 03:47:14.608] [main/DEBUG] [net.minecraftforge.fml.loading.moddiscovery.ModFileParser/LOADING]: Found coremod method_redirector with Javascript path coremods/method_redirector.js
[22Jun2025 03:47:14.608] [main/DEBUG] [net.minecraftforge.fml.loading.moddiscovery.ModFile/LOADING]: Found coremod coremods/field_to_method.js
[22Jun2025 03:47:14.608] [main/DEBUG] [net.minecraftforge.fml.loading.moddiscovery.ModFile/LOADING]: Found coremod coremods/field_to_instanceof.js
[22Jun2025 03:47:14.608] [main/DEBUG] [net.minecraftforge.fml.loading.moddiscovery.ModFile/LOADING]: Found coremod coremods/add_bouncer_method.js
[22Jun2025 03:47:14.608] [main/DEBUG] [net.minecraftforge.fml.loading.moddiscovery.ModFile/LOADING]: Found coremod coremods/method_redirector.js
[22Jun2025 03:47:14.608] [main/DEBUG] [net.minecraftforge.fml.loading.moddiscovery.ModFileParser/LOADING]: Considering mod file candidate 
[22Jun2025 03:47:14.609] [main/DEBUG] [net.minecraftforge.fml.loading.moddiscovery.ModFileInfo/LOADING]: Found valid mod file l2damagetracker-0.4.0.jar with {l2damagetracker} mods - versions {0.4.0}
[22Jun2025 03:47:14.609] [main/DEBUG] [net.minecraftforge.fml.loading.moddiscovery.ModFile/LOADING]: Loading mod file  with languages [LanguageSpec[languageName=javafml, acceptedVersions=[46,)]]
[22Jun2025 03:47:14.609] [main/DEBUG] [net.minecraftforge.fml.loading.moddiscovery.ModFileParser/LOADING]: Considering mod file candidate /workspaces/MQSX/servidor_minecraft/mods/moreslabsstairsandwalls-4.0.0.jar
[22Jun2025 03:47:14.610] [main/DEBUG] [net.minecraftforge.fml.loading.moddiscovery.ModFileInfo/LOADING]: Found valid mod file moreslabsstairsandwalls-4.0.0.jar with {more_slabs_stairs_and_walls} mods - versions {4.0.0}
[22Jun2025 03:47:14.611] [main/DEBUG] [net.minecraftforge.fml.loading.moddiscovery.ModFile/LOADING]: Loading mod file /workspaces/MQSX/servidor_minecraft/mods/moreslabsstairsandwalls-4.0.0.jar with languages [LanguageSpec[languageName=javafml, acceptedVersions=[47,)]]
[22Jun2025 03:47:14.612] [main/DEBUG] [net.minecraftforge.fml.loading.moddiscovery.ModFileParser/LOADING]: Considering mod file candidate /workspaces/MQSX/servidor_minecraft/mods/enemyexpansion-2.3.1-forge-1.20.1.jar
[22Jun2025 03:47:14.613] [main/DEBUG] [net.minecraftforge.fml.loading.moddiscovery.ModFileInfo/LOADING]: Found valid mod file enemyexpansion-2.3.1-forge-1.20.1.jar with {enemyexpansion} mods - versions {2.3.1}
[22Jun2025 03:47:14.613] [main/DEBUG] [net.minecraftforge.fml.loading.moddiscovery.ModFile/LOADING]: Loading mod file /workspaces/MQSX/servidor_minecraft/mods/enemyexpansion-2.3.1-forge-1.20.1.jar with languages [LanguageSpec[languageName=javafml, acceptedVersions=[47,)]]
[22Jun2025 03:47:14.614] [main/DEBUG] [net.minecraftforge.fml.loading.moddiscovery.ModFileParser/LOADING]: Considering mod file candidate /workspaces/MQSX/servidor_minecraft/mods/FarmersDelight-1.20.1-1.2.7.jar
[22Jun2025 03:47:14.617] [main/DEBUG] [net.minecraftforge.fml.loading.moddiscovery.ModFileInfo/LOADING]: Found valid mod file FarmersDelight-1.20.1-1.2.7.jar with {farmersdelight} mods - versions {1.20.1-1.2.7}
[22Jun2025 03:47:14.619] [main/DEBUG] [net.minecraftforge.fml.loading.moddiscovery.ModFile/LOADING]: Loading mod file /workspaces/MQSX/servidor_minecraft/mods/FarmersDelight-1.20.1-1.2.7.jar with languages [LanguageSpec[languageName=javafml, acceptedVersions=[46,)]]
[22Jun2025 03:47:14.625] [main/DEBUG] [net.minecraftforge.fml.loading.moddiscovery.ModFileParser/LOADING]: Considering mod file candidate /workspaces/MQSX/servidor_minecraft/mods/smoothchunk-1.20.1-4.1.jar
[22Jun2025 03:47:14.626] [main/DEBUG] [net.minecraftforge.fml.loading.moddiscovery.ModFileInfo/LOADING]: Found valid mod file smoothchunk-1.20.1-4.1.jar with {smoothchunk} mods - versions {1.20.1-4.1}
[22Jun2025 03:47:14.627] [main/DEBUG] [net.minecraftforge.fml.loading.moddiscovery.ModFile/LOADING]: Loading mod file /workspaces/MQSX/servidor_minecraft/mods/smoothchunk-1.20.1-4.1.jar with languages [LanguageSpec[languageName=javafml, acceptedVersions=[36,)]]
[22Jun2025 03:47:14.627] [main/DEBUG] [net.minecraftforge.fml.loading.moddiscovery.ModFileInfo/LOADING]: Found valid mod file server-1.20.1-20230612.114412-srg.jar with {minecraft} mods - versions {1.20.1}
[22Jun2025 03:47:14.627] [main/DEBUG] [net.minecraftforge.fml.loading.moddiscovery.ModFile/LOADING]: Loading mod file /workspaces/MQSX/servidor_minecraft/libraries/net/minecraft/server/1.20.1-20230612.114412/server-1.20.1-20230612.114412-srg.jar with languages [LanguageSpec[languageName=minecraft, acceptedVersions=1]]
[22Jun2025 03:47:14.629] [main/DEBUG] [net.minecraftforge.fml.loading.moddiscovery.ModFileParser/LOADING]: Considering mod file candidate /workspaces/MQSX/servidor_minecraft/mods/fcl-20.24.jar
[22Jun2025 03:47:14.631] [main/DEBUG] [net.minecraftforge.fml.loading.moddiscovery.ModFileInfo/LOADING]: Found valid mod file fcl-20.24.jar with {fcl} mods - versions {20.24}
[22Jun2025 03:47:14.631] [main/DEBUG] [net.minecraftforge.fml.loading.moddiscovery.ModFile/LOADING]: Loading mod file /workspaces/MQSX/servidor_minecraft/mods/fcl-20.24.jar with languages [LanguageSpec[languageName=javafml, acceptedVersions=[47,)]]
[22Jun2025 03:47:14.631] [main/DEBUG] [net.minecraftforge.fml.loading.moddiscovery.ModFileParser/LOADING]: Considering mod file candidate /workspaces/MQSX/servidor_minecraft/mods/skinned_lanterns-1.20.1-1.3.5.jar
[22Jun2025 03:47:14.635] [main/DEBUG] [net.minecraftforge.fml.loading.moddiscovery.ModFileInfo/LOADING]: Found valid mod file skinned_lanterns-1.20.1-1.3.5.jar with {skinnedlanterns} mods - versions {1.20.1-1.3.5}
[22Jun2025 03:47:14.637] [main/DEBUG] [net.minecraftforge.fml.loading.moddiscovery.ModFile/LOADING]: Loading mod file /workspaces/MQSX/servidor_minecraft/mods/skinned_lanterns-1.20.1-1.3.5.jar with languages [LanguageSpec[languageName=javafml, acceptedVersions=[45,)]]
[22Jun2025 03:47:14.637] [main/DEBUG] [net.minecraftforge.fml.loading.moddiscovery.ModFileParser/LOADING]: Considering mod file candidate 
[22Jun2025 03:47:14.638] [main/DEBUG] [net.minecraftforge.fml.loading.moddiscovery.ModFileInfo/LOADING]: Found valid mod file spectrelib-forge-0.13.14+1.20.1.jar with {spectrelib} mods - versions {0.13.14+1.20.1}
[22Jun2025 03:47:14.639] [main/DEBUG] [net.minecraftforge.fml.loading.moddiscovery.ModFile/LOADING]: Loading mod file  with languages [LanguageSpec[languageName=javafml, acceptedVersions=[41,)]]
[22Jun2025 03:47:14.639] [main/DEBUG] [net.minecraftforge.fml.loading.moddiscovery.ModFileParser/LOADING]: Considering mod file candidate /workspaces/MQSX/servidor_minecraft/mods/Ksyxis-1.3.3.jar
[22Jun2025 03:47:14.639] [main/DEBUG] [net.minecraftforge.fml.loading.moddiscovery.ModFileInfo/LOADING]: Found valid mod file Ksyxis-1.3.3.jar with {ksyxis} mods - versions {1.3.3}
[22Jun2025 03:47:14.639] [main/DEBUG] [net.minecraftforge.fml.loading.moddiscovery.ModFile/LOADING]: Loading mod file /workspaces/MQSX/servidor_minecraft/mods/Ksyxis-1.3.3.jar with languages [LanguageSpec[languageName=javafml, acceptedVersions=[1,)]]
[22Jun2025 03:47:14.640] [main/DEBUG] [net.minecraftforge.fml.loading.moddiscovery.ModFileParser/LOADING]: Considering mod file candidate /workspaces/MQSX/servidor_minecraft/mods/collective-1.20.1-8.1.jar
[22Jun2025 03:47:14.640] [main/DEBUG] [net.minecraftforge.fml.loading.moddiscovery.ModFileInfo/LOADING]: Found valid mod file collective-1.20.1-8.1.jar with {collective} mods - versions {8.1}
[22Jun2025 03:47:14.641] [main/DEBUG] [net.minecraftforge.fml.loading.moddiscovery.ModFile/LOADING]: Loading mod file /workspaces/MQSX/servidor_minecraft/mods/collective-1.20.1-8.1.jar with languages [LanguageSpec[languageName=javafml, acceptedVersions=*]]
[22Jun2025 03:47:14.641] [main/DEBUG] [net.minecraftforge.fml.loading.moddiscovery.ModFileParser/LOADING]: Considering mod file candidate /workspaces/MQSX/servidor_minecraft/mods/advancednetherite-forge-2.1.3-1.20.1.jar
[22Jun2025 03:47:14.641] [main/DEBUG] [net.minecraftforge.fml.loading.moddiscovery.ModFileInfo/LOADING]: Found valid mod file advancednetherite-forge-2.1.3-1.20.1.jar with {advancednetherite} mods - versions {2.1.3}
[22Jun2025 03:47:14.641] [main/DEBUG] [net.minecraftforge.fml.loading.moddiscovery.ModFile/LOADING]: Loading mod file /workspaces/MQSX/servidor_minecraft/mods/advancednetherite-forge-2.1.3-1.20.1.jar with languages [LanguageSpec[languageName=javafml, acceptedVersions=[47,)]]
[22Jun2025 03:47:14.642] [main/DEBUG] [net.minecraftforge.fml.loading.moddiscovery.ModFileParser/LOADING]: Considering mod file candidate /workspaces/MQSX/servidor_minecraft/mods/ParCool-1.20.1-3.3.1.0.jar
[22Jun2025 03:47:14.642] [main/DEBUG] [net.minecraftforge.fml.loading.moddiscovery.ModFileInfo/LOADING]: Found valid mod file ParCool-1.20.1-3.3.1.0.jar with {parcool} mods - versions {3.3.1.0}
[22Jun2025 03:47:14.642] [main/DEBUG] [net.minecraftforge.fml.loading.moddiscovery.ModFile/LOADING]: Loading mod file /workspaces/MQSX/servidor_minecraft/mods/ParCool-1.20.1-3.3.1.0.jar with languages [LanguageSpec[languageName=javafml, acceptedVersions=[43,)]]
[22Jun2025 03:47:14.643] [main/DEBUG] [net.minecraftforge.fml.loading.moddiscovery.ModFileParser/LOADING]: Considering mod file candidate /workspaces/MQSX/servidor_minecraft/mods/StorageDrawers-1.20.1-12.9.13.jar
[22Jun2025 03:47:14.643] [main/DEBUG] [net.minecraftforge.fml.loading.moddiscovery.ModFileInfo/LOADING]: Found valid mod file StorageDrawers-1.20.1-12.9.13.jar with {storagedrawers} mods - versions {12.9.13}
[22Jun2025 03:47:14.644] [main/DEBUG] [net.minecraftforge.fml.loading.moddiscovery.ModFile/LOADING]: Loading mod file /workspaces/MQSX/servidor_minecraft/mods/StorageDrawers-1.20.1-12.9.13.jar with languages [LanguageSpec[languageName=javafml, acceptedVersions=[47,)]]
[22Jun2025 03:47:14.644] [main/DEBUG] [net.minecraftforge.fml.loading.moddiscovery.ModFileParser/LOADING]: Considering mod file candidate /workspaces/MQSX/servidor_minecraft/mods/dungeons-and-taverns-3.0.3.f.jar
[22Jun2025 03:47:14.645] [main/DEBUG] [net.minecraftforge.fml.loading.moddiscovery.ModFileInfo/LOADING]: Found valid mod file dungeons-and-taverns-3.0.3.f.jar with {mr_dungeons_andtaverns} mods - versions {3.0.3.f}
[22Jun2025 03:47:14.645] [main/DEBUG] [net.minecraftforge.fml.loading.moddiscovery.ModFile/LOADING]: Loading mod file /workspaces/MQSX/servidor_minecraft/mods/dungeons-and-taverns-3.0.3.f.jar with languages [LanguageSpec[languageName=lowcodefml, acceptedVersions=[40,)]]
[22Jun2025 03:47:14.645] [main/DEBUG] [net.minecraftforge.fml.loading.moddiscovery.ModFileParser/LOADING]: Considering mod file candidate /workspaces/MQSX/servidor_minecraft/mods/YungsBetterStrongholds-1.20-Forge-4.0.3.jar
[22Jun2025 03:47:14.646] [main/DEBUG] [net.minecraftforge.fml.loading.moddiscovery.ModFileInfo/LOADING]: Found valid mod file YungsBetterStrongholds-1.20-Forge-4.0.3.jar with {betterstrongholds} mods - versions {1.20-Forge-4.0.3}
[22Jun2025 03:47:14.646] [main/DEBUG] [net.minecraftforge.fml.loading.moddiscovery.ModFile/LOADING]: Loading mod file /workspaces/MQSX/servidor_minecraft/mods/YungsBetterStrongholds-1.20-Forge-4.0.3.jar with languages [LanguageSpec[languageName=javafml, acceptedVersions=[46,)]]
[22Jun2025 03:47:14.646] [main/DEBUG] [net.minecraftforge.fml.loading.moddiscovery.ModFileParser/LOADING]: Considering mod file candidate /workspaces/MQSX/servidor_minecraft/mods/rusticdelight-forge-1.20.1-1.4.1.jar
[22Jun2025 03:47:14.646] [main/DEBUG] [net.minecraftforge.fml.loading.moddiscovery.ModFileInfo/LOADING]: Found valid mod file rusticdelight-forge-1.20.1-1.4.1.jar with {rusticdelight} mods - versions {1.4.1}
[22Jun2025 03:47:14.646] [main/DEBUG] [net.minecraftforge.fml.loading.moddiscovery.ModFile/LOADING]: Loading mod file /workspaces/MQSX/servidor_minecraft/mods/rusticdelight-forge-1.20.1-1.4.1.jar with languages [LanguageSpec[languageName=javafml, acceptedVersions=[47,)]]
[22Jun2025 03:47:14.647] [main/DEBUG] [net.minecraftforge.fml.loading.moddiscovery.ModFileParser/LOADING]: Considering mod file candidate /workspaces/MQSX/servidor_minecraft/mods/architectury-9.2.14-forge.jar
[22Jun2025 03:47:14.648] [main/DEBUG] [net.minecraftforge.fml.loading.moddiscovery.ModFileInfo/LOADING]: Found valid mod file architectury-9.2.14-forge.jar with {architectury} mods - versions {9.2.14}
[22Jun2025 03:47:14.648] [main/DEBUG] [net.minecraftforge.fml.loading.moddiscovery.ModFile/LOADING]: Loading mod file /workspaces/MQSX/servidor_minecraft/mods/architectury-9.2.14-forge.jar with languages [LanguageSpec[languageName=javafml, acceptedVersions=[46,)]]
[22Jun2025 03:47:14.648] [main/DEBUG] [net.minecraftforge.fml.loading.moddiscovery.ModFileParser/LOADING]: Considering mod file candidate /workspaces/MQSX/servidor_minecraft/mods/ferritecore-6.0.1-forge.jar
[22Jun2025 03:47:14.649] [main/DEBUG] [net.minecraftforge.fml.loading.moddiscovery.ModFileInfo/LOADING]: Found valid mod file ferritecore-6.0.1-forge.jar with {ferritecore} mods - versions {6.0.1}
[22Jun2025 03:47:14.649] [main/DEBUG] [net.minecraftforge.fml.loading.moddiscovery.ModFile/LOADING]: Loading mod file /workspaces/MQSX/servidor_minecraft/mods/ferritecore-6.0.1-forge.jar with languages [LanguageSpec[languageName=javafml, acceptedVersions=[28,)]]
[22Jun2025 03:47:14.649] [main/DEBUG] [net.minecraftforge.fml.loading.moddiscovery.ModFileParser/LOADING]: Considering mod file candidate /workspaces/MQSX/servidor_minecraft/mods/cupboard-1.20.1-2.7.jar
[22Jun2025 03:47:14.650] [main/DEBUG] [net.minecraftforge.fml.loading.moddiscovery.ModFileInfo/LOADING]: Found valid mod file cupboard-1.20.1-2.7.jar with {cupboard} mods - versions {1.20.1-2.7}
[22Jun2025 03:47:14.650] [main/DEBUG] [net.minecraftforge.fml.loading.moddiscovery.ModFile/LOADING]: Loading mod file /workspaces/MQSX/servidor_minecraft/mods/cupboard-1.20.1-2.7.jar with languages [LanguageSpec[languageName=javafml, acceptedVersions=[36,)]]
[22Jun2025 03:47:14.650] [main/DEBUG] [net.minecraftforge.fml.loading.moddiscovery.ModFileParser/LOADING]: Considering mod file candidate /workspaces/MQSX/servidor_minecraft/mods/PuzzlesLib-v8.1.32-1.20.1-Forge.jar
[22Jun2025 03:47:14.651] [main/DEBUG] [net.minecraftforge.fml.loading.moddiscovery.ModFileInfo/LOADING]: Found valid mod file PuzzlesLib-v8.1.32-1.20.1-Forge.jar with {puzzleslib} mods - versions {8.1.32}
[22Jun2025 03:47:14.651] [main/DEBUG] [net.minecraftforge.fml.loading.moddiscovery.ModFile/LOADING]: Loading mod file /workspaces/MQSX/servidor_minecraft/mods/PuzzlesLib-v8.1.32-1.20.1-Forge.jar with languages [LanguageSpec[languageName=javafml, acceptedVersions=[47,)]]
[22Jun2025 03:47:14.651] [main/DEBUG] [net.minecraftforge.fml.loading.moddiscovery.ModFileParser/LOADING]: Considering mod file candidate /workspaces/MQSX/servidor_minecraft/mods/YungsBetterEndIsland-1.20-Forge-2.0.6.jar
[22Jun2025 03:47:14.652] [main/DEBUG] [net.minecraftforge.fml.loading.moddiscovery.ModFileInfo/LOADING]: Found valid mod file YungsBetterEndIsland-1.20-Forge-2.0.6.jar with {betterendisland} mods - versions {1.20-Forge-2.0.6}
[22Jun2025 03:47:14.652] [main/DEBUG] [net.minecraftforge.fml.loading.moddiscovery.ModFile/LOADING]: Loading mod file /workspaces/MQSX/servidor_minecraft/mods/YungsBetterEndIsland-1.20-Forge-2.0.6.jar with languages [LanguageSpec[languageName=javafml, acceptedVersions=[46,)]]
[22Jun2025 03:47:14.652] [main/DEBUG] [net.minecraftforge.fml.loading.moddiscovery.ModFileParser/LOADING]: Considering mod file candidate 
[22Jun2025 03:47:14.652] [main/DEBUG] [net.minecraftforge.fml.loading.moddiscovery.ModFileInfo/LOADING]: Found valid mod file l2itemselector-0.1.9.jar with {l2itemselector} mods - versions {0.1.9}
[22Jun2025 03:47:14.653] [main/DEBUG] [net.minecraftforge.fml.loading.moddiscovery.ModFile/LOADING]: Loading mod file  with languages [LanguageSpec[languageName=javafml, acceptedVersions=[46,)]]
[22Jun2025 03:47:14.653] [main/DEBUG] [net.minecraftforge.fml.loading.moddiscovery.ModFileParser/LOADING]: Considering mod file candidate /workspaces/MQSX/servidor_minecraft/mods/FallingTree-1.20.1-4.3.4.jar
[22Jun2025 03:47:14.654] [main/DEBUG] [net.minecraftforge.fml.loading.moddiscovery.ModFileInfo/LOADING]: Found valid mod file FallingTree-1.20.1-4.3.4.jar with {fallingtree} mods - versions {4.3.4}
[22Jun2025 03:47:14.661] [main/DEBUG] [net.minecraftforge.fml.loading.moddiscovery.ModFile/LOADING]: Loading mod file /workspaces/MQSX/servidor_minecraft/mods/FallingTree-1.20.1-4.3.4.jar with languages [LanguageSpec[languageName=javafml, acceptedVersions=[47,)]]
[22Jun2025 03:47:14.662] [main/DEBUG] [net.minecraftforge.fml.loading.moddiscovery.ModFileParser/LOADING]: Considering mod file candidate /workspaces/MQSX/servidor_minecraft/mods/l2library-2.5.1.jar
[22Jun2025 03:47:14.663] [main/DEBUG] [net.minecraftforge.fml.loading.moddiscovery.ModFileInfo/LOADING]: Found valid mod file l2library-2.5.1.jar with {l2library} mods - versions {2.5.1}
[22Jun2025 03:47:14.663] [main/DEBUG] [net.minecraftforge.fml.loading.moddiscovery.ModFile/LOADING]: Loading mod file /workspaces/MQSX/servidor_minecraft/mods/l2library-2.5.1.jar with languages [LanguageSpec[languageName=javafml, acceptedVersions=[46,)]]
[22Jun2025 03:47:14.663] [main/DEBUG] [net.minecraftforge.fml.loading.moddiscovery.ModFileParser/LOADING]: Considering mod file candidate /workspaces/MQSX/servidor_minecraft/mods/fsmmshop-2.0.3.jar
[22Jun2025 03:47:14.666] [main/DEBUG] [net.minecraftforge.fml.loading.moddiscovery.ModFileInfo/LOADING]: Found valid mod file fsmmshop-2.0.3.jar with {fsmmshop} mods - versions {2.0.3}
[22Jun2025 03:47:14.666] [main/DEBUG] [net.minecraftforge.fml.loading.moddiscovery.ModFile/LOADING]: Loading mod file /workspaces/MQSX/servidor_minecraft/mods/fsmmshop-2.0.3.jar with languages [LanguageSpec[languageName=javafml, acceptedVersions=[47,)]]
[22Jun2025 03:47:14.666] [main/DEBUG] [net.minecraftforge.fml.loading.moddiscovery.ModFileParser/LOADING]: Considering mod file candidate /workspaces/MQSX/servidor_minecraft/mods/EnchantingInfuser-v8.0.3-1.20.1-Forge.jar
[22Jun2025 03:47:14.667] [main/DEBUG] [net.minecraftforge.fml.loading.moddiscovery.ModFileInfo/LOADING]: Found valid mod file EnchantingInfuser-v8.0.3-1.20.1-Forge.jar with {enchantinginfuser} mods - versions {8.0.3}
[22Jun2025 03:47:14.667] [main/DEBUG] [net.minecraftforge.fml.loading.moddiscovery.ModFile/LOADING]: Loading mod file /workspaces/MQSX/servidor_minecraft/mods/EnchantingInfuser-v8.0.3-1.20.1-Forge.jar with languages [LanguageSpec[languageName=javafml, acceptedVersions=[47,)]]
[22Jun2025 03:47:14.667] [main/DEBUG] [net.minecraftforge.fml.loading.moddiscovery.ModFileParser/LOADING]: Considering mod file candidate /workspaces/MQSX/servidor_minecraft/mods/healingcampfire-1.20.1-6.2.jar
[22Jun2025 03:47:14.667] [main/DEBUG] [net.minecraftforge.fml.loading.moddiscovery.ModFileInfo/LOADING]: Found valid mod file healingcampfire-1.20.1-6.2.jar with {healingcampfire} mods - versions {6.2}
[22Jun2025 03:47:14.668] [main/DEBUG] [net.minecraftforge.fml.loading.moddiscovery.ModFile/LOADING]: Loading mod file /workspaces/MQSX/servidor_minecraft/mods/healingcampfire-1.20.1-6.2.jar with languages [LanguageSpec[languageName=javafml, acceptedVersions=*]]
[22Jun2025 03:47:14.668] [main/DEBUG] [net.minecraftforge.fml.loading.moddiscovery.ModFileParser/LOADING]: Considering mod file candidate /workspaces/MQSX/servidor_minecraft/mods/YungsBetterJungleTemples-1.20-Forge-2.0.5.jar
[22Jun2025 03:47:14.668] [main/DEBUG] [net.minecraftforge.fml.loading.moddiscovery.ModFileInfo/LOADING]: Found valid mod file YungsBetterJungleTemples-1.20-Forge-2.0.5.jar with {betterjungletemples} mods - versions {1.20-Forge-2.0.5}
[22Jun2025 03:47:14.668] [main/DEBUG] [net.minecraftforge.fml.loading.moddiscovery.ModFile/LOADING]: Loading mod file /workspaces/MQSX/servidor_minecraft/mods/YungsBetterJungleTemples-1.20-Forge-2.0.5.jar with languages [LanguageSpec[languageName=javafml, acceptedVersions=[46,)]]
[22Jun2025 03:47:14.669] [main/DEBUG] [net.minecraftforge.fml.loading.moddiscovery.ModFile/LOADING]: Loading mod file  with languages []
[22Jun2025 03:47:14.669] [main/DEBUG] [net.minecraftforge.fml.loading.moddiscovery.ModFile/LOADING]: Loading mod file  with languages []
[22Jun2025 03:47:14.669] [main/DEBUG] [net.minecraftforge.fml.loading.moddiscovery.ModFileParser/LOADING]: Considering mod file candidate 
[22Jun2025 03:47:14.669] [main/DEBUG] [net.minecraftforge.fml.loading.moddiscovery.ModFileInfo/LOADING]: Found valid mod file mixinextras-forge-0.4.1.jar with {mixinextras} mods - versions {0.4.1}
[22Jun2025 03:47:14.670] [main/DEBUG] [net.minecraftforge.fml.loading.moddiscovery.ModFile/LOADING]: Loading mod file  with languages [LanguageSpec[languageName=javafml, acceptedVersions=*]]
[22Jun2025 03:47:14.670] [main/DEBUG] [net.minecraftforge.fml.loading.moddiscovery.ModFile/LOADING]: Loading mod file  with languages []
[22Jun2025 03:47:14.670] [main/DEBUG] [net.minecraftforge.fml.loading.moddiscovery.ModFile/LOADING]: Loading mod file  with languages []
[22Jun2025 03:47:14.670] [main/DEBUG] [net.minecraftforge.fml.loading.moddiscovery.ModFile/LOADING]: Loading mod file  with languages []
[22Jun2025 03:47:14.672] [main/DEBUG] [net.minecraftforge.fml.loading.moddiscovery.ModFile/LOADING]: Loading mod file  with languages []
[22Jun2025 03:47:14.673] [main/DEBUG] [net.minecraftforge.fml.loading.moddiscovery.ModFile/LOADING]: Loading mod file  with languages []
[22Jun2025 03:47:14.673] [main/DEBUG] [net.minecraftforge.fml.loading.moddiscovery.ModFile/LOADING]: Loading mod file  with languages []
[22Jun2025 03:47:14.673] [main/DEBUG] [net.minecraftforge.fml.loading.moddiscovery.ModFileParser/LOADING]: Considering mod file candidate 
[22Jun2025 03:47:14.674] [main/DEBUG] [net.minecraftforge.fml.loading.moddiscovery.ModFileInfo/LOADING]: Found valid mod file mixinextras-forge-0.4.1.jar with {mixinextras} mods - versions {0.4.1}
[22Jun2025 03:47:14.674] [main/DEBUG] [net.minecraftforge.fml.loading.moddiscovery.ModFile/LOADING]: Loading mod file  with languages [LanguageSpec[languageName=javafml, acceptedVersions=*]]
[22Jun2025 03:47:14.674] [main/DEBUG] [net.minecraftforge.fml.loading.moddiscovery.ModFile/LOADING]: Loading mod file  with languages []
[22Jun2025 03:47:14.674] [main/DEBUG] [net.minecraftforge.fml.loading.moddiscovery.ModFile/LOADING]: Loading mod file  with languages []
[22Jun2025 03:47:14.675] [main/DEBUG] [net.minecraftforge.fml.loading.moddiscovery.ModFile/LOADING]: Loading mod file  with languages []
[22Jun2025 03:47:14.676] [main/DEBUG] [net.minecraftforge.fml.loading.moddiscovery.ModFile/LOADING]: Loading mod file  with languages []
[22Jun2025 03:47:14.678] [main/DEBUG] [cpw.mods.modlauncher.TransformationServiceDecorator/MODLAUNCHER]: End scan trigger - transformation service fml
[22Jun2025 03:47:14.714] [main/DEBUG] [net.minecraftforge.fml.loading.LanguageLoadingProvider/CORE]: Found 3 language providers
[22Jun2025 03:47:14.716] [main/DEBUG] [net.minecraftforge.fml.loading.LanguageLoadingProvider/CORE]: Found language provider minecraft, version 1.0
[22Jun2025 03:47:14.720] [main/DEBUG] [net.minecraftforge.fml.loading.LanguageLoadingProvider/CORE]: Found language provider lowcodefml, version 47
[22Jun2025 03:47:14.722] [main/DEBUG] [net.minecraftforge.fml.loading.LanguageLoadingProvider/CORE]: Found language provider javafml, version 47
[22Jun2025 03:47:14.740] [main/DEBUG] [net.minecraftforge.fml.loading.UniqueModListBuilder/]: Found 2 mods for first modid mclib, selecting most recent based on version data
[22Jun2025 03:47:14.742] [main/DEBUG] [net.minecraftforge.fml.loading.UniqueModListBuilder/]: Selected file mclib-20.jar for modid mclib with version 0.0NONE
[22Jun2025 03:47:14.744] [main/DEBUG] [net.minecraftforge.fml.loading.UniqueModListBuilder/]: Found 2 mods for first modid Registrate.MC1._20, selecting most recent based on version data
[22Jun2025 03:47:14.744] [main/DEBUG] [net.minecraftforge.fml.loading.UniqueModListBuilder/]: Selected file Registrate-MC1.20-1.3.11.jar for modid Registrate.MC1._20 with version 0.0NONE
[22Jun2025 03:47:14.745] [main/DEBUG] [net.minecraftforge.fml.loading.UniqueModListBuilder/]: Found 2 mods for first modid mixinextras, selecting most recent based on version data
[22Jun2025 03:47:14.745] [main/DEBUG] [net.minecraftforge.fml.loading.UniqueModListBuilder/]: Selected file mixinextras-forge-0.4.1.jar for modid mixinextras with version 0.4.1
[22Jun2025 03:47:14.747] [main/DEBUG] [net.minecraftforge.fml.loading.UniqueModListBuilder/]: Found 2 mods for first modid l2serial, selecting most recent based on version data
[22Jun2025 03:47:14.747] [main/DEBUG] [net.minecraftforge.fml.loading.UniqueModListBuilder/]: Selected file l2serial-1.2.2.jar for modid l2serial with version 1.2.2
[22Jun2025 03:47:14.747] [main/DEBUG] [net.minecraftforge.fml.loading.UniqueModListBuilder/]: Found 2 mods for first modid org.yaml.snakeyaml, selecting most recent based on version data
[22Jun2025 03:47:14.747] [main/DEBUG] [net.minecraftforge.fml.loading.UniqueModListBuilder/]: Selected file snakeyaml-2.2.jar for modid org.yaml.snakeyaml with version 0.0NONE
[22Jun2025 03:47:14.748] [main/DEBUG] [net.minecraftforge.fml.loading.UniqueModListBuilder/]: Found 2 mods for first modid l2modularblock, selecting most recent based on version data
[22Jun2025 03:47:14.748] [main/DEBUG] [net.minecraftforge.fml.loading.UniqueModListBuilder/]: Selected file l2modularblock-1.1.0.jar for modid l2modularblock with version 1.1.0
[22Jun2025 03:47:14.748] [main/DEBUG] [net.minecraftforge.fml.loading.UniqueModListBuilder/]: Found 2 mods for first modid MixinExtras, selecting most recent based on version data
[22Jun2025 03:47:14.748] [main/DEBUG] [net.minecraftforge.fml.loading.UniqueModListBuilder/]: Selected file MixinExtras-0.4.1.jar for modid MixinExtras with version 0.0NONE
[22Jun2025 03:47:14.752] [main/DEBUG] [net.minecraftforge.fml.loading.ModSorter/]: Configured system mods: [minecraft, forge]
[22Jun2025 03:47:14.752] [main/DEBUG] [net.minecraftforge.fml.loading.ModSorter/]: Found system mod: minecraft
[22Jun2025 03:47:14.752] [main/DEBUG] [net.minecraftforge.fml.loading.ModSorter/]: Found system mod: forge
[22Jun2025 03:47:14.761] [main/DEBUG] [net.minecraftforge.fml.loading.ModSorter/LOADING]: Found 139 mod requirements (129 mandatory, 10 optional)
[22Jun2025 03:47:14.763] [main/DEBUG] [net.minecraftforge.fml.loading.ModSorter/LOADING]: Found 0 mod requirements missing (0 mandatory, 0 optional)
[22Jun2025 03:47:16.751] [main/DEBUG] [cpw.mods.modlauncher.TransformationServicesHandler/MODLAUNCHER]: Transformation services loading transformers
[22Jun2025 03:47:16.754] [main/DEBUG] [cpw.mods.modlauncher.TransformationServiceDecorator/MODLAUNCHER]: Initializing transformers for transformation service mixin
[22Jun2025 03:47:16.758] [main/DEBUG] [cpw.mods.modlauncher.TransformationServiceDecorator/MODLAUNCHER]: Initialized transformers for transformation service mixin
[22Jun2025 03:47:16.758] [main/DEBUG] [cpw.mods.modlauncher.TransformationServiceDecorator/MODLAUNCHER]: Initializing transformers for transformation service fml
[22Jun2025 03:47:16.758] [main/DEBUG] [net.minecraftforge.fml.loading.FMLServiceProvider/CORE]: Loading coremod transformers
[22Jun2025 03:47:16.758] [main/DEBUG] [net.minecraftforge.coremod.CoreModEngine/COREMOD]: Loading CoreMod from potion-effects-shift.js
[22Jun2025 03:47:17.656] [main/DEBUG] [net.minecraftforge.coremod.CoreModEngine/COREMOD]: CoreMod loaded successfully
[22Jun2025 03:47:17.656] [main/DEBUG] [net.minecraftforge.coremod.CoreModEngine/COREMOD]: Loading CoreMod from coremods/get_ench_level_event.js
[22Jun2025 03:47:17.695] [main/DEBUG] [net.minecraftforge.coremod.CoreModEngine/COREMOD]: CoreMod loaded successfully
[22Jun2025 03:47:17.696] [main/DEBUG] [net.minecraftforge.coremod.CoreModEngine/COREMOD]: Loading CoreMod from coremods/get_ench_level_event_specific.js
[22Jun2025 03:47:17.744] [main/DEBUG] [net.minecraftforge.coremod.CoreModEngine/COREMOD]: CoreMod loaded successfully
[22Jun2025 03:47:17.747] [main/DEBUG] [net.minecraftforge.coremod.CoreModEngine/COREMOD]: Loading CoreMod from coremods/field_to_method.js
[22Jun2025 03:47:17.835] [main/DEBUG] [net.minecraftforge.coremod.CoreModEngine/COREMOD]: CoreMod loaded successfully
[22Jun2025 03:47:17.838] [main/DEBUG] [net.minecraftforge.coremod.CoreModEngine/COREMOD]: Loading CoreMod from coremods/field_to_instanceof.js
[22Jun2025 03:47:17.957] [main/DEBUG] [net.minecraftforge.coremod.CoreModEngine/COREMOD]: CoreMod loaded successfully
[22Jun2025 03:47:17.959] [main/DEBUG] [net.minecraftforge.coremod.CoreModEngine/COREMOD]: Loading CoreMod from coremods/add_bouncer_method.js
[22Jun2025 03:47:18.064] [main/DEBUG] [net.minecraftforge.coremod.CoreModEngine/COREMOD]: CoreMod loaded successfully
[22Jun2025 03:47:18.064] [main/DEBUG] [net.minecraftforge.coremod.CoreModEngine/COREMOD]: Loading CoreMod from coremods/method_redirector.js
[22Jun2025 03:47:18.284] [main/DEBUG] [net.minecraftforge.coremod.CoreModEngine/COREMOD]: CoreMod loaded successfully
[22Jun2025 03:47:18.326] [main/DEBUG] [cpw.mods.modlauncher.TransformStore/MODLAUNCHER]: Adding transformer net.minecraftforge.coremod.transformer.CoreModClassTransformer@4dde8976 to Target : CLASS {Lnet/minecraft/world/level/biome/Biome;} {} {V}
[22Jun2025 03:47:18.327] [main/DEBUG] [cpw.mods.modlauncher.TransformStore/MODLAUNCHER]: Adding transformer net.minecraftforge.coremod.transformer.CoreModClassTransformer@759de304 to Target : CLASS {Lnet/minecraft/world/level/levelgen/structure/Structure;} {} {V}
[22Jun2025 03:47:18.331] [main/DEBUG] [cpw.mods.modlauncher.TransformStore/MODLAUNCHER]: Adding transformer net.minecraftforge.coremod.transformer.CoreModClassTransformer@5649d11a to Target : CLASS {Lnet/minecraft/world/effect/MobEffectInstance;} {} {V}
[22Jun2025 03:47:18.331] [main/DEBUG] [cpw.mods.modlauncher.TransformStore/MODLAUNCHER]: Adding transformer net.minecraftforge.coremod.transformer.CoreModClassTransformer@294f9d50 to Target : CLASS {Lnet/minecraft/world/level/block/LiquidBlock;} {} {V}
[22Jun2025 03:47:18.331] [main/DEBUG] [cpw.mods.modlauncher.TransformStore/MODLAUNCHER]: Adding transformer net.minecraftforge.coremod.transformer.CoreModClassTransformer@27443560 to Target : CLASS {Lnet/minecraft/world/item/BucketItem;} {} {V}
[22Jun2025 03:47:18.332] [main/DEBUG] [cpw.mods.modlauncher.TransformStore/MODLAUNCHER]: Adding transformer net.minecraftforge.coremod.transformer.CoreModClassTransformer@3ddb774f to Target : CLASS {Lnet/minecraft/world/level/block/StairBlock;} {} {V}
[22Jun2025 03:47:18.335] [main/DEBUG] [cpw.mods.modlauncher.TransformStore/MODLAUNCHER]: Adding transformer net.minecraftforge.coremod.transformer.CoreModClassTransformer@2582b0ef to Target : CLASS {Lnet/minecraft/world/level/block/FlowerPotBlock;} {} {V}
[22Jun2025 03:47:18.336] [main/DEBUG] [cpw.mods.modlauncher.TransformStore/MODLAUNCHER]: Adding transformer net.minecraftforge.coremod.transformer.CoreModClassTransformer@70721c12 to Target : CLASS {Lnet/minecraft/world/item/ItemStack;} {} {V}
[22Jun2025 03:47:18.336] [main/DEBUG] [cpw.mods.modlauncher.TransformStore/MODLAUNCHER]: Adding transformer net.minecraftforge.coremod.transformer.CoreModClassTransformer@769bd849 to Target : CLASS {Lnet/minecraft/network/play/client/CClientSettingsPacket;} {} {V}
[22Jun2025 03:47:18.336] [main/DEBUG] [cpw.mods.modlauncher.TransformStore/MODLAUNCHER]: Adding transformer net.minecraftforge.coremod.transformer.CoreModClassTransformer@101ca8da to Target : CLASS {Lnet/minecraft/server/commands/SummonCommand;} {} {V}
[22Jun2025 03:47:18.336] [main/DEBUG] [cpw.mods.modlauncher.TransformStore/MODLAUNCHER]: Adding transformer net.minecraftforge.coremod.transformer.CoreModClassTransformer@101ca8da to Target : CLASS {Lnet/minecraft/world/entity/animal/frog/Tadpole;} {} {V}
[22Jun2025 03:47:18.337] [main/DEBUG] [cpw.mods.modlauncher.TransformStore/MODLAUNCHER]: Adding transformer net.minecraftforge.coremod.transformer.CoreModClassTransformer@101ca8da to Target : CLASS {Lnet/minecraft/world/entity/animal/horse/SkeletonTrapGoal;} {} {V}
[22Jun2025 03:47:18.337] [main/DEBUG] [cpw.mods.modlauncher.TransformStore/MODLAUNCHER]: Adding transformer net.minecraftforge.coremod.transformer.CoreModClassTransformer@101ca8da to Target : CLASS {Lnet/minecraft/world/entity/npc/Villager;} {} {V}
[22Jun2025 03:47:18.337] [main/DEBUG] [cpw.mods.modlauncher.TransformStore/MODLAUNCHER]: Adding transformer net.minecraftforge.coremod.transformer.CoreModClassTransformer@101ca8da to Target : CLASS {Lnet/minecraft/world/entity/monster/Evoker$EvokerSummonSpellGoal;} {} {V}
[22Jun2025 03:47:18.337] [main/DEBUG] [cpw.mods.modlauncher.TransformStore/MODLAUNCHER]: Adding transformer net.minecraftforge.coremod.transformer.CoreModClassTransformer@101ca8da to Target : CLASS {Lnet/minecraft/server/commands/RaidCommand;} {} {V}
[22Jun2025 03:47:18.337] [main/DEBUG] [cpw.mods.modlauncher.TransformStore/MODLAUNCHER]: Adding transformer net.minecraftforge.coremod.transformer.CoreModClassTransformer@101ca8da to Target : CLASS {Lnet/minecraft/world/entity/monster/Strider;} {} {V}
[22Jun2025 03:47:18.337] [main/DEBUG] [cpw.mods.modlauncher.TransformStore/MODLAUNCHER]: Adding transformer net.minecraftforge.coremod.transformer.CoreModClassTransformer@101ca8da to Target : CLASS {Lnet/minecraft/world/level/levelgen/structure/structures/WoodlandMansionPieces$WoodlandMansionPiece;} {} {V}
[22Jun2025 03:47:18.337] [main/DEBUG] [cpw.mods.modlauncher.TransformStore/MODLAUNCHER]: Adding transformer net.minecraftforge.coremod.transformer.CoreModClassTransformer@101ca8da to Target : CLASS {Lnet/minecraft/world/entity/EntityType;} {} {V}
[22Jun2025 03:47:18.337] [main/DEBUG] [cpw.mods.modlauncher.TransformStore/MODLAUNCHER]: Adding transformer net.minecraftforge.coremod.transformer.CoreModClassTransformer@101ca8da to Target : CLASS {Lnet/minecraft/world/entity/raid/Raid;} {} {V}
[22Jun2025 03:47:18.337] [main/DEBUG] [cpw.mods.modlauncher.TransformStore/MODLAUNCHER]: Adding transformer net.minecraftforge.coremod.transformer.CoreModClassTransformer@101ca8da to Target : CLASS {Lnet/minecraft/world/entity/monster/Spider;} {} {V}
[22Jun2025 03:47:18.337] [main/DEBUG] [cpw.mods.modlauncher.TransformStore/MODLAUNCHER]: Adding transformer net.minecraftforge.coremod.transformer.CoreModClassTransformer@101ca8da to Target : CLASS {Lnet/minecraft/world/level/levelgen/PhantomSpawner;} {} {V}
[22Jun2025 03:47:18.337] [main/DEBUG] [cpw.mods.modlauncher.TransformStore/MODLAUNCHER]: Adding transformer net.minecraftforge.coremod.transformer.CoreModClassTransformer@101ca8da to Target : CLASS {Lnet/minecraft/world/entity/npc/CatSpawner;} {} {V}
[22Jun2025 03:47:18.337] [main/DEBUG] [cpw.mods.modlauncher.TransformStore/MODLAUNCHER]: Adding transformer net.minecraftforge.coremod.transformer.CoreModClassTransformer@101ca8da to Target : CLASS {Lnet/minecraft/world/entity/ai/village/VillageSiege;} {} {V}
[22Jun2025 03:47:18.344] [main/DEBUG] [cpw.mods.modlauncher.TransformStore/MODLAUNCHER]: Adding transformer net.minecraftforge.coremod.transformer.CoreModClassTransformer@101ca8da to Target : CLASS {Lnet/minecraft/world/level/levelgen/structure/templatesystem/StructureTemplate;} {} {V}
[22Jun2025 03:47:18.344] [main/DEBUG] [cpw.mods.modlauncher.TransformStore/MODLAUNCHER]: Adding transformer net.minecraftforge.coremod.transformer.CoreModClassTransformer@101ca8da to Target : CLASS {Lnet/minecraft/world/entity/monster/ZombieVillager;} {} {V}
[22Jun2025 03:47:18.344] [main/DEBUG] [cpw.mods.modlauncher.TransformStore/MODLAUNCHER]: Adding transformer net.minecraftforge.coremod.transformer.CoreModClassTransformer@101ca8da to Target : CLASS {Lnet/minecraft/world/level/levelgen/structure/structures/SwampHutPiece;} {} {V}
[22Jun2025 03:47:18.344] [main/DEBUG] [cpw.mods.modlauncher.TransformStore/MODLAUNCHER]: Adding transformer net.minecraftforge.coremod.transformer.CoreModClassTransformer@101ca8da to Target : CLASS {Lnet/minecraft/world/level/NaturalSpawner;} {} {V}
[22Jun2025 03:47:18.344] [main/DEBUG] [cpw.mods.modlauncher.TransformStore/MODLAUNCHER]: Adding transformer net.minecraftforge.coremod.transformer.CoreModClassTransformer@101ca8da to Target : CLASS {Lnet/minecraft/world/entity/monster/Zombie;} {} {V}
[22Jun2025 03:47:18.344] [main/DEBUG] [cpw.mods.modlauncher.TransformStore/MODLAUNCHER]: Adding transformer net.minecraftforge.coremod.transformer.CoreModClassTransformer@101ca8da to Target : CLASS {Lnet/minecraft/world/level/levelgen/structure/structures/OceanRuinPieces$OceanRuinPiece;} {} {V}
[22Jun2025 03:47:18.344] [main/DEBUG] [cpw.mods.modlauncher.TransformStore/MODLAUNCHER]: Adding transformer net.minecraftforge.coremod.transformer.CoreModClassTransformer@101ca8da to Target : CLASS {Lnet/minecraft/world/level/levelgen/PatrolSpawner;} {} {V}
[22Jun2025 03:47:18.344] [main/DEBUG] [cpw.mods.modlauncher.TransformStore/MODLAUNCHER]: Adding transformer net.minecraftforge.coremod.transformer.CoreModClassTransformer@101ca8da to Target : CLASS {Lnet/minecraft/world/level/levelgen/structure/structures/OceanMonumentPieces$OceanMonumentPiece;} {} {V}
[22Jun2025 03:47:18.344] [main/DEBUG] [cpw.mods.modlauncher.TransformStore/MODLAUNCHER]: Adding transformer net.minecraftforge.coremod.transformer.CoreModMethodTransformer@405b6d75 to Target : METHOD {Lnet/minecraft/client/gui/Gui;} {m_93028_} {(Lcom/mojang/blaze3d/vertex/PoseStack;)V}
[22Jun2025 03:47:18.345] [main/DEBUG] [cpw.mods.modlauncher.TransformStore/MODLAUNCHER]: Adding transformer net.minecraftforge.coremod.transformer.CoreModMethodTransformer@682abca7 to Target : METHOD {Lnet/minecraftforge/common/extensions/IForgeItemStack;} {getAllEnchantments} {()Ljava/util/Map;}
[22Jun2025 03:47:18.345] [main/DEBUG] [cpw.mods.modlauncher.TransformStore/MODLAUNCHER]: Adding transformer net.minecraftforge.coremod.transformer.CoreModMethodTransformer@1d858300 to Target : METHOD {Lnet/minecraftforge/common/extensions/IForgeItemStack;} {getEnchantmentLevel} {(Lnet/minecraft/world/item/enchantment/Enchantment;)I}
[22Jun2025 03:47:18.348] [main/DEBUG] [cpw.mods.modlauncher.TransformationServiceDecorator/MODLAUNCHER]: Initialized transformers for transformation service fml
[22Jun2025 03:47:21.930] [main/DEBUG] [mixin/]: Processing prepare() for PlatformAgent[MixinPlatformAgentDefault:ModLauncher Root Container(ModLauncher:4f56a0a2)]
[22Jun2025 03:47:21.930] [main/DEBUG] [mixin/]: Processing launch tasks for PlatformAgent[MixinPlatformAgentDefault:ModLauncher Root Container(ModLauncher:4f56a0a2)]
[22Jun2025 03:47:21.931] [main/DEBUG] [mixin/]: Adding mixin platform agents for container SecureJarResource(geckolib)
[22Jun2025 03:47:21.931] [main/DEBUG] [mixin/]: Instancing new MixinPlatformAgentMinecraftForge for SecureJarResource(geckolib)
[22Jun2025 03:47:21.931] [main/DEBUG] [mixin/]: MixinPlatformAgentMinecraftForge rejected container SecureJarResource(geckolib)
[22Jun2025 03:47:21.931] [main/DEBUG] [mixin/]: Instancing new MixinPlatformAgentDefault for SecureJarResource(geckolib)
[22Jun2025 03:47:21.931] [main/DEBUG] [mixin/]: MixinPlatformAgentDefault accepted container SecureJarResource(geckolib)
[22Jun2025 03:47:21.931] [main/DEBUG] [mixin/]: Processing prepare() for PlatformAgent[MixinPlatformAgentDefault:SecureJarResource(geckolib)]
[22Jun2025 03:47:21.931] [main/DEBUG] [mixin/]: Registering mixin config: geckolib.mixins.json
[22Jun2025 03:47:21.991] [main/DEBUG] [mixin/]: Compatibility level JAVA_17 specified by geckolib.mixins.json is higher than the maximum level supported by this version of mixin (JAVA_13).
[22Jun2025 03:47:22.000] [main/INFO] [mixin/]: Compatibility level set to JAVA_17
[22Jun2025 03:47:22.005] [main/DEBUG] [mixin/]: Adding mixin platform agents for container SecureJarResource(limitedchunks)
[22Jun2025 03:47:22.007] [main/DEBUG] [mixin/]: Instancing new MixinPlatformAgentMinecraftForge for SecureJarResource(limitedchunks)
[22Jun2025 03:47:22.007] [main/DEBUG] [mixin/]: MixinPlatformAgentMinecraftForge rejected container SecureJarResource(limitedchunks)
[22Jun2025 03:47:22.007] [main/DEBUG] [mixin/]: Instancing new MixinPlatformAgentDefault for SecureJarResource(limitedchunks)
[22Jun2025 03:47:22.007] [main/DEBUG] [mixin/]: MixinPlatformAgentDefault accepted container SecureJarResource(limitedchunks)
[22Jun2025 03:47:22.007] [main/DEBUG] [mixin/]: Processing prepare() for PlatformAgent[MixinPlatformAgentDefault:SecureJarResource(limitedchunks)]
[22Jun2025 03:47:22.007] [main/DEBUG] [mixin/]: Registering mixin config: limitedchunks.mixins.json
[22Jun2025 03:47:22.018] [main/DEBUG] [mixin/]: Adding mixin platform agents for container SecureJarResource(moregateways)
[22Jun2025 03:47:22.018] [main/DEBUG] [mixin/]: Instancing new MixinPlatformAgentMinecraftForge for SecureJarResource(moregateways)
[22Jun2025 03:47:22.029] [main/DEBUG] [mixin/]: MixinPlatformAgentMinecraftForge rejected container SecureJarResource(moregateways)
[22Jun2025 03:47:22.029] [main/DEBUG] [mixin/]: Instancing new MixinPlatformAgentDefault for SecureJarResource(moregateways)
[22Jun2025 03:47:22.029] [main/DEBUG] [mixin/]: MixinPlatformAgentDefault accepted container SecureJarResource(moregateways)
[22Jun2025 03:47:22.029] [main/DEBUG] [mixin/]: Processing prepare() for PlatformAgent[MixinPlatformAgentDefault:SecureJarResource(moregateways)]
[22Jun2025 03:47:22.031] [main/DEBUG] [mixin/]: Adding mixin platform agents for container SecureJarResource(rotten_flesh_to_leather)
[22Jun2025 03:47:22.031] [main/DEBUG] [mixin/]: Instancing new MixinPlatformAgentMinecraftForge for SecureJarResource(rotten_flesh_to_leather)
[22Jun2025 03:47:22.031] [main/DEBUG] [mixin/]: MixinPlatformAgentMinecraftForge rejected container SecureJarResource(rotten_flesh_to_leather)
[22Jun2025 03:47:22.031] [main/DEBUG] [mixin/]: Instancing new MixinPlatformAgentDefault for SecureJarResource(rotten_flesh_to_leather)
[22Jun2025 03:47:22.031] [main/DEBUG] [mixin/]: MixinPlatformAgentDefault accepted container SecureJarResource(rotten_flesh_to_leather)
[22Jun2025 03:47:22.031] [main/DEBUG] [mixin/]: Processing prepare() for PlatformAgent[MixinPlatformAgentDefault:SecureJarResource(rotten_flesh_to_leather)]
[22Jun2025 03:47:22.031] [main/DEBUG] [mixin/]: Adding mixin platform agents for container SecureJarResource(connectivity)
[22Jun2025 03:47:22.031] [main/DEBUG] [mixin/]: Instancing new MixinPlatformAgentMinecraftForge for SecureJarResource(connectivity)
[22Jun2025 03:47:22.031] [main/DEBUG] [mixin/]: MixinPlatformAgentMinecraftForge rejected container SecureJarResource(connectivity)
[22Jun2025 03:47:22.031] [main/DEBUG] [mixin/]: Instancing new MixinPlatformAgentDefault for SecureJarResource(connectivity)
[22Jun2025 03:47:22.031] [main/DEBUG] [mixin/]: MixinPlatformAgentDefault accepted container SecureJarResource(connectivity)
[22Jun2025 03:47:22.031] [main/DEBUG] [mixin/]: Processing prepare() for PlatformAgent[MixinPlatformAgentDefault:SecureJarResource(connectivity)]
[22Jun2025 03:47:22.032] [main/DEBUG] [mixin/]: Registering mixin config: connectivity.mixins.json
[22Jun2025 03:47:22.040] [main/DEBUG] [mixin/]: Adding mixin platform agents for container SecureJarResource(caelus)
[22Jun2025 03:47:22.043] [main/DEBUG] [mixin/]: Instancing new MixinPlatformAgentMinecraftForge for SecureJarResource(caelus)
[22Jun2025 03:47:22.046] [main/DEBUG] [mixin/]: MixinPlatformAgentMinecraftForge rejected container SecureJarResource(caelus)
[22Jun2025 03:47:22.046] [main/DEBUG] [mixin/]: Instancing new MixinPlatformAgentDefault for SecureJarResource(caelus)
[22Jun2025 03:47:22.046] [main/DEBUG] [mixin/]: MixinPlatformAgentDefault accepted container SecureJarResource(caelus)
[22Jun2025 03:47:22.046] [main/DEBUG] [mixin/]: Processing prepare() for PlatformAgent[MixinPlatformAgentDefault:SecureJarResource(caelus)]
[22Jun2025 03:47:22.047] [main/DEBUG] [mixin/]: Registering mixin config: caelus.mixins.json
[22Jun2025 03:47:22.052] [main/DEBUG] [mixin/]: Adding mixin platform agents for container SecureJarResource(sophisticatedcore)
[22Jun2025 03:47:22.052] [main/DEBUG] [mixin/]: Instancing new MixinPlatformAgentMinecraftForge for SecureJarResource(sophisticatedcore)
[22Jun2025 03:47:22.052] [main/DEBUG] [mixin/]: MixinPlatformAgentMinecraftForge rejected container SecureJarResource(sophisticatedcore)
[22Jun2025 03:47:22.052] [main/DEBUG] [mixin/]: Instancing new MixinPlatformAgentDefault for SecureJarResource(sophisticatedcore)
[22Jun2025 03:47:22.052] [main/DEBUG] [mixin/]: MixinPlatformAgentDefault accepted container SecureJarResource(sophisticatedcore)
[22Jun2025 03:47:22.052] [main/DEBUG] [mixin/]: Processing prepare() for PlatformAgent[MixinPlatformAgentDefault:SecureJarResource(sophisticatedcore)]
[22Jun2025 03:47:22.052] [main/DEBUG] [mixin/]: Adding mixin platform agents for container SecureJarResource(colytra)
[22Jun2025 03:47:22.052] [main/DEBUG] [mixin/]: Instancing new MixinPlatformAgentMinecraftForge for SecureJarResource(colytra)
[22Jun2025 03:47:22.052] [main/DEBUG] [mixin/]: MixinPlatformAgentMinecraftForge rejected container SecureJarResource(colytra)
[22Jun2025 03:47:22.052] [main/DEBUG] [mixin/]: Instancing new MixinPlatformAgentDefault for SecureJarResource(colytra)
[22Jun2025 03:47:22.052] [main/DEBUG] [mixin/]: MixinPlatformAgentDefault accepted container SecureJarResource(colytra)
[22Jun2025 03:47:22.052] [main/DEBUG] [mixin/]: Processing prepare() for PlatformAgent[MixinPlatformAgentDefault:SecureJarResource(colytra)]
[22Jun2025 03:47:22.052] [main/DEBUG] [mixin/]: Adding mixin platform agents for container SecureJarResource(villagernames)
[22Jun2025 03:47:22.052] [main/DEBUG] [mixin/]: Instancing new MixinPlatformAgentMinecraftForge for SecureJarResource(villagernames)
[22Jun2025 03:47:22.052] [main/DEBUG] [mixin/]: MixinPlatformAgentMinecraftForge rejected container SecureJarResource(villagernames)
[22Jun2025 03:47:22.052] [main/DEBUG] [mixin/]: Instancing new MixinPlatformAgentDefault for SecureJarResource(villagernames)
[22Jun2025 03:47:22.052] [main/DEBUG] [mixin/]: MixinPlatformAgentDefault accepted container SecureJarResource(villagernames)
[22Jun2025 03:47:22.053] [main/DEBUG] [mixin/]: Processing prepare() for PlatformAgent[MixinPlatformAgentDefault:SecureJarResource(villagernames)]
[22Jun2025 03:47:22.053] [main/DEBUG] [mixin/]: Registering mixin config: villagernames_forge.mixins.json
[22Jun2025 03:47:22.056] [main/DEBUG] [mixin/]: Adding mixin platform agents for container SecureJarResource(mcwpaintings)
[22Jun2025 03:47:22.058] [main/DEBUG] [mixin/]: Instancing new MixinPlatformAgentMinecraftForge for SecureJarResource(mcwpaintings)
[22Jun2025 03:47:22.058] [main/DEBUG] [mixin/]: MixinPlatformAgentMinecraftForge rejected container SecureJarResource(mcwpaintings)
[22Jun2025 03:47:22.058] [main/DEBUG] [mixin/]: Instancing new MixinPlatformAgentDefault for SecureJarResource(mcwpaintings)
[22Jun2025 03:47:22.058] [main/DEBUG] [mixin/]: MixinPlatformAgentDefault accepted container SecureJarResource(mcwpaintings)
[22Jun2025 03:47:22.059] [main/DEBUG] [mixin/]: Processing prepare() for PlatformAgent[MixinPlatformAgentDefault:SecureJarResource(mcwpaintings)]
[22Jun2025 03:47:22.059] [main/DEBUG] [mixin/]: Adding mixin platform agents for container SecureJarResource(fastsuite)
[22Jun2025 03:47:22.059] [main/DEBUG] [mixin/]: Instancing new MixinPlatformAgentMinecraftForge for SecureJarResource(fastsuite)
[22Jun2025 03:47:22.059] [main/DEBUG] [mixin/]: MixinPlatformAgentMinecraftForge rejected container SecureJarResource(fastsuite)
[22Jun2025 03:47:22.059] [main/DEBUG] [mixin/]: Instancing new MixinPlatformAgentDefault for SecureJarResource(fastsuite)
[22Jun2025 03:47:22.059] [main/DEBUG] [mixin/]: MixinPlatformAgentDefault accepted container SecureJarResource(fastsuite)
[22Jun2025 03:47:22.059] [main/DEBUG] [mixin/]: Processing prepare() for PlatformAgent[MixinPlatformAgentDefault:SecureJarResource(fastsuite)]
[22Jun2025 03:47:22.059] [main/DEBUG] [mixin/]: Registering mixin config: fastsuite.mixins.json
[22Jun2025 03:47:22.061] [main/DEBUG] [mixin/]: Adding mixin platform agents for container SecureJarResource(journeymap)
[22Jun2025 03:47:22.061] [main/DEBUG] [mixin/]: Instancing new MixinPlatformAgentMinecraftForge for SecureJarResource(journeymap)
[22Jun2025 03:47:22.061] [main/DEBUG] [mixin/]: MixinPlatformAgentMinecraftForge rejected container SecureJarResource(journeymap)
[22Jun2025 03:47:22.061] [main/DEBUG] [mixin/]: Instancing new MixinPlatformAgentDefault for SecureJarResource(journeymap)
[22Jun2025 03:47:22.061] [main/DEBUG] [mixin/]: MixinPlatformAgentDefault accepted container SecureJarResource(journeymap)
[22Jun2025 03:47:22.061] [main/DEBUG] [mixin/]: Processing prepare() for PlatformAgent[MixinPlatformAgentDefault:SecureJarResource(journeymap)]
[22Jun2025 03:47:22.061] [main/DEBUG] [mixin/]: Registering mixin config: journeymap.mixins.json
[22Jun2025 03:47:22.072] [main/DEBUG] [mixin/]: Adding mixin platform agents for container SecureJarResource(fastasyncworldsave)
[22Jun2025 03:47:22.074] [main/DEBUG] [mixin/]: Instancing new MixinPlatformAgentMinecraftForge for SecureJarResource(fastasyncworldsave)
[22Jun2025 03:47:22.074] [main/DEBUG] [mixin/]: MixinPlatformAgentMinecraftForge rejected container SecureJarResource(fastasyncworldsave)
[22Jun2025 03:47:22.075] [main/DEBUG] [mixin/]: Instancing new MixinPlatformAgentDefault for SecureJarResource(fastasyncworldsave)
[22Jun2025 03:47:22.075] [main/DEBUG] [mixin/]: MixinPlatformAgentDefault accepted container SecureJarResource(fastasyncworldsave)
[22Jun2025 03:47:22.075] [main/DEBUG] [mixin/]: Processing prepare() for PlatformAgent[MixinPlatformAgentDefault:SecureJarResource(fastasyncworldsave)]
[22Jun2025 03:47:22.075] [main/DEBUG] [mixin/]: Registering mixin config: fastasyncworldsave.mixins.json
[22Jun2025 03:47:22.077] [main/DEBUG] [mixin/]: Adding mixin platform agents for container SecureJarResource(placebo)
[22Jun2025 03:47:22.077] [main/DEBUG] [mixin/]: Instancing new MixinPlatformAgentMinecraftForge for SecureJarResource(placebo)
[22Jun2025 03:47:22.081] [main/DEBUG] [mixin/]: MixinPlatformAgentMinecraftForge rejected container SecureJarResource(placebo)
[22Jun2025 03:47:22.083] [main/DEBUG] [mixin/]: Instancing new MixinPlatformAgentDefault for SecureJarResource(placebo)
[22Jun2025 03:47:22.084] [main/DEBUG] [mixin/]: MixinPlatformAgentDefault accepted container SecureJarResource(placebo)
[22Jun2025 03:47:22.084] [main/DEBUG] [mixin/]: Processing prepare() for PlatformAgent[MixinPlatformAgentDefault:SecureJarResource(placebo)]
[22Jun2025 03:47:22.084] [main/DEBUG] [mixin/]: Registering mixin config: placebo.mixins.json
[22Jun2025 03:47:22.086] [main/DEBUG] [mixin/]: Adding mixin platform agents for container SecureJarResource(modernfix)
[22Jun2025 03:47:22.086] [main/DEBUG] [mixin/]: Instancing new MixinPlatformAgentMinecraftForge for SecureJarResource(modernfix)
[22Jun2025 03:47:22.087] [main/DEBUG] [mixin/]: MixinPlatformAgentMinecraftForge rejected container SecureJarResource(modernfix)
[22Jun2025 03:47:22.087] [main/DEBUG] [mixin/]: Instancing new MixinPlatformAgentDefault for SecureJarResource(modernfix)
[22Jun2025 03:47:22.087] [main/DEBUG] [mixin/]: MixinPlatformAgentDefault accepted container SecureJarResource(modernfix)
[22Jun2025 03:47:22.087] [main/DEBUG] [mixin/]: Processing prepare() for PlatformAgent[MixinPlatformAgentDefault:SecureJarResource(modernfix)]
[22Jun2025 03:47:22.087] [main/DEBUG] [mixin/]: Registering mixin config: modernfix-common.mixins.json
[22Jun2025 03:47:22.091] [main/DEBUG] [mixin/]: Registering mixin config: modernfix-forge.mixins.json
[22Jun2025 03:47:22.099] [main/DEBUG] [mixin/]: Adding mixin platform agents for container SecureJarResource(jei)
[22Jun2025 03:47:22.099] [main/DEBUG] [mixin/]: Instancing new MixinPlatformAgentMinecraftForge for SecureJarResource(jei)
[22Jun2025 03:47:22.099] [main/DEBUG] [mixin/]: MixinPlatformAgentMinecraftForge rejected container SecureJarResource(jei)
[22Jun2025 03:47:22.099] [main/DEBUG] [mixin/]: Instancing new MixinPlatformAgentDefault for SecureJarResource(jei)
[22Jun2025 03:47:22.099] [main/DEBUG] [mixin/]: MixinPlatformAgentDefault accepted container SecureJarResource(jei)
[22Jun2025 03:47:22.099] [main/DEBUG] [mixin/]: Processing prepare() for PlatformAgent[MixinPlatformAgentDefault:SecureJarResource(jei)]
[22Jun2025 03:47:22.099] [main/DEBUG] [mixin/]: Adding mixin platform agents for container SecureJarResource(yungsapi)
[22Jun2025 03:47:22.099] [main/DEBUG] [mixin/]: Instancing new MixinPlatformAgentMinecraftForge for SecureJarResource(yungsapi)
[22Jun2025 03:47:22.100] [main/DEBUG] [mixin/]: MixinPlatformAgentMinecraftForge rejected container SecureJarResource(yungsapi)
[22Jun2025 03:47:22.100] [main/DEBUG] [mixin/]: Instancing new MixinPlatformAgentDefault for SecureJarResource(yungsapi)
[22Jun2025 03:47:22.100] [main/DEBUG] [mixin/]: MixinPlatformAgentDefault accepted container SecureJarResource(yungsapi)
[22Jun2025 03:47:22.100] [main/DEBUG] [mixin/]: Processing prepare() for PlatformAgent[MixinPlatformAgentDefault:SecureJarResource(yungsapi)]
[22Jun2025 03:47:22.100] [main/DEBUG] [mixin/]: Registering mixin config: yungsapi.mixins.json
[22Jun2025 03:47:22.103] [main/DEBUG] [mixin/]: Registering mixin config: yungsapi_forge.mixins.json
[22Jun2025 03:47:22.107] [main/DEBUG] [mixin/]: Adding mixin platform agents for container SecureJarResource(mixinextras)
[22Jun2025 03:47:22.107] [main/DEBUG] [mixin/]: Instancing new MixinPlatformAgentMinecraftForge for SecureJarResource(mixinextras)
[22Jun2025 03:47:22.107] [main/DEBUG] [mixin/]: MixinPlatformAgentMinecraftForge rejected container SecureJarResource(mixinextras)
[22Jun2025 03:47:22.107] [main/DEBUG] [mixin/]: Instancing new MixinPlatformAgentDefault for SecureJarResource(mixinextras)
[22Jun2025 03:47:22.108] [main/DEBUG] [mixin/]: MixinPlatformAgentDefault accepted container SecureJarResource(mixinextras)
[22Jun2025 03:47:22.108] [main/DEBUG] [mixin/]: Processing prepare() for PlatformAgent[MixinPlatformAgentDefault:SecureJarResource(mixinextras)]
[22Jun2025 03:47:22.109] [main/DEBUG] [mixin/]: Registering mixin config: mixinextras.init.mixins.json
[22Jun2025 03:47:22.112] [main/DEBUG] [mixin/]: Adding mixin platform agents for container SecureJarResource(sophisticatedbackpacks)
[22Jun2025 03:47:22.112] [main/DEBUG] [mixin/]: Instancing new MixinPlatformAgentMinecraftForge for SecureJarResource(sophisticatedbackpacks)
[22Jun2025 03:47:22.112] [main/DEBUG] [mixin/]: MixinPlatformAgentMinecraftForge rejected container SecureJarResource(sophisticatedbackpacks)
[22Jun2025 03:47:22.112] [main/DEBUG] [mixin/]: Instancing new MixinPlatformAgentDefault for SecureJarResource(sophisticatedbackpacks)
[22Jun2025 03:47:22.112] [main/DEBUG] [mixin/]: MixinPlatformAgentDefault accepted container SecureJarResource(sophisticatedbackpacks)
[22Jun2025 03:47:22.112] [main/DEBUG] [mixin/]: Processing prepare() for PlatformAgent[MixinPlatformAgentDefault:SecureJarResource(sophisticatedbackpacks)]
[22Jun2025 03:47:22.112] [main/DEBUG] [mixin/]: Adding mixin platform agents for container SecureJarResource(starlight)
[22Jun2025 03:47:22.112] [main/DEBUG] [mixin/]: Instancing new MixinPlatformAgentMinecraftForge for SecureJarResource(starlight)
[22Jun2025 03:47:22.112] [main/DEBUG] [mixin/]: MixinPlatformAgentMinecraftForge rejected container SecureJarResource(starlight)
[22Jun2025 03:47:22.112] [main/DEBUG] [mixin/]: Instancing new MixinPlatformAgentDefault for SecureJarResource(starlight)
[22Jun2025 03:47:22.112] [main/DEBUG] [mixin/]: MixinPlatformAgentDefault accepted container SecureJarResource(starlight)
[22Jun2025 03:47:22.112] [main/DEBUG] [mixin/]: Processing prepare() for PlatformAgent[MixinPlatformAgentDefault:SecureJarResource(starlight)]
[22Jun2025 03:47:22.112] [main/DEBUG] [mixin/]: Registering mixin config: starlight.mixins.json
[22Jun2025 03:47:22.124] [main/DEBUG] [mixin/]: Adding mixin platform agents for container SecureJarResource(oceanic_delight)
[22Jun2025 03:47:22.125] [main/DEBUG] [mixin/]: Instancing new MixinPlatformAgentMinecraftForge for SecureJarResource(oceanic_delight)
[22Jun2025 03:47:22.125] [main/DEBUG] [mixin/]: MixinPlatformAgentMinecraftForge rejected container SecureJarResource(oceanic_delight)
[22Jun2025 03:47:22.125] [main/DEBUG] [mixin/]: Instancing new MixinPlatformAgentDefault for SecureJarResource(oceanic_delight)
[22Jun2025 03:47:22.125] [main/DEBUG] [mixin/]: MixinPlatformAgentDefault accepted container SecureJarResource(oceanic_delight)
[22Jun2025 03:47:22.125] [main/DEBUG] [mixin/]: Processing prepare() for PlatformAgent[MixinPlatformAgentDefault:SecureJarResource(oceanic_delight)]
[22Jun2025 03:47:22.125] [main/DEBUG] [mixin/]: Adding mixin platform agents for container SecureJarResource(memoryleakfix)
[22Jun2025 03:47:22.125] [main/DEBUG] [mixin/]: Instancing new MixinPlatformAgentMinecraftForge for SecureJarResource(memoryleakfix)
[22Jun2025 03:47:22.125] [main/DEBUG] [mixin/]: MixinPlatformAgentMinecraftForge rejected container SecureJarResource(memoryleakfix)
[22Jun2025 03:47:22.125] [main/DEBUG] [mixin/]: Instancing new MixinPlatformAgentDefault for SecureJarResource(memoryleakfix)
[22Jun2025 03:47:22.125] [main/DEBUG] [mixin/]: MixinPlatformAgentDefault accepted container SecureJarResource(memoryleakfix)
[22Jun2025 03:47:22.125] [main/DEBUG] [mixin/]: Processing prepare() for PlatformAgent[MixinPlatformAgentDefault:SecureJarResource(memoryleakfix)]
[22Jun2025 03:47:22.125] [main/DEBUG] [mixin/]: Registering mixin config: memoryleakfix.mixins.json
[22Jun2025 03:47:22.133] [main/DEBUG] [mixin/]: Compatibility level JAVA_8 specified by memoryleakfix.mixins.json is lower than the default level supported by the current mixin service (JAVA_16).
[22Jun2025 03:47:22.133] [main/DEBUG] [mixin/]: Adding mixin platform agents for container SecureJarResource(puzzlesaccessapi)
[22Jun2025 03:47:22.133] [main/DEBUG] [mixin/]: Instancing new MixinPlatformAgentMinecraftForge for SecureJarResource(puzzlesaccessapi)
[22Jun2025 03:47:22.133] [main/DEBUG] [mixin/]: MixinPlatformAgentMinecraftForge rejected container SecureJarResource(puzzlesaccessapi)
[22Jun2025 03:47:22.133] [main/DEBUG] [mixin/]: Instancing new MixinPlatformAgentDefault for SecureJarResource(puzzlesaccessapi)
[22Jun2025 03:47:22.133] [main/DEBUG] [mixin/]: MixinPlatformAgentDefault accepted container SecureJarResource(puzzlesaccessapi)
[22Jun2025 03:47:22.133] [main/DEBUG] [mixin/]: Processing prepare() for PlatformAgent[MixinPlatformAgentDefault:SecureJarResource(puzzlesaccessapi)]
[22Jun2025 03:47:22.135] [main/DEBUG] [mixin/]: Registering mixin config: puzzlesaccessapi.common.mixins.json
[22Jun2025 03:47:22.137] [main/DEBUG] [mixin/]: Registering mixin config: puzzlesaccessapi.forge.mixins.json
[22Jun2025 03:47:22.141] [main/DEBUG] [mixin/]: Adding mixin platform agents for container SecureJarResource(betterfortresses)
[22Jun2025 03:47:22.141] [main/DEBUG] [mixin/]: Instancing new MixinPlatformAgentMinecraftForge for SecureJarResource(betterfortresses)
[22Jun2025 03:47:22.141] [main/DEBUG] [mixin/]: MixinPlatformAgentMinecraftForge rejected container SecureJarResource(betterfortresses)
[22Jun2025 03:47:22.141] [main/DEBUG] [mixin/]: Instancing new MixinPlatformAgentDefault for SecureJarResource(betterfortresses)
[22Jun2025 03:47:22.141] [main/DEBUG] [mixin/]: MixinPlatformAgentDefault accepted container SecureJarResource(betterfortresses)
[22Jun2025 03:47:22.141] [main/DEBUG] [mixin/]: Processing prepare() for PlatformAgent[MixinPlatformAgentDefault:SecureJarResource(betterfortresses)]
[22Jun2025 03:47:22.141] [main/DEBUG] [mixin/]: Registering mixin config: betterfortresses.mixins.json
[22Jun2025 03:47:22.149] [main/DEBUG] [mixin/]: Registering mixin config: betterfortresses_forge.mixins.json
[22Jun2025 03:47:22.154] [main/DEBUG] [mixin/]: Adding mixin platform agents for container SecureJarResource(cloth_config)
[22Jun2025 03:47:22.154] [main/DEBUG] [mixin/]: Instancing new MixinPlatformAgentMinecraftForge for SecureJarResource(cloth_config)
[22Jun2025 03:47:22.154] [main/DEBUG] [mixin/]: MixinPlatformAgentMinecraftForge rejected container SecureJarResource(cloth_config)
[22Jun2025 03:47:22.154] [main/DEBUG] [mixin/]: Instancing new MixinPlatformAgentDefault for SecureJarResource(cloth_config)
[22Jun2025 03:47:22.154] [main/DEBUG] [mixin/]: MixinPlatformAgentDefault accepted container SecureJarResource(cloth_config)
[22Jun2025 03:47:22.154] [main/DEBUG] [mixin/]: Processing prepare() for PlatformAgent[MixinPlatformAgentDefault:SecureJarResource(cloth_config)]
[22Jun2025 03:47:22.154] [main/DEBUG] [mixin/]: Adding mixin platform agents for container SecureJarResource(forge)
[22Jun2025 03:47:22.154] [main/DEBUG] [mixin/]: Instancing new MixinPlatformAgentMinecraftForge for SecureJarResource(forge)
[22Jun2025 03:47:22.154] [main/DEBUG] [mixin/]: MixinPlatformAgentMinecraftForge rejected container SecureJarResource(forge)
[22Jun2025 03:47:22.154] [main/DEBUG] [mixin/]: Instancing new MixinPlatformAgentDefault for SecureJarResource(forge)
[22Jun2025 03:47:22.154] [main/DEBUG] [mixin/]: MixinPlatformAgentDefault accepted container SecureJarResource(forge)
[22Jun2025 03:47:22.154] [main/DEBUG] [mixin/]: Processing prepare() for PlatformAgent[MixinPlatformAgentDefault:SecureJarResource(forge)]
[22Jun2025 03:47:22.154] [main/DEBUG] [mixin/]: Adding mixin platform agents for container SecureJarResource(more_slabs_stairs_and_walls)
[22Jun2025 03:47:22.154] [main/DEBUG] [mixin/]: Instancing new MixinPlatformAgentMinecraftForge for SecureJarResource(more_slabs_stairs_and_walls)
[22Jun2025 03:47:22.154] [main/DEBUG] [mixin/]: MixinPlatformAgentMinecraftForge rejected container SecureJarResource(more_slabs_stairs_and_walls)
[22Jun2025 03:47:22.154] [main/DEBUG] [mixin/]: Instancing new MixinPlatformAgentDefault for SecureJarResource(more_slabs_stairs_and_walls)
[22Jun2025 03:47:22.154] [main/DEBUG] [mixin/]: MixinPlatformAgentDefault accepted container SecureJarResource(more_slabs_stairs_and_walls)
[22Jun2025 03:47:22.154] [main/DEBUG] [mixin/]: Processing prepare() for PlatformAgent[MixinPlatformAgentDefault:SecureJarResource(more_slabs_stairs_and_walls)]
[22Jun2025 03:47:22.154] [main/DEBUG] [mixin/]: Registering mixin config: more_slabs_stairs_and_walls-common.mixins.json
[22Jun2025 03:47:22.161] [main/DEBUG] [mixin/]: Adding mixin platform agents for container SecureJarResource(enemyexpansion)
[22Jun2025 03:47:22.161] [main/DEBUG] [mixin/]: Instancing new MixinPlatformAgentMinecraftForge for SecureJarResource(enemyexpansion)
[22Jun2025 03:47:22.161] [main/DEBUG] [mixin/]: MixinPlatformAgentMinecraftForge rejected container SecureJarResource(enemyexpansion)
[22Jun2025 03:47:22.161] [main/DEBUG] [mixin/]: Instancing new MixinPlatformAgentDefault for SecureJarResource(enemyexpansion)
[22Jun2025 03:47:22.161] [main/DEBUG] [mixin/]: MixinPlatformAgentDefault accepted container SecureJarResource(enemyexpansion)
[22Jun2025 03:47:22.161] [main/DEBUG] [mixin/]: Processing prepare() for PlatformAgent[MixinPlatformAgentDefault:SecureJarResource(enemyexpansion)]
[22Jun2025 03:47:22.161] [main/DEBUG] [mixin/]: Adding mixin platform agents for container SecureJarResource(minecraft)
[22Jun2025 03:47:22.161] [main/DEBUG] [mixin/]: Instancing new MixinPlatformAgentMinecraftForge for SecureJarResource(minecraft)
[22Jun2025 03:47:22.161] [main/DEBUG] [mixin/]: MixinPlatformAgentMinecraftForge rejected container SecureJarResource(minecraft)
[22Jun2025 03:47:22.161] [main/DEBUG] [mixin/]: Instancing new MixinPlatformAgentDefault for SecureJarResource(minecraft)
[22Jun2025 03:47:22.161] [main/DEBUG] [mixin/]: MixinPlatformAgentDefault accepted container SecureJarResource(minecraft)
[22Jun2025 03:47:22.161] [main/DEBUG] [mixin/]: Processing prepare() for PlatformAgent[MixinPlatformAgentDefault:SecureJarResource(minecraft)]
[22Jun2025 03:47:22.161] [main/DEBUG] [mixin/]: Adding mixin platform agents for container SecureJarResource(smoothchunk)
[22Jun2025 03:47:22.161] [main/DEBUG] [mixin/]: Instancing new MixinPlatformAgentMinecraftForge for SecureJarResource(smoothchunk)
[22Jun2025 03:47:22.161] [main/DEBUG] [mixin/]: MixinPlatformAgentMinecraftForge rejected container SecureJarResource(smoothchunk)
[22Jun2025 03:47:22.161] [main/DEBUG] [mixin/]: Instancing new MixinPlatformAgentDefault for SecureJarResource(smoothchunk)
[22Jun2025 03:47:22.161] [main/DEBUG] [mixin/]: MixinPlatformAgentDefault accepted container SecureJarResource(smoothchunk)
[22Jun2025 03:47:22.161] [main/DEBUG] [mixin/]: Processing prepare() for PlatformAgent[MixinPlatformAgentDefault:SecureJarResource(smoothchunk)]
[22Jun2025 03:47:22.161] [main/DEBUG] [mixin/]: Registering mixin config: smoothchunk.mixins.json
[22Jun2025 03:47:22.171] [main/DEBUG] [mixin/]: Adding mixin platform agents for container SecureJarResource(farmersdelight)
[22Jun2025 03:47:22.171] [main/DEBUG] [mixin/]: Instancing new MixinPlatformAgentMinecraftForge for SecureJarResource(farmersdelight)
[22Jun2025 03:47:22.171] [main/DEBUG] [mixin/]: MixinPlatformAgentMinecraftForge rejected container SecureJarResource(farmersdelight)
[22Jun2025 03:47:22.171] [main/DEBUG] [mixin/]: Instancing new MixinPlatformAgentDefault for SecureJarResource(farmersdelight)
[22Jun2025 03:47:22.171] [main/DEBUG] [mixin/]: MixinPlatformAgentDefault accepted container SecureJarResource(farmersdelight)
[22Jun2025 03:47:22.171] [main/DEBUG] [mixin/]: Processing prepare() for PlatformAgent[MixinPlatformAgentDefault:SecureJarResource(farmersdelight)]
[22Jun2025 03:47:22.171] [main/DEBUG] [mixin/]: Registering mixin config: farmersdelight.mixins.json
[22Jun2025 03:47:22.181] [main/DEBUG] [mixin/]: Adding mixin platform agents for container SecureJarResource(skinnedlanterns)
[22Jun2025 03:47:22.182] [main/DEBUG] [mixin/]: Instancing new MixinPlatformAgentMinecraftForge for SecureJarResource(skinnedlanterns)
[22Jun2025 03:47:22.182] [main/DEBUG] [mixin/]: MixinPlatformAgentMinecraftForge rejected container SecureJarResource(skinnedlanterns)
[22Jun2025 03:47:22.182] [main/DEBUG] [mixin/]: Instancing new MixinPlatformAgentDefault for SecureJarResource(skinnedlanterns)
[22Jun2025 03:47:22.182] [main/DEBUG] [mixin/]: MixinPlatformAgentDefault accepted container SecureJarResource(skinnedlanterns)
[22Jun2025 03:47:22.182] [main/DEBUG] [mixin/]: Processing prepare() for PlatformAgent[MixinPlatformAgentDefault:SecureJarResource(skinnedlanterns)]
[22Jun2025 03:47:22.182] [main/DEBUG] [mixin/]: Adding mixin platform agents for container SecureJarResource(fcl)
[22Jun2025 03:47:22.182] [main/DEBUG] [mixin/]: Instancing new MixinPlatformAgentMinecraftForge for SecureJarResource(fcl)
[22Jun2025 03:47:22.182] [main/DEBUG] [mixin/]: MixinPlatformAgentMinecraftForge rejected container SecureJarResource(fcl)
[22Jun2025 03:47:22.182] [main/DEBUG] [mixin/]: Instancing new MixinPlatformAgentDefault for SecureJarResource(fcl)
[22Jun2025 03:47:22.182] [main/DEBUG] [mixin/]: MixinPlatformAgentDefault accepted container SecureJarResource(fcl)
[22Jun2025 03:47:22.182] [main/DEBUG] [mixin/]: Processing prepare() for PlatformAgent[MixinPlatformAgentDefault:SecureJarResource(fcl)]
[22Jun2025 03:47:22.182] [main/DEBUG] [mixin/]: Registering mixin config: fcl.mixins.json
[22Jun2025 03:47:22.187] [main/ERROR] [mixin/]: Mixin config fcl.mixins.json does not specify "minVersion" property
[22Jun2025 03:47:22.188] [main/DEBUG] [mixin/]: Adding mixin platform agents for container SecureJarResource(fsmm)
[22Jun2025 03:47:22.188] [main/DEBUG] [mixin/]: Instancing new MixinPlatformAgentMinecraftForge for SecureJarResource(fsmm)
[22Jun2025 03:47:22.188] [main/DEBUG] [mixin/]: MixinPlatformAgentMinecraftForge rejected container SecureJarResource(fsmm)
[22Jun2025 03:47:22.188] [main/DEBUG] [mixin/]: Instancing new MixinPlatformAgentDefault for SecureJarResource(fsmm)
[22Jun2025 03:47:22.189] [main/DEBUG] [mixin/]: MixinPlatformAgentDefault accepted container SecureJarResource(fsmm)
[22Jun2025 03:47:22.189] [main/DEBUG] [mixin/]: Processing prepare() for PlatformAgent[MixinPlatformAgentDefault:SecureJarResource(fsmm)]
[22Jun2025 03:47:22.189] [main/DEBUG] [mixin/]: Adding mixin platform agents for container SecureJarResource(spectrelib)
[22Jun2025 03:47:22.189] [main/DEBUG] [mixin/]: Instancing new MixinPlatformAgentMinecraftForge for SecureJarResource(spectrelib)
[22Jun2025 03:47:22.189] [main/DEBUG] [mixin/]: MixinPlatformAgentMinecraftForge rejected container SecureJarResource(spectrelib)
[22Jun2025 03:47:22.189] [main/DEBUG] [mixin/]: Instancing new MixinPlatformAgentDefault for SecureJarResource(spectrelib)
[22Jun2025 03:47:22.189] [main/DEBUG] [mixin/]: MixinPlatformAgentDefault accepted container SecureJarResource(spectrelib)
[22Jun2025 03:47:22.189] [main/DEBUG] [mixin/]: Processing prepare() for PlatformAgent[MixinPlatformAgentDefault:SecureJarResource(spectrelib)]
[22Jun2025 03:47:22.189] [main/DEBUG] [mixin/]: Adding mixin platform agents for container SecureJarResource(ksyxis)
[22Jun2025 03:47:22.189] [main/DEBUG] [mixin/]: Instancing new MixinPlatformAgentMinecraftForge for SecureJarResource(ksyxis)
[22Jun2025 03:47:22.189] [main/DEBUG] [mixin/]: MixinPlatformAgentMinecraftForge rejected container SecureJarResource(ksyxis)
[22Jun2025 03:47:22.189] [main/DEBUG] [mixin/]: Instancing new MixinPlatformAgentDefault for SecureJarResource(ksyxis)
[22Jun2025 03:47:22.189] [main/DEBUG] [mixin/]: MixinPlatformAgentDefault accepted container SecureJarResource(ksyxis)
[22Jun2025 03:47:22.190] [main/DEBUG] [mixin/]: Processing prepare() for PlatformAgent[MixinPlatformAgentDefault:SecureJarResource(ksyxis)]
[22Jun2025 03:47:22.190] [main/DEBUG] [mixin/]: Registering mixin config: ksyxis.mixins.json
[22Jun2025 03:47:22.191] [main/DEBUG] [mixin/]: Compatibility level JAVA_8 specified by ksyxis.mixins.json is lower than the default level supported by the current mixin service (JAVA_16).
[22Jun2025 03:47:22.194] [main/DEBUG] [mixin/]: Adding mixin platform agents for container SecureJarResource(collective)
[22Jun2025 03:47:22.195] [main/DEBUG] [mixin/]: Instancing new MixinPlatformAgentMinecraftForge for SecureJarResource(collective)
[22Jun2025 03:47:22.195] [main/DEBUG] [mixin/]: MixinPlatformAgentMinecraftForge rejected container SecureJarResource(collective)
[22Jun2025 03:47:22.195] [main/DEBUG] [mixin/]: Instancing new MixinPlatformAgentDefault for SecureJarResource(collective)
[22Jun2025 03:47:22.195] [main/DEBUG] [mixin/]: MixinPlatformAgentDefault accepted container SecureJarResource(collective)
[22Jun2025 03:47:22.196] [main/DEBUG] [mixin/]: Processing prepare() for PlatformAgent[MixinPlatformAgentDefault:SecureJarResource(collective)]
[22Jun2025 03:47:22.196] [main/DEBUG] [mixin/]: Registering mixin config: collective_forge.mixins.json
[22Jun2025 03:47:22.203] [main/DEBUG] [mixin/]: Adding mixin platform agents for container SecureJarResource(advancednetherite)
[22Jun2025 03:47:22.203] [main/DEBUG] [mixin/]: Instancing new MixinPlatformAgentMinecraftForge for SecureJarResource(advancednetherite)
[22Jun2025 03:47:22.203] [main/DEBUG] [mixin/]: MixinPlatformAgentMinecraftForge rejected container SecureJarResource(advancednetherite)
[22Jun2025 03:47:22.205] [main/DEBUG] [mixin/]: Instancing new MixinPlatformAgentDefault for SecureJarResource(advancednetherite)
[22Jun2025 03:47:22.205] [main/DEBUG] [mixin/]: MixinPlatformAgentDefault accepted container SecureJarResource(advancednetherite)
[22Jun2025 03:47:22.205] [main/DEBUG] [mixin/]: Processing prepare() for PlatformAgent[MixinPlatformAgentDefault:SecureJarResource(advancednetherite)]
[22Jun2025 03:47:22.206] [main/DEBUG] [mixin/]: Adding mixin platform agents for container SecureJarResource(storagedrawers)
[22Jun2025 03:47:22.207] [main/DEBUG] [mixin/]: Instancing new MixinPlatformAgentMinecraftForge for SecureJarResource(storagedrawers)
[22Jun2025 03:47:22.208] [main/DEBUG] [mixin/]: MixinPlatformAgentMinecraftForge rejected container SecureJarResource(storagedrawers)
[22Jun2025 03:47:22.208] [main/DEBUG] [mixin/]: Instancing new MixinPlatformAgentDefault for SecureJarResource(storagedrawers)
[22Jun2025 03:47:22.208] [main/DEBUG] [mixin/]: MixinPlatformAgentDefault accepted container SecureJarResource(storagedrawers)
[22Jun2025 03:47:22.208] [main/DEBUG] [mixin/]: Processing prepare() for PlatformAgent[MixinPlatformAgentDefault:SecureJarResource(storagedrawers)]
[22Jun2025 03:47:22.209] [main/DEBUG] [mixin/]: Adding mixin platform agents for container SecureJarResource(parcool)
[22Jun2025 03:47:22.209] [main/DEBUG] [mixin/]: Instancing new MixinPlatformAgentMinecraftForge for SecureJarResource(parcool)
[22Jun2025 03:47:22.209] [main/DEBUG] [mixin/]: MixinPlatformAgentMinecraftForge rejected container SecureJarResource(parcool)
[22Jun2025 03:47:22.209] [main/DEBUG] [mixin/]: Instancing new MixinPlatformAgentDefault for SecureJarResource(parcool)
[22Jun2025 03:47:22.209] [main/DEBUG] [mixin/]: MixinPlatformAgentDefault accepted container SecureJarResource(parcool)
[22Jun2025 03:47:22.209] [main/DEBUG] [mixin/]: Processing prepare() for PlatformAgent[MixinPlatformAgentDefault:SecureJarResource(parcool)]
[22Jun2025 03:47:22.209] [main/DEBUG] [mixin/]: Registering mixin config: parcool.mixins.json
[22Jun2025 03:47:22.215] [main/DEBUG] [mixin/]: Compatibility level JAVA_8 specified by parcool.mixins.json is lower than the default level supported by the current mixin service (JAVA_16).
[22Jun2025 03:47:22.217] [main/DEBUG] [mixin/]: Adding mixin platform agents for container SecureJarResource(mr_dungeons_andtaverns)
[22Jun2025 03:47:22.217] [main/DEBUG] [mixin/]: Instancing new MixinPlatformAgentMinecraftForge for SecureJarResource(mr_dungeons_andtaverns)
[22Jun2025 03:47:22.217] [main/DEBUG] [mixin/]: MixinPlatformAgentMinecraftForge rejected container SecureJarResource(mr_dungeons_andtaverns)
[22Jun2025 03:47:22.217] [main/DEBUG] [mixin/]: Instancing new MixinPlatformAgentDefault for SecureJarResource(mr_dungeons_andtaverns)
[22Jun2025 03:47:22.217] [main/DEBUG] [mixin/]: MixinPlatformAgentDefault accepted container SecureJarResource(mr_dungeons_andtaverns)
[22Jun2025 03:47:22.217] [main/DEBUG] [mixin/]: Processing prepare() for PlatformAgent[MixinPlatformAgentDefault:SecureJarResource(mr_dungeons_andtaverns)]
[22Jun2025 03:47:22.220] [main/DEBUG] [mixin/]: Adding mixin platform agents for container SecureJarResource(betterstrongholds)
[22Jun2025 03:47:22.220] [main/DEBUG] [mixin/]: Instancing new MixinPlatformAgentMinecraftForge for SecureJarResource(betterstrongholds)
[22Jun2025 03:47:22.220] [main/DEBUG] [mixin/]: MixinPlatformAgentMinecraftForge rejected container SecureJarResource(betterstrongholds)
[22Jun2025 03:47:22.221] [main/DEBUG] [mixin/]: Instancing new MixinPlatformAgentDefault for SecureJarResource(betterstrongholds)
[22Jun2025 03:47:22.221] [main/DEBUG] [mixin/]: MixinPlatformAgentDefault accepted container SecureJarResource(betterstrongholds)
[22Jun2025 03:47:22.221] [main/DEBUG] [mixin/]: Processing prepare() for PlatformAgent[MixinPlatformAgentDefault:SecureJarResource(betterstrongholds)]
[22Jun2025 03:47:22.221] [main/DEBUG] [mixin/]: Registering mixin config: betterstrongholds.mixins.json
[22Jun2025 03:47:22.226] [main/DEBUG] [mixin/]: Registering mixin config: betterstrongholds_forge.mixins.json
[22Jun2025 03:47:22.230] [main/DEBUG] [mixin/]: Adding mixin platform agents for container SecureJarResource(rusticdelight)
[22Jun2025 03:47:22.230] [main/DEBUG] [mixin/]: Instancing new MixinPlatformAgentMinecraftForge for SecureJarResource(rusticdelight)
[22Jun2025 03:47:22.230] [main/DEBUG] [mixin/]: MixinPlatformAgentMinecraftForge rejected container SecureJarResource(rusticdelight)
[22Jun2025 03:47:22.230] [main/DEBUG] [mixin/]: Instancing new MixinPlatformAgentDefault for SecureJarResource(rusticdelight)
[22Jun2025 03:47:22.231] [main/DEBUG] [mixin/]: MixinPlatformAgentDefault accepted container SecureJarResource(rusticdelight)
[22Jun2025 03:47:22.231] [main/DEBUG] [mixin/]: Processing prepare() for PlatformAgent[MixinPlatformAgentDefault:SecureJarResource(rusticdelight)]
[22Jun2025 03:47:22.231] [main/DEBUG] [mixin/]: Adding mixin platform agents for container SecureJarResource(architectury)
[22Jun2025 03:47:22.231] [main/DEBUG] [mixin/]: Instancing new MixinPlatformAgentMinecraftForge for SecureJarResource(architectury)
[22Jun2025 03:47:22.231] [main/DEBUG] [mixin/]: MixinPlatformAgentMinecraftForge rejected container SecureJarResource(architectury)
[22Jun2025 03:47:22.232] [main/DEBUG] [mixin/]: Instancing new MixinPlatformAgentDefault for SecureJarResource(architectury)
[22Jun2025 03:47:22.232] [main/DEBUG] [mixin/]: MixinPlatformAgentDefault accepted container SecureJarResource(architectury)
[22Jun2025 03:47:22.232] [main/DEBUG] [mixin/]: Processing prepare() for PlatformAgent[MixinPlatformAgentDefault:SecureJarResource(architectury)]
[22Jun2025 03:47:22.232] [main/DEBUG] [mixin/]: Registering mixin config: architectury.mixins.json
[22Jun2025 03:47:22.236] [main/DEBUG] [mixin/]: Compatibility level JAVA_16 specified by architectury.mixins.json is higher than the maximum level supported by this version of mixin (JAVA_13).
[22Jun2025 03:47:22.238] [main/DEBUG] [mixin/]: Registering mixin config: architectury-common.mixins.json
[22Jun2025 03:47:22.239] [main/DEBUG] [mixin/]: Compatibility level JAVA_16 specified by architectury-common.mixins.json is higher than the maximum level supported by this version of mixin (JAVA_13).
[22Jun2025 03:47:22.241] [main/DEBUG] [mixin/]: Adding mixin platform agents for container SecureJarResource(octolib)
[22Jun2025 03:47:22.241] [main/DEBUG] [mixin/]: Instancing new MixinPlatformAgentMinecraftForge for SecureJarResource(octolib)
[22Jun2025 03:47:22.241] [main/DEBUG] [mixin/]: MixinPlatformAgentMinecraftForge rejected container SecureJarResource(octolib)
[22Jun2025 03:47:22.241] [main/DEBUG] [mixin/]: Instancing new MixinPlatformAgentDefault for SecureJarResource(octolib)
[22Jun2025 03:47:22.242] [main/DEBUG] [mixin/]: MixinPlatformAgentDefault accepted container SecureJarResource(octolib)
[22Jun2025 03:47:22.242] [main/DEBUG] [mixin/]: Processing prepare() for PlatformAgent[MixinPlatformAgentDefault:SecureJarResource(octolib)]
[22Jun2025 03:47:22.242] [main/DEBUG] [mixin/]: Adding mixin platform agents for container SecureJarResource(nerb)
[22Jun2025 03:47:22.242] [main/DEBUG] [mixin/]: Instancing new MixinPlatformAgentMinecraftForge for SecureJarResource(nerb)
[22Jun2025 03:47:22.242] [main/DEBUG] [mixin/]: MixinPlatformAgentMinecraftForge rejected container SecureJarResource(nerb)
[22Jun2025 03:47:22.242] [main/DEBUG] [mixin/]: Instancing new MixinPlatformAgentDefault for SecureJarResource(nerb)
[22Jun2025 03:47:22.242] [main/DEBUG] [mixin/]: MixinPlatformAgentDefault accepted container SecureJarResource(nerb)
[22Jun2025 03:47:22.242] [main/DEBUG] [mixin/]: Processing prepare() for PlatformAgent[MixinPlatformAgentDefault:SecureJarResource(nerb)]
[22Jun2025 03:47:22.242] [main/DEBUG] [mixin/]: Registering mixin config: nerb-common.mixins.json
[22Jun2025 03:47:22.247] [main/DEBUG] [mixin/]: Adding mixin platform agents for container SecureJarResource(ferritecore)
[22Jun2025 03:47:22.247] [main/DEBUG] [mixin/]: Instancing new MixinPlatformAgentMinecraftForge for SecureJarResource(ferritecore)
[22Jun2025 03:47:22.247] [main/DEBUG] [mixin/]: MixinPlatformAgentMinecraftForge rejected container SecureJarResource(ferritecore)
[22Jun2025 03:47:22.247] [main/DEBUG] [mixin/]: Instancing new MixinPlatformAgentDefault for SecureJarResource(ferritecore)
[22Jun2025 03:47:22.247] [main/DEBUG] [mixin/]: MixinPlatformAgentDefault accepted container SecureJarResource(ferritecore)
[22Jun2025 03:47:22.247] [main/DEBUG] [mixin/]: Processing prepare() for PlatformAgent[MixinPlatformAgentDefault:SecureJarResource(ferritecore)]
[22Jun2025 03:47:22.247] [main/DEBUG] [mixin/]: Registering mixin config: ferritecore.predicates.mixin.json
[22Jun2025 03:47:22.250] [main/DEBUG] [mixin/]: Registering mixin config: ferritecore.fastmap.mixin.json
[22Jun2025 03:47:22.254] [main/DEBUG] [mixin/]: Registering mixin config: ferritecore.mrl.mixin.json
[22Jun2025 03:47:22.259] [main/DEBUG] [mixin/]: Registering mixin config: ferritecore.dedupmultipart.mixin.json
[22Jun2025 03:47:22.261] [main/DEBUG] [mixin/]: Registering mixin config: ferritecore.blockstatecache.mixin.json
[22Jun2025 03:47:22.264] [main/DEBUG] [mixin/]: Registering mixin config: ferritecore.dedupbakedquad.mixin.json
[22Jun2025 03:47:22.266] [main/DEBUG] [mixin/]: Registering mixin config: ferritecore.threaddetec.mixin.json
[22Jun2025 03:47:22.272] [main/DEBUG] [mixin/]: Registering mixin config: ferritecore.modelsides.mixin.json
[22Jun2025 03:47:22.276] [main/DEBUG] [mixin/]: Adding mixin platform agents for container SecureJarResource(cupboard)
[22Jun2025 03:47:22.276] [main/DEBUG] [mixin/]: Instancing new MixinPlatformAgentMinecraftForge for SecureJarResource(cupboard)
[22Jun2025 03:47:22.277] [main/DEBUG] [mixin/]: MixinPlatformAgentMinecraftForge rejected container SecureJarResource(cupboard)
[22Jun2025 03:47:22.277] [main/DEBUG] [mixin/]: Instancing new MixinPlatformAgentDefault for SecureJarResource(cupboard)
[22Jun2025 03:47:22.278] [main/DEBUG] [mixin/]: MixinPlatformAgentDefault accepted container SecureJarResource(cupboard)
[22Jun2025 03:47:22.278] [main/DEBUG] [mixin/]: Processing prepare() for PlatformAgent[MixinPlatformAgentDefault:SecureJarResource(cupboard)]
[22Jun2025 03:47:22.278] [main/DEBUG] [mixin/]: Registering mixin config: cupboard.mixins.json
[22Jun2025 03:47:22.280] [main/DEBUG] [mixin/]: Adding mixin platform agents for container SecureJarResource(betterendisland)
[22Jun2025 03:47:22.280] [main/DEBUG] [mixin/]: Instancing new MixinPlatformAgentMinecraftForge for SecureJarResource(betterendisland)
[22Jun2025 03:47:22.280] [main/DEBUG] [mixin/]: MixinPlatformAgentMinecraftForge rejected container SecureJarResource(betterendisland)
[22Jun2025 03:47:22.280] [main/DEBUG] [mixin/]: Instancing new MixinPlatformAgentDefault for SecureJarResource(betterendisland)
[22Jun2025 03:47:22.280] [main/DEBUG] [mixin/]: MixinPlatformAgentDefault accepted container SecureJarResource(betterendisland)
[22Jun2025 03:47:22.280] [main/DEBUG] [mixin/]: Processing prepare() for PlatformAgent[MixinPlatformAgentDefault:SecureJarResource(betterendisland)]
[22Jun2025 03:47:22.280] [main/DEBUG] [mixin/]: Registering mixin config: betterendisland.mixins.json
[22Jun2025 03:47:22.284] [main/DEBUG] [mixin/]: Registering mixin config: betterendisland_forge.mixins.json
[22Jun2025 03:47:22.286] [main/DEBUG] [mixin/]: Adding mixin platform agents for container SecureJarResource(puzzleslib)
[22Jun2025 03:47:22.286] [main/DEBUG] [mixin/]: Instancing new MixinPlatformAgentMinecraftForge for SecureJarResource(puzzleslib)
[22Jun2025 03:47:22.287] [main/DEBUG] [mixin/]: MixinPlatformAgentMinecraftForge rejected container SecureJarResource(puzzleslib)
[22Jun2025 03:47:22.287] [main/DEBUG] [mixin/]: Instancing new MixinPlatformAgentDefault for SecureJarResource(puzzleslib)
[22Jun2025 03:47:22.287] [main/DEBUG] [mixin/]: MixinPlatformAgentDefault accepted container SecureJarResource(puzzleslib)
[22Jun2025 03:47:22.288] [main/DEBUG] [mixin/]: Processing prepare() for PlatformAgent[MixinPlatformAgentDefault:SecureJarResource(puzzleslib)]
[22Jun2025 03:47:22.288] [main/DEBUG] [mixin/]: Registering mixin config: puzzleslib.common.mixins.json
[22Jun2025 03:47:22.291] [main/DEBUG] [mixin/]: Registering mixin config: puzzleslib.forge.mixins.json
[22Jun2025 03:47:22.293] [main/DEBUG] [mixin/]: Adding mixin platform agents for container SecureJarResource(fallingtree)
[22Jun2025 03:47:22.294] [main/DEBUG] [mixin/]: Instancing new MixinPlatformAgentMinecraftForge for SecureJarResource(fallingtree)
[22Jun2025 03:47:22.294] [main/DEBUG] [mixin/]: MixinPlatformAgentMinecraftForge rejected container SecureJarResource(fallingtree)
[22Jun2025 03:47:22.294] [main/DEBUG] [mixin/]: Instancing new MixinPlatformAgentDefault for SecureJarResource(fallingtree)
[22Jun2025 03:47:22.295] [main/DEBUG] [mixin/]: MixinPlatformAgentDefault accepted container SecureJarResource(fallingtree)
[22Jun2025 03:47:22.295] [main/DEBUG] [mixin/]: Processing prepare() for PlatformAgent[MixinPlatformAgentDefault:SecureJarResource(fallingtree)]
[22Jun2025 03:47:22.295] [main/DEBUG] [mixin/]: Adding mixin platform agents for container SecureJarResource(l2library)
[22Jun2025 03:47:22.295] [main/DEBUG] [mixin/]: Instancing new MixinPlatformAgentMinecraftForge for SecureJarResource(l2library)
[22Jun2025 03:47:22.295] [main/DEBUG] [mixin/]: MixinPlatformAgentMinecraftForge rejected container SecureJarResource(l2library)
[22Jun2025 03:47:22.295] [main/DEBUG] [mixin/]: Instancing new MixinPlatformAgentDefault for SecureJarResource(l2library)
[22Jun2025 03:47:22.295] [main/DEBUG] [mixin/]: MixinPlatformAgentDefault accepted container SecureJarResource(l2library)
[22Jun2025 03:47:22.295] [main/DEBUG] [mixin/]: Processing prepare() for PlatformAgent[MixinPlatformAgentDefault:SecureJarResource(l2library)]
[22Jun2025 03:47:22.295] [main/DEBUG] [mixin/]: Registering mixin config: l2library.mixins.json
[22Jun2025 03:47:22.306] [main/DEBUG] [mixin/]: Compatibility level JAVA_16 specified by l2library.mixins.json is higher than the maximum level supported by this version of mixin (JAVA_13).
[22Jun2025 03:47:22.308] [main/DEBUG] [mixin/]: Adding mixin platform agents for container SecureJarResource(l2tabs)
[22Jun2025 03:47:22.308] [main/DEBUG] [mixin/]: Instancing new MixinPlatformAgentMinecraftForge for SecureJarResource(l2tabs)
[22Jun2025 03:47:22.308] [main/DEBUG] [mixin/]: MixinPlatformAgentMinecraftForge rejected container SecureJarResource(l2tabs)
[22Jun2025 03:47:22.308] [main/DEBUG] [mixin/]: Instancing new MixinPlatformAgentDefault for SecureJarResource(l2tabs)
[22Jun2025 03:47:22.309] [main/DEBUG] [mixin/]: MixinPlatformAgentDefault accepted container SecureJarResource(l2tabs)
[22Jun2025 03:47:22.309] [main/DEBUG] [mixin/]: Processing prepare() for PlatformAgent[MixinPlatformAgentDefault:SecureJarResource(l2tabs)]
[22Jun2025 03:47:22.309] [main/DEBUG] [mixin/]: Registering mixin config: l2tabs.mixins.json
[22Jun2025 03:47:22.313] [main/DEBUG] [mixin/]: Adding mixin platform agents for container SecureJarResource(l2complements)
[22Jun2025 03:47:22.314] [main/DEBUG] [mixin/]: Instancing new MixinPlatformAgentMinecraftForge for SecureJarResource(l2complements)
[22Jun2025 03:47:22.314] [main/DEBUG] [mixin/]: MixinPlatformAgentMinecraftForge rejected container SecureJarResource(l2complements)
[22Jun2025 03:47:22.314] [main/DEBUG] [mixin/]: Instancing new MixinPlatformAgentDefault for SecureJarResource(l2complements)
[22Jun2025 03:47:22.314] [main/DEBUG] [mixin/]: MixinPlatformAgentDefault accepted container SecureJarResource(l2complements)
[22Jun2025 03:47:22.315] [main/DEBUG] [mixin/]: Processing prepare() for PlatformAgent[MixinPlatformAgentDefault:SecureJarResource(l2complements)]
[22Jun2025 03:47:22.315] [main/DEBUG] [mixin/]: Registering mixin config: l2complements.mixins.json
[22Jun2025 03:47:22.318] [main/DEBUG] [mixin/]: Adding mixin platform agents for container SecureJarResource(l2weaponry)
[22Jun2025 03:47:22.318] [main/DEBUG] [mixin/]: Instancing new MixinPlatformAgentMinecraftForge for SecureJarResource(l2weaponry)
[22Jun2025 03:47:22.318] [main/DEBUG] [mixin/]: MixinPlatformAgentMinecraftForge rejected container SecureJarResource(l2weaponry)
[22Jun2025 03:47:22.318] [main/DEBUG] [mixin/]: Instancing new MixinPlatformAgentDefault for SecureJarResource(l2weaponry)
[22Jun2025 03:47:22.319] [main/DEBUG] [mixin/]: MixinPlatformAgentDefault accepted container SecureJarResource(l2weaponry)
[22Jun2025 03:47:22.319] [main/DEBUG] [mixin/]: Processing prepare() for PlatformAgent[MixinPlatformAgentDefault:SecureJarResource(l2weaponry)]
[22Jun2025 03:47:22.319] [main/DEBUG] [mixin/]: Registering mixin config: l2weaponry.mixins.json
[22Jun2025 03:47:22.325] [main/DEBUG] [mixin/]: Adding mixin platform agents for container SecureJarResource(l2screentracker)
[22Jun2025 03:47:22.325] [main/DEBUG] [mixin/]: Instancing new MixinPlatformAgentMinecraftForge for SecureJarResource(l2screentracker)
[22Jun2025 03:47:22.325] [main/DEBUG] [mixin/]: MixinPlatformAgentMinecraftForge rejected container SecureJarResource(l2screentracker)
[22Jun2025 03:47:22.326] [main/DEBUG] [mixin/]: Instancing new MixinPlatformAgentDefault for SecureJarResource(l2screentracker)
[22Jun2025 03:47:22.326] [main/DEBUG] [mixin/]: MixinPlatformAgentDefault accepted container SecureJarResource(l2screentracker)
[22Jun2025 03:47:22.326] [main/DEBUG] [mixin/]: Processing prepare() for PlatformAgent[MixinPlatformAgentDefault:SecureJarResource(l2screentracker)]
[22Jun2025 03:47:22.326] [main/DEBUG] [mixin/]: Registering mixin config: l2screentracker.mixins.json
[22Jun2025 03:47:22.332] [main/DEBUG] [mixin/]: Adding mixin platform agents for container SecureJarResource(l2damagetracker)
[22Jun2025 03:47:22.332] [main/DEBUG] [mixin/]: Instancing new MixinPlatformAgentMinecraftForge for SecureJarResource(l2damagetracker)
[22Jun2025 03:47:22.332] [main/DEBUG] [mixin/]: MixinPlatformAgentMinecraftForge rejected container SecureJarResource(l2damagetracker)
[22Jun2025 03:47:22.333] [main/DEBUG] [mixin/]: Instancing new MixinPlatformAgentDefault for SecureJarResource(l2damagetracker)
[22Jun2025 03:47:22.333] [main/DEBUG] [mixin/]: MixinPlatformAgentDefault accepted container SecureJarResource(l2damagetracker)
[22Jun2025 03:47:22.333] [main/DEBUG] [mixin/]: Processing prepare() for PlatformAgent[MixinPlatformAgentDefault:SecureJarResource(l2damagetracker)]
[22Jun2025 03:47:22.333] [main/DEBUG] [mixin/]: Registering mixin config: l2damagetracker.mixins.json
[22Jun2025 03:47:22.337] [main/DEBUG] [mixin/]: Adding mixin platform agents for container SecureJarResource(l2itemselector)
[22Jun2025 03:47:22.338] [main/DEBUG] [mixin/]: Instancing new MixinPlatformAgentMinecraftForge for SecureJarResource(l2itemselector)
[22Jun2025 03:47:22.338] [main/DEBUG] [mixin/]: MixinPlatformAgentMinecraftForge rejected container SecureJarResource(l2itemselector)
[22Jun2025 03:47:22.338] [main/DEBUG] [mixin/]: Instancing new MixinPlatformAgentDefault for SecureJarResource(l2itemselector)
[22Jun2025 03:47:22.339] [main/DEBUG] [mixin/]: MixinPlatformAgentDefault accepted container SecureJarResource(l2itemselector)
[22Jun2025 03:47:22.339] [main/DEBUG] [mixin/]: Processing prepare() for PlatformAgent[MixinPlatformAgentDefault:SecureJarResource(l2itemselector)]
[22Jun2025 03:47:22.339] [main/DEBUG] [mixin/]: Registering mixin config: l2itemselector.mixins.json
[22Jun2025 03:47:22.341] [main/DEBUG] [mixin/]: Adding mixin platform agents for container SecureJarResource(fsmmshop)
[22Jun2025 03:47:22.343] [main/DEBUG] [mixin/]: Instancing new MixinPlatformAgentMinecraftForge for SecureJarResource(fsmmshop)
[22Jun2025 03:47:22.343] [main/DEBUG] [mixin/]: MixinPlatformAgentMinecraftForge rejected container SecureJarResource(fsmmshop)
[22Jun2025 03:47:22.343] [main/DEBUG] [mixin/]: Instancing new MixinPlatformAgentDefault for SecureJarResource(fsmmshop)
[22Jun2025 03:47:22.343] [main/DEBUG] [mixin/]: MixinPlatformAgentDefault accepted container SecureJarResource(fsmmshop)
[22Jun2025 03:47:22.343] [main/DEBUG] [mixin/]: Processing prepare() for PlatformAgent[MixinPlatformAgentDefault:SecureJarResource(fsmmshop)]
[22Jun2025 03:47:22.343] [main/DEBUG] [mixin/]: Adding mixin platform agents for container SecureJarResource(enchantinginfuser)
[22Jun2025 03:47:22.343] [main/DEBUG] [mixin/]: Instancing new MixinPlatformAgentMinecraftForge for SecureJarResource(enchantinginfuser)
[22Jun2025 03:47:22.343] [main/DEBUG] [mixin/]: MixinPlatformAgentMinecraftForge rejected container SecureJarResource(enchantinginfuser)
[22Jun2025 03:47:22.343] [main/DEBUG] [mixin/]: Instancing new MixinPlatformAgentDefault for SecureJarResource(enchantinginfuser)
[22Jun2025 03:47:22.343] [main/DEBUG] [mixin/]: MixinPlatformAgentDefault accepted container SecureJarResource(enchantinginfuser)
[22Jun2025 03:47:22.343] [main/DEBUG] [mixin/]: Processing prepare() for PlatformAgent[MixinPlatformAgentDefault:SecureJarResource(enchantinginfuser)]
[22Jun2025 03:47:22.344] [main/DEBUG] [mixin/]: Adding mixin platform agents for container SecureJarResource(healingcampfire)
[22Jun2025 03:47:22.344] [main/DEBUG] [mixin/]: Instancing new MixinPlatformAgentMinecraftForge for SecureJarResource(healingcampfire)
[22Jun2025 03:47:22.344] [main/DEBUG] [mixin/]: MixinPlatformAgentMinecraftForge rejected container SecureJarResource(healingcampfire)
[22Jun2025 03:47:22.344] [main/DEBUG] [mixin/]: Instancing new MixinPlatformAgentDefault for SecureJarResource(healingcampfire)
[22Jun2025 03:47:22.344] [main/DEBUG] [mixin/]: MixinPlatformAgentDefault accepted container SecureJarResource(healingcampfire)
[22Jun2025 03:47:22.344] [main/DEBUG] [mixin/]: Processing prepare() for PlatformAgent[MixinPlatformAgentDefault:SecureJarResource(healingcampfire)]
[22Jun2025 03:47:22.344] [main/DEBUG] [mixin/]: Registering mixin config: healingcampfire_forge.mixins.json
[22Jun2025 03:47:22.350] [main/DEBUG] [mixin/]: Adding mixin platform agents for container SecureJarResource(betterjungletemples)
[22Jun2025 03:47:22.350] [main/DEBUG] [mixin/]: Instancing new MixinPlatformAgentMinecraftForge for SecureJarResource(betterjungletemples)
[22Jun2025 03:47:22.350] [main/DEBUG] [mixin/]: MixinPlatformAgentMinecraftForge rejected container SecureJarResource(betterjungletemples)
[22Jun2025 03:47:22.351] [main/DEBUG] [mixin/]: Instancing new MixinPlatformAgentDefault for SecureJarResource(betterjungletemples)
[22Jun2025 03:47:22.351] [main/DEBUG] [mixin/]: MixinPlatformAgentDefault accepted container SecureJarResource(betterjungletemples)
[22Jun2025 03:47:22.351] [main/DEBUG] [mixin/]: Processing prepare() for PlatformAgent[MixinPlatformAgentDefault:SecureJarResource(betterjungletemples)]
[22Jun2025 03:47:22.351] [main/DEBUG] [mixin/]: Registering mixin config: betterjungletemples.mixins.json
[22Jun2025 03:47:22.352] [main/DEBUG] [mixin/]: Registering mixin config: betterjungletemples_forge.mixins.json
[22Jun2025 03:47:22.355] [main/DEBUG] [mixin/]: Adding mixin platform agents for container SecureJarResource(mclib)
[22Jun2025 03:47:22.356] [main/DEBUG] [mixin/]: Instancing new MixinPlatformAgentMinecraftForge for SecureJarResource(mclib)
[22Jun2025 03:47:22.356] [main/DEBUG] [mixin/]: MixinPlatformAgentMinecraftForge rejected container SecureJarResource(mclib)
[22Jun2025 03:47:22.356] [main/DEBUG] [mixin/]: Instancing new MixinPlatformAgentDefault for SecureJarResource(mclib)
[22Jun2025 03:47:22.356] [main/DEBUG] [mixin/]: MixinPlatformAgentDefault accepted container SecureJarResource(mclib)
[22Jun2025 03:47:22.356] [main/DEBUG] [mixin/]: Processing prepare() for PlatformAgent[MixinPlatformAgentDefault:SecureJarResource(mclib)]
[22Jun2025 03:47:22.356] [main/DEBUG] [mixin/]: Adding mixin platform agents for container SecureJarResource(Registrate.MC1._20)
[22Jun2025 03:47:22.356] [main/DEBUG] [mixin/]: Instancing new MixinPlatformAgentMinecraftForge for SecureJarResource(Registrate.MC1._20)
[22Jun2025 03:47:22.356] [main/DEBUG] [mixin/]: MixinPlatformAgentMinecraftForge rejected container SecureJarResource(Registrate.MC1._20)
[22Jun2025 03:47:22.356] [main/DEBUG] [mixin/]: Instancing new MixinPlatformAgentDefault for SecureJarResource(Registrate.MC1._20)
[22Jun2025 03:47:22.356] [main/DEBUG] [mixin/]: MixinPlatformAgentDefault accepted container SecureJarResource(Registrate.MC1._20)
[22Jun2025 03:47:22.357] [main/DEBUG] [mixin/]: Processing prepare() for PlatformAgent[MixinPlatformAgentDefault:SecureJarResource(Registrate.MC1._20)]
[22Jun2025 03:47:22.357] [main/DEBUG] [mixin/]: Adding mixin platform agents for container SecureJarResource(org.yaml.snakeyaml)
[22Jun2025 03:47:22.357] [main/DEBUG] [mixin/]: Instancing new MixinPlatformAgentMinecraftForge for SecureJarResource(org.yaml.snakeyaml)
[22Jun2025 03:47:22.357] [main/DEBUG] [mixin/]: MixinPlatformAgentMinecraftForge rejected container SecureJarResource(org.yaml.snakeyaml)
[22Jun2025 03:47:22.357] [main/DEBUG] [mixin/]: Instancing new MixinPlatformAgentDefault for SecureJarResource(org.yaml.snakeyaml)
[22Jun2025 03:47:22.357] [main/DEBUG] [mixin/]: MixinPlatformAgentDefault accepted container SecureJarResource(org.yaml.snakeyaml)
[22Jun2025 03:47:22.357] [main/DEBUG] [mixin/]: Processing prepare() for PlatformAgent[MixinPlatformAgentDefault:SecureJarResource(org.yaml.snakeyaml)]
[22Jun2025 03:47:22.357] [main/DEBUG] [mixin/]: Adding mixin platform agents for container SecureJarResource(l2serial)
[22Jun2025 03:47:22.357] [main/DEBUG] [mixin/]: Instancing new MixinPlatformAgentMinecraftForge for SecureJarResource(l2serial)
[22Jun2025 03:47:22.357] [main/DEBUG] [mixin/]: MixinPlatformAgentMinecraftForge rejected container SecureJarResource(l2serial)
[22Jun2025 03:47:22.358] [main/DEBUG] [mixin/]: Instancing new MixinPlatformAgentDefault for SecureJarResource(l2serial)
[22Jun2025 03:47:22.358] [main/DEBUG] [mixin/]: MixinPlatformAgentDefault accepted container SecureJarResource(l2serial)
[22Jun2025 03:47:22.358] [main/DEBUG] [mixin/]: Processing prepare() for PlatformAgent[MixinPlatformAgentDefault:SecureJarResource(l2serial)]
[22Jun2025 03:47:22.358] [main/DEBUG] [mixin/]: Adding mixin platform agents for container SecureJarResource(l2modularblock)
[22Jun2025 03:47:22.358] [main/DEBUG] [mixin/]: Instancing new MixinPlatformAgentMinecraftForge for SecureJarResource(l2modularblock)
[22Jun2025 03:47:22.358] [main/DEBUG] [mixin/]: MixinPlatformAgentMinecraftForge rejected container SecureJarResource(l2modularblock)
[22Jun2025 03:47:22.358] [main/DEBUG] [mixin/]: Instancing new MixinPlatformAgentDefault for SecureJarResource(l2modularblock)
[22Jun2025 03:47:22.359] [main/DEBUG] [mixin/]: MixinPlatformAgentDefault accepted container SecureJarResource(l2modularblock)
[22Jun2025 03:47:22.359] [main/DEBUG] [mixin/]: Processing prepare() for PlatformAgent[MixinPlatformAgentDefault:SecureJarResource(l2modularblock)]
[22Jun2025 03:47:22.359] [main/DEBUG] [mixin/]: Adding mixin platform agents for container SecureJarResource(MixinExtras)
[22Jun2025 03:47:22.359] [main/DEBUG] [mixin/]: Instancing new MixinPlatformAgentMinecraftForge for SecureJarResource(MixinExtras)
[22Jun2025 03:47:22.359] [main/DEBUG] [mixin/]: MixinPlatformAgentMinecraftForge rejected container SecureJarResource(MixinExtras)
[22Jun2025 03:47:22.359] [main/DEBUG] [mixin/]: Instancing new MixinPlatformAgentDefault for SecureJarResource(MixinExtras)
[22Jun2025 03:47:22.359] [main/DEBUG] [mixin/]: MixinPlatformAgentDefault accepted container SecureJarResource(MixinExtras)
[22Jun2025 03:47:22.360] [main/DEBUG] [mixin/]: Processing prepare() for PlatformAgent[MixinPlatformAgentDefault:SecureJarResource(MixinExtras)]
[22Jun2025 03:47:22.360] [main/DEBUG] [mixin/]: inject() running with 69 agents
[22Jun2025 03:47:22.360] [main/DEBUG] [mixin/]: Processing inject() for PlatformAgent[MixinPlatformAgentDefault:ModLauncher Root Container(ModLauncher:4f56a0a2)]
[22Jun2025 03:47:22.360] [main/DEBUG] [mixin/]: Processing inject() for PlatformAgent[MixinPlatformAgentDefault:SecureJarResource(geckolib)]
[22Jun2025 03:47:22.360] [main/DEBUG] [mixin/]: Processing inject() for PlatformAgent[MixinPlatformAgentDefault:SecureJarResource(limitedchunks)]
[22Jun2025 03:47:22.360] [main/DEBUG] [mixin/]: Processing inject() for PlatformAgent[MixinPlatformAgentDefault:SecureJarResource(moregateways)]
[22Jun2025 03:47:22.360] [main/DEBUG] [mixin/]: Processing inject() for PlatformAgent[MixinPlatformAgentDefault:SecureJarResource(rotten_flesh_to_leather)]
[22Jun2025 03:47:22.360] [main/DEBUG] [mixin/]: Processing inject() for PlatformAgent[MixinPlatformAgentDefault:SecureJarResource(connectivity)]
[22Jun2025 03:47:22.360] [main/DEBUG] [mixin/]: Processing inject() for PlatformAgent[MixinPlatformAgentDefault:SecureJarResource(caelus)]
[22Jun2025 03:47:22.360] [main/DEBUG] [mixin/]: Processing inject() for PlatformAgent[MixinPlatformAgentDefault:SecureJarResource(sophisticatedcore)]
[22Jun2025 03:47:22.360] [main/DEBUG] [mixin/]: Processing inject() for PlatformAgent[MixinPlatformAgentDefault:SecureJarResource(colytra)]
[22Jun2025 03:47:22.360] [main/DEBUG] [mixin/]: Processing inject() for PlatformAgent[MixinPlatformAgentDefault:SecureJarResource(villagernames)]
[22Jun2025 03:47:22.360] [main/DEBUG] [mixin/]: Processing inject() for PlatformAgent[MixinPlatformAgentDefault:SecureJarResource(mcwpaintings)]
[22Jun2025 03:47:22.360] [main/DEBUG] [mixin/]: Processing inject() for PlatformAgent[MixinPlatformAgentDefault:SecureJarResource(fastsuite)]
[22Jun2025 03:47:22.361] [main/DEBUG] [mixin/]: Processing inject() for PlatformAgent[MixinPlatformAgentDefault:SecureJarResource(journeymap)]
[22Jun2025 03:47:22.362] [main/DEBUG] [mixin/]: Processing inject() for PlatformAgent[MixinPlatformAgentDefault:SecureJarResource(fastasyncworldsave)]
[22Jun2025 03:47:22.362] [main/DEBUG] [mixin/]: Processing inject() for PlatformAgent[MixinPlatformAgentDefault:SecureJarResource(placebo)]
[22Jun2025 03:47:22.362] [main/DEBUG] [mixin/]: Processing inject() for PlatformAgent[MixinPlatformAgentDefault:SecureJarResource(modernfix)]
[22Jun2025 03:47:22.362] [main/DEBUG] [mixin/]: Processing inject() for PlatformAgent[MixinPlatformAgentDefault:SecureJarResource(jei)]
[22Jun2025 03:47:22.362] [main/DEBUG] [mixin/]: Processing inject() for PlatformAgent[MixinPlatformAgentDefault:SecureJarResource(yungsapi)]
[22Jun2025 03:47:22.362] [main/DEBUG] [mixin/]: Processing inject() for PlatformAgent[MixinPlatformAgentDefault:SecureJarResource(mixinextras)]
[22Jun2025 03:47:22.362] [main/DEBUG] [mixin/]: Processing inject() for PlatformAgent[MixinPlatformAgentDefault:SecureJarResource(sophisticatedbackpacks)]
[22Jun2025 03:47:22.362] [main/DEBUG] [mixin/]: Processing inject() for PlatformAgent[MixinPlatformAgentDefault:SecureJarResource(starlight)]
[22Jun2025 03:47:22.362] [main/DEBUG] [mixin/]: Processing inject() for PlatformAgent[MixinPlatformAgentDefault:SecureJarResource(oceanic_delight)]
[22Jun2025 03:47:22.362] [main/DEBUG] [mixin/]: Processing inject() for PlatformAgent[MixinPlatformAgentDefault:SecureJarResource(memoryleakfix)]
[22Jun2025 03:47:22.362] [main/DEBUG] [mixin/]: Processing inject() for PlatformAgent[MixinPlatformAgentDefault:SecureJarResource(puzzlesaccessapi)]
[22Jun2025 03:47:22.362] [main/DEBUG] [mixin/]: Processing inject() for PlatformAgent[MixinPlatformAgentDefault:SecureJarResource(betterfortresses)]
[22Jun2025 03:47:22.362] [main/DEBUG] [mixin/]: Processing inject() for PlatformAgent[MixinPlatformAgentDefault:SecureJarResource(cloth_config)]
[22Jun2025 03:47:22.362] [main/DEBUG] [mixin/]: Processing inject() for PlatformAgent[MixinPlatformAgentDefault:SecureJarResource(forge)]
[22Jun2025 03:47:22.362] [main/DEBUG] [mixin/]: Processing inject() for PlatformAgent[MixinPlatformAgentDefault:SecureJarResource(more_slabs_stairs_and_walls)]
[22Jun2025 03:47:22.362] [main/DEBUG] [mixin/]: Processing inject() for PlatformAgent[MixinPlatformAgentDefault:SecureJarResource(enemyexpansion)]
[22Jun2025 03:47:22.363] [main/DEBUG] [mixin/]: Processing inject() for PlatformAgent[MixinPlatformAgentDefault:SecureJarResource(minecraft)]
[22Jun2025 03:47:22.363] [main/DEBUG] [mixin/]: Processing inject() for PlatformAgent[MixinPlatformAgentDefault:SecureJarResource(smoothchunk)]
[22Jun2025 03:47:22.363] [main/DEBUG] [mixin/]: Processing inject() for PlatformAgent[MixinPlatformAgentDefault:SecureJarResource(farmersdelight)]
[22Jun2025 03:47:22.363] [main/DEBUG] [mixin/]: Processing inject() for PlatformAgent[MixinPlatformAgentDefault:SecureJarResource(skinnedlanterns)]
[22Jun2025 03:47:22.363] [main/DEBUG] [mixin/]: Processing inject() for PlatformAgent[MixinPlatformAgentDefault:SecureJarResource(fcl)]
[22Jun2025 03:47:22.363] [main/DEBUG] [mixin/]: Processing inject() for PlatformAgent[MixinPlatformAgentDefault:SecureJarResource(fsmm)]
[22Jun2025 03:47:22.363] [main/DEBUG] [mixin/]: Processing inject() for PlatformAgent[MixinPlatformAgentDefault:SecureJarResource(spectrelib)]
[22Jun2025 03:47:22.364] [main/DEBUG] [mixin/]: Processing inject() for PlatformAgent[MixinPlatformAgentDefault:SecureJarResource(ksyxis)]
[22Jun2025 03:47:22.364] [main/DEBUG] [mixin/]: Processing inject() for PlatformAgent[MixinPlatformAgentDefault:SecureJarResource(collective)]
[22Jun2025 03:47:22.364] [main/DEBUG] [mixin/]: Processing inject() for PlatformAgent[MixinPlatformAgentDefault:SecureJarResource(advancednetherite)]
[22Jun2025 03:47:22.364] [main/DEBUG] [mixin/]: Processing inject() for PlatformAgent[MixinPlatformAgentDefault:SecureJarResource(storagedrawers)]
[22Jun2025 03:47:22.364] [main/DEBUG] [mixin/]: Processing inject() for PlatformAgent[MixinPlatformAgentDefault:SecureJarResource(parcool)]
[22Jun2025 03:47:22.364] [main/DEBUG] [mixin/]: Processing inject() for PlatformAgent[MixinPlatformAgentDefault:SecureJarResource(mr_dungeons_andtaverns)]
[22Jun2025 03:47:22.364] [main/DEBUG] [mixin/]: Processing inject() for PlatformAgent[MixinPlatformAgentDefault:SecureJarResource(betterstrongholds)]
[22Jun2025 03:47:22.364] [main/DEBUG] [mixin/]: Processing inject() for PlatformAgent[MixinPlatformAgentDefault:SecureJarResource(rusticdelight)]
[22Jun2025 03:47:22.364] [main/DEBUG] [mixin/]: Processing inject() for PlatformAgent[MixinPlatformAgentDefault:SecureJarResource(architectury)]
[22Jun2025 03:47:22.364] [main/DEBUG] [mixin/]: Processing inject() for PlatformAgent[MixinPlatformAgentDefault:SecureJarResource(octolib)]
[22Jun2025 03:47:22.364] [main/DEBUG] [mixin/]: Processing inject() for PlatformAgent[MixinPlatformAgentDefault:SecureJarResource(nerb)]
[22Jun2025 03:47:22.365] [main/DEBUG] [mixin/]: Processing inject() for PlatformAgent[MixinPlatformAgentDefault:SecureJarResource(ferritecore)]
[22Jun2025 03:47:22.365] [main/DEBUG] [mixin/]: Processing inject() for PlatformAgent[MixinPlatformAgentDefault:SecureJarResource(cupboard)]
[22Jun2025 03:47:22.365] [main/DEBUG] [mixin/]: Processing inject() for PlatformAgent[MixinPlatformAgentDefault:SecureJarResource(betterendisland)]
[22Jun2025 03:47:22.365] [main/DEBUG] [mixin/]: Processing inject() for PlatformAgent[MixinPlatformAgentDefault:SecureJarResource(puzzleslib)]
[22Jun2025 03:47:22.365] [main/DEBUG] [mixin/]: Processing inject() for PlatformAgent[MixinPlatformAgentDefault:SecureJarResource(fallingtree)]
[22Jun2025 03:47:22.365] [main/DEBUG] [mixin/]: Processing inject() for PlatformAgent[MixinPlatformAgentDefault:SecureJarResource(l2library)]
[22Jun2025 03:47:22.365] [main/DEBUG] [mixin/]: Processing inject() for PlatformAgent[MixinPlatformAgentDefault:SecureJarResource(l2tabs)]
[22Jun2025 03:47:22.365] [main/DEBUG] [mixin/]: Processing inject() for PlatformAgent[MixinPlatformAgentDefault:SecureJarResource(l2complements)]
[22Jun2025 03:47:22.365] [main/DEBUG] [mixin/]: Processing inject() for PlatformAgent[MixinPlatformAgentDefault:SecureJarResource(l2weaponry)]
[22Jun2025 03:47:22.365] [main/DEBUG] [mixin/]: Processing inject() for PlatformAgent[MixinPlatformAgentDefault:SecureJarResource(l2screentracker)]
[22Jun2025 03:47:22.366] [main/DEBUG] [mixin/]: Processing inject() for PlatformAgent[MixinPlatformAgentDefault:SecureJarResource(l2damagetracker)]
[22Jun2025 03:47:22.366] [main/DEBUG] [mixin/]: Processing inject() for PlatformAgent[MixinPlatformAgentDefault:SecureJarResource(l2itemselector)]
[22Jun2025 03:47:22.367] [main/DEBUG] [mixin/]: Processing inject() for PlatformAgent[MixinPlatformAgentDefault:SecureJarResource(fsmmshop)]
[22Jun2025 03:47:22.367] [main/DEBUG] [mixin/]: Processing inject() for PlatformAgent[MixinPlatformAgentDefault:SecureJarResource(enchantinginfuser)]
[22Jun2025 03:47:22.367] [main/DEBUG] [mixin/]: Processing inject() for PlatformAgent[MixinPlatformAgentDefault:SecureJarResource(healingcampfire)]
[22Jun2025 03:47:22.367] [main/DEBUG] [mixin/]: Processing inject() for PlatformAgent[MixinPlatformAgentDefault:SecureJarResource(betterjungletemples)]
[22Jun2025 03:47:22.367] [main/DEBUG] [mixin/]: Processing inject() for PlatformAgent[MixinPlatformAgentDefault:SecureJarResource(mclib)]
[22Jun2025 03:47:22.367] [main/DEBUG] [mixin/]: Processing inject() for PlatformAgent[MixinPlatformAgentDefault:SecureJarResource(Registrate.MC1._20)]
[22Jun2025 03:47:22.367] [main/DEBUG] [mixin/]: Processing inject() for PlatformAgent[MixinPlatformAgentDefault:SecureJarResource(org.yaml.snakeyaml)]
[22Jun2025 03:47:22.367] [main/DEBUG] [mixin/]: Processing inject() for PlatformAgent[MixinPlatformAgentDefault:SecureJarResource(l2serial)]
[22Jun2025 03:47:22.367] [main/DEBUG] [mixin/]: Processing inject() for PlatformAgent[MixinPlatformAgentDefault:SecureJarResource(l2modularblock)]
[22Jun2025 03:47:22.367] [main/DEBUG] [mixin/]: Processing inject() for PlatformAgent[MixinPlatformAgentDefault:SecureJarResource(MixinExtras)]
[22Jun2025 03:47:22.454] [main/DEBUG] [mixin/]: Error cleaning class output directory: .mixin.out
[22Jun2025 03:47:22.459] [main/DEBUG] [mixin/]: Preparing mixins for MixinEnvironment[PREINIT]
[22Jun2025 03:47:22.480] [main/INFO] [mixin/]: Successfully loaded Mixin Connector [ca.spottedleaf.starlight.mixin.MixinConnector]
[22Jun2025 03:47:22.481] [main/INFO] [cpw.mods.modlauncher.LaunchServiceHandler/MODLAUNCHER]: Launching target 'forgeserver' with arguments [nogui]
[22Jun2025 03:47:22.510] [main/DEBUG] [mixin/]: Preparing mixins for MixinEnvironment[DEFAULT]
[22Jun2025 03:47:22.510] [main/DEBUG] [mixin/]: Selecting config geckolib.mixins.json
[22Jun2025 03:47:22.529] [main/DEBUG] [mixin/]: Selecting config limitedchunks.mixins.json
[22Jun2025 03:47:22.531] [main/WARN] [mixin/]: Reference map 'limitedchunks.refmap.json' for limitedchunks.mixins.json could not be read. If this is a development environment you can ignore this message
[22Jun2025 03:47:22.533] [main/DEBUG] [mixin/]: Selecting config connectivity.mixins.json
[22Jun2025 03:47:22.542] [main/DEBUG] [mixin/]: Selecting config caelus.mixins.json
[22Jun2025 03:47:22.549] [main/DEBUG] [mixin/]: Selecting config villagernames_forge.mixins.json
[22Jun2025 03:47:22.557] [main/DEBUG] [mixin/]: Selecting config fastsuite.mixins.json
[22Jun2025 03:47:22.563] [main/DEBUG] [mixin/]: Selecting config journeymap.mixins.json
[22Jun2025 03:47:22.567] [main/DEBUG] [mixin/]: Selecting config fastasyncworldsave.mixins.json
[22Jun2025 03:47:22.569] [main/DEBUG] [mixin/]: Selecting config placebo.mixins.json
[22Jun2025 03:47:22.574] [main/DEBUG] [mixin/]: Selecting config modernfix-common.mixins.json
[22Jun2025 03:47:22.834] [main/INFO] [ModernFix/]: Loaded configuration file for ModernFix 5.21.0+mc1.20.1: 88 options available, 1 override(s) found
[22Jun2025 03:47:22.834] [main/WARN] [ModernFix/]: Option 'mixin.perf.dynamic_resources' overriden (by user configuration) to 'true'
[22Jun2025 03:47:22.837] [main/INFO] [ModernFix/]: Applying Nashorn fix
[22Jun2025 03:47:22.879] [main/INFO] [ModernFix/]: Applied Forge config corruption patch
[22Jun2025 03:47:22.900] [main/DEBUG] [mixin/]: Selecting config modernfix-forge.mixins.json
[22Jun2025 03:47:22.904] [main/DEBUG] [mixin/]: Selecting config yungsapi.mixins.json
[22Jun2025 03:47:22.912] [main/DEBUG] [mixin/]: Selecting config yungsapi_forge.mixins.json
[22Jun2025 03:47:22.914] [main/DEBUG] [mixin/]: Selecting config mixinextras.init.mixins.json
[22Jun2025 03:47:22.986] [main/DEBUG] [MixinExtras|Service/]: com.llamalad7.mixinextras.service.MixinExtrasServiceImpl(version=0.4.1) is taking over from null
[22Jun2025 03:47:23.085] [main/DEBUG] [mixin/]: Registering new injector for @Inject with org.spongepowered.asm.mixin.injection.struct.CallbackInjectionInfo
[22Jun2025 03:47:23.089] [main/DEBUG] [mixin/]: Registering new injector for @ModifyArg with org.spongepowered.asm.mixin.injection.struct.ModifyArgInjectionInfo
[22Jun2025 03:47:23.090] [main/DEBUG] [mixin/]: Registering new injector for @ModifyArgs with org.spongepowered.asm.mixin.injection.struct.ModifyArgsInjectionInfo
[22Jun2025 03:47:23.095] [main/DEBUG] [mixin/]: Registering new injector for @Redirect with org.spongepowered.asm.mixin.injection.struct.RedirectInjectionInfo
[22Jun2025 03:47:23.099] [main/DEBUG] [mixin/]: Registering new injector for @ModifyVariable with org.spongepowered.asm.mixin.injection.struct.ModifyVariableInjectionInfo
[22Jun2025 03:47:23.103] [main/DEBUG] [mixin/]: Registering new injector for @ModifyConstant with org.spongepowered.asm.mixin.injection.struct.ModifyConstantInjectionInfo
[22Jun2025 03:47:23.118] [main/DEBUG] [mixin/]: Selecting config starlight.mixins.json
[22Jun2025 03:47:23.122] [main/DEBUG] [mixin/]: Selecting config memoryleakfix.mixins.json
[22Jun2025 03:47:23.175] [main/DEBUG] [MixinExtras|Service/]: ca.fxco.memoryleakfix.mixinextras.service.MixinExtrasServiceImpl(version=0.3.2) is conceding to com.llamalad7.mixinextras.service.MixinExtrasServiceImpl(version=0.4.1)
[22Jun2025 03:47:23.183] [main/DEBUG] [mixin/]: Selecting config puzzlesaccessapi.common.mixins.json
[22Jun2025 03:47:23.193] [main/WARN] [mixin/]: Reference map 'puzzlesaccessapi.common.refmap.json' for puzzlesaccessapi.common.mixins.json could not be read. If this is a development environment you can ignore this message
[22Jun2025 03:47:23.194] [main/DEBUG] [mixin/]: Selecting config puzzlesaccessapi.forge.mixins.json
[22Jun2025 03:47:23.198] [main/DEBUG] [mixin/]: Selecting config betterfortresses.mixins.json
[22Jun2025 03:47:23.203] [main/DEBUG] [mixin/]: Selecting config betterfortresses_forge.mixins.json
[22Jun2025 03:47:23.207] [main/DEBUG] [mixin/]: Selecting config more_slabs_stairs_and_walls-common.mixins.json
[22Jun2025 03:47:23.209] [main/DEBUG] [mixin/]: Selecting config smoothchunk.mixins.json
[22Jun2025 03:47:23.212] [main/DEBUG] [mixin/]: Selecting config farmersdelight.mixins.json
[22Jun2025 03:47:23.221] [main/DEBUG] [mixin/]: Selecting config fcl.mixins.json
[22Jun2025 03:47:23.227] [main/DEBUG] [mixin/]: Selecting config ksyxis.mixins.json
[22Jun2025 03:47:23.230] [main/DEBUG] [mixin/]: Selecting config collective_forge.mixins.json
[22Jun2025 03:47:23.233] [main/DEBUG] [mixin/]: Selecting config parcool.mixins.json
[22Jun2025 03:47:23.235] [main/DEBUG] [mixin/]: Selecting config betterstrongholds.mixins.json
[22Jun2025 03:47:23.237] [main/DEBUG] [mixin/]: Selecting config betterstrongholds_forge.mixins.json
[22Jun2025 03:47:23.238] [main/DEBUG] [mixin/]: Selecting config architectury.mixins.json
[22Jun2025 03:47:23.243] [main/DEBUG] [mixin/]: Selecting config architectury-common.mixins.json
[22Jun2025 03:47:23.244] [main/DEBUG] [mixin/]: Selecting config nerb-common.mixins.json
[22Jun2025 03:47:23.250] [main/DEBUG] [mixin/]: Selecting config ferritecore.predicates.mixin.json
[22Jun2025 03:47:23.271] [main/DEBUG] [mixin/]: Selecting config ferritecore.fastmap.mixin.json
[22Jun2025 03:47:23.278] [main/DEBUG] [mixin/]: Selecting config ferritecore.mrl.mixin.json
[22Jun2025 03:47:23.281] [main/DEBUG] [mixin/]: Selecting config ferritecore.dedupmultipart.mixin.json
[22Jun2025 03:47:23.287] [main/DEBUG] [mixin/]: Selecting config ferritecore.blockstatecache.mixin.json
[22Jun2025 03:47:23.294] [main/DEBUG] [mixin/]: Selecting config ferritecore.dedupbakedquad.mixin.json
[22Jun2025 03:47:23.302] [main/DEBUG] [mixin/]: Selecting config ferritecore.threaddetec.mixin.json
[22Jun2025 03:47:23.307] [main/DEBUG] [mixin/]: Selecting config ferritecore.modelsides.mixin.json
[22Jun2025 03:47:23.311] [main/DEBUG] [mixin/]: Selecting config cupboard.mixins.json
[22Jun2025 03:47:23.316] [main/DEBUG] [mixin/]: Selecting config betterendisland.mixins.json
[22Jun2025 03:47:23.320] [main/DEBUG] [mixin/]: Selecting config betterendisland_forge.mixins.json
[22Jun2025 03:47:23.322] [main/DEBUG] [mixin/]: Selecting config puzzleslib.common.mixins.json
[22Jun2025 03:47:23.372] [main/INFO] [Puzzles Lib/]: Loading 62 mods:
	- advancednetherite 2.1.3
	- architectury 9.2.14
	- betterendisland 1.20-Forge-2.0.6
	- betterfortresses 1.20-Forge-2.0.6
	- betterjungletemples 1.20-Forge-2.0.5
	- betterstrongholds 1.20-Forge-4.0.3
	- caelus 3.2.0+1.20.1
	- cloth_config 11.1.136
	- collective 8.1
	- colytra 6.2.2+1.20.1
		\-- spectrelib 0.13.14+1.20.1
	- connectivity 1.20.1-7.1
	- cupboard 1.20.1-2.7
	- enchantinginfuser 8.0.3
	- enemyexpansion 2.3.1
	- fallingtree 4.3.4
	- farmersdelight 1.20.1-1.2.7
	- fastasyncworldsave 1.20.1-2.4
	- fastsuite 5.1.0
	- fcl 20.24
	- ferritecore 6.0.1
	- forge 47.3.7
	- fsmm 3.0.9
	- fsmmshop 2.0.3
	- geckolib 4.7.1.2
	- healingcampfire 6.2
	- jei 15.20.0.106
	- journeymap 5.10.3
	- ksyxis 1.3.3
	- l2complements 2.5.3
		\-- l2damagetracker 0.4.0
	- l2library 2.5.1
		|-- l2itemselector 0.1.9
		|-- l2screentracker 0.1.4
		\-- l2tabs 0.3.3
	- l2weaponry 2.5.0
	- limitedchunks 1.8
	- mcwpaintings 1.0.5
	- memoryleakfix 1.1.5
	- minecraft 1.20.1
	- modernfix 5.21.0+mc1.20.1
	- more_slabs_stairs_and_walls 4.0.0
	- moregateways 1.1.0
	- mr_dungeons_andtaverns 3.0.3.f
	- nerb 0.4.1
	- oceanic_delight 1.0.3
	- octolib 0.5.0.1
	- parcool 3.3.1.0
	- placebo 8.6.3
	- puzzleslib 8.1.32
		|-- mixinextras 0.4.1
		\-- puzzlesaccessapi 20.1.1
	- rotten_flesh_to_leather 2.0.0
	- rusticdelight 1.4.1
	- skinnedlanterns 1.20.1-1.3.5
	- smoothchunk 1.20.1-4.1
	- sophisticatedbackpacks 3.23.11.1222
	- sophisticatedcore 1.2.42.946
	- starlight 1.1.2+forge.1cda73c
	- storagedrawers 12.9.13
	- villagernames 8.2
	- yungsapi 1.20-Forge-4.0.6
[22Jun2025 03:47:23.381] [main/DEBUG] [mixin/]: Selecting config puzzleslib.forge.mixins.json
[22Jun2025 03:47:23.390] [main/DEBUG] [mixin/]: Selecting config l2library.mixins.json
[22Jun2025 03:47:23.391] [main/DEBUG] [mixin/]: Selecting config l2tabs.mixins.json
[22Jun2025 03:47:23.393] [main/DEBUG] [mixin/]: Selecting config l2complements.mixins.json
[22Jun2025 03:47:23.397] [main/DEBUG] [mixin/]: Selecting config l2weaponry.mixins.json
[22Jun2025 03:47:23.398] [main/DEBUG] [mixin/]: Selecting config l2screentracker.mixins.json
[22Jun2025 03:47:23.401] [main/DEBUG] [mixin/]: Selecting config l2damagetracker.mixins.json
[22Jun2025 03:47:23.403] [main/DEBUG] [mixin/]: Selecting config l2itemselector.mixins.json
[22Jun2025 03:47:23.406] [main/WARN] [mixin/]: Reference map 'itemselector.refmap.json' for l2itemselector.mixins.json could not be read. If this is a development environment you can ignore this message
[22Jun2025 03:47:23.406] [main/DEBUG] [mixin/]: Selecting config healingcampfire_forge.mixins.json
[22Jun2025 03:47:23.412] [main/DEBUG] [mixin/]: Selecting config betterjungletemples.mixins.json
[22Jun2025 03:47:23.417] [main/DEBUG] [mixin/]: Selecting config betterjungletemples_forge.mixins.json
[22Jun2025 03:47:23.422] [main/DEBUG] [mixin/]: Preparing connectivity.mixins.json (29)
[22Jun2025 03:47:23.779] [main/DEBUG] [mixin/]: Preparing geckolib.mixins.json (1)
[22Jun2025 03:47:23.779] [main/DEBUG] [mixin/]: Preparing limitedchunks.mixins.json (0)
[22Jun2025 03:47:23.779] [main/DEBUG] [mixin/]: Preparing caelus.mixins.json (4)
[22Jun2025 03:47:23.863] [main/DEBUG] [mixin/]: Preparing villagernames_forge.mixins.json (1)
[22Jun2025 03:47:23.865] [main/DEBUG] [mixin/]: Preparing fastsuite.mixins.json (3)
[22Jun2025 03:47:23.884] [main/DEBUG] [net.minecraftforge.coremod.transformer.CoreModBaseTransformer/COREMOD]: Transforming net/minecraft/world/item/ItemStack
[22Jun2025 03:47:23.959] [main/DEBUG] [net.minecraftforge.coremod.transformer.CoreModBaseTransformer/COREMOD]: Transforming getEnchantmentLevel with desc (Lnet/minecraft/world/item/enchantment/Enchantment;)I
[22Jun2025 03:47:24.030] [main/INFO] [net.minecraftforge.coremod.CoreMod.placebo/COREMODLOG]: Patching IForgeItemStack#getEnchantmentLevel
[22Jun2025 03:47:24.147] [main/DEBUG] [net.minecraftforge.coremod.transformer.CoreModBaseTransformer/COREMOD]: Transforming getAllEnchantments with desc ()Ljava/util/Map;
[22Jun2025 03:47:24.158] [main/INFO] [net.minecraftforge.coremod.CoreMod.placebo/COREMODLOG]: Patching IForgeItemStack#getEnchantmentLevel
[22Jun2025 03:47:24.186] [main/DEBUG] [mixin/]: Preparing journeymap.mixins.json (3)
[22Jun2025 03:47:24.188] [main/DEBUG] [mixin/]: Preparing fastasyncworldsave.mixins.json (2)
[22Jun2025 03:47:24.191] [main/DEBUG] [mixin/]: Preparing placebo.mixins.json (6)
[22Jun2025 03:47:24.504] [main/DEBUG] [mixin/]: Preparing modernfix-common.mixins.json (102)
[22Jun2025 03:47:24.555] [main/DEBUG] [ModernFix/]: No rules matched mixin 'perf.compact_mojang_registries.MappedRegistryMixin', treating as foreign and disabling!
[22Jun2025 03:47:25.101] [main/DEBUG] [net.minecraftforge.coremod.transformer.CoreModBaseTransformer/COREMOD]: Transforming net/minecraft/world/level/biome/Biome
[22Jun2025 03:47:25.194] [main/DEBUG] [mixin/]: Preparing modernfix-forge.mixins.json (48)
[22Jun2025 03:47:25.382] [main/DEBUG] [mixin/]: Preparing yungsapi.mixins.json (11)
[22Jun2025 03:47:25.394] [main/DEBUG] [yungsapi/]: Loaded com.yungnickyoung.minecraft.yungsapi.services.ForgePlatformHelper@2f4d32bf for service interface com.yungnickyoung.minecraft.yungsapi.services.IPlatformHelper
[22Jun2025 03:47:25.395] [main/DEBUG] [yungsapi/]: Loaded com.yungnickyoung.minecraft.yungsapi.services.ForgeAutoRegisterHelper@34009349 for service interface com.yungnickyoung.minecraft.yungsapi.services.IAutoRegisterHelper
[22Jun2025 03:47:25.401] [main/DEBUG] [yungsapi/]: Loaded com.yungnickyoung.minecraft.yungsapi.services.ForgeBlockEntityTypeHelper@11e71181 for service interface com.yungnickyoung.minecraft.yungsapi.services.IBlockEntityTypeHelper
[22Jun2025 03:47:25.404] [main/DEBUG] [yungsapi/]: Loaded com.yungnickyoung.minecraft.yungsapi.services.ForgeParticleTypeHelper@2a99ca99 for service interface com.yungnickyoung.minecraft.yungsapi.services.IParticleTypeHelper
[22Jun2025 03:47:25.488] [main/DEBUG] [mixin/]: Preparing yungsapi_forge.mixins.json (1)
[22Jun2025 03:47:25.489] [main/DEBUG] [mixin/]: Preparing mixinextras.init.mixins.json (0)
[22Jun2025 03:47:25.490] [main/DEBUG] [mixin/]: Preparing starlight.mixins.json (13)
[22Jun2025 03:47:25.562] [main/DEBUG] [mixin/]: Preparing memoryleakfix.mixins.json (7)
[22Jun2025 03:47:25.580] [main/DEBUG] [mixin/]: Preparing puzzlesaccessapi.common.mixins.json (0)
[22Jun2025 03:47:25.580] [main/DEBUG] [mixin/]: Preparing puzzlesaccessapi.forge.mixins.json (0)
[22Jun2025 03:47:25.580] [main/DEBUG] [mixin/]: Preparing betterfortresses.mixins.json (6)
[22Jun2025 03:47:25.632] [main/DEBUG] [mixin/]: Preparing betterfortresses_forge.mixins.json (0)
[22Jun2025 03:47:25.632] [main/DEBUG] [mixin/]: Preparing more_slabs_stairs_and_walls-common.mixins.json (8)
[22Jun2025 03:47:25.670] [main/DEBUG] [mixin/]: Preparing smoothchunk.mixins.json (5)
[22Jun2025 03:47:25.679] [main/DEBUG] [mixin/]: Preparing farmersdelight.mixins.json (9)
[22Jun2025 03:47:25.708] [main/DEBUG] [mixin/]: Preparing fcl.mixins.json (4)
[22Jun2025 03:47:25.713] [main/DEBUG] [mixin/]: Preparing ksyxis.mixins.json (3)
[22Jun2025 03:47:25.717] [main/DEBUG] [Ksyxis/KsyxisPlugin/]: Ksyxis: Bytecode provider threw an exception, mixin WON'T be applied. (provider: org.spongepowered.asm.launch.MixinLaunchPlugin@f557c37, plugin: Ksyxis/KsyxisPlugin{provider=org.spongepowered.asm.launch.MixinLaunchPlugin@f557c37}, targetClassName: net.minecraft.world.World, mixinClassName: ru.vidtu.ksyxis.mixins.LevelMixin)
java.lang.ClassNotFoundException: net.minecraft.world.World
	at cpw.mods.cl.ModuleClassLoader.getMaybeTransformedClassBytes(ModuleClassLoader.java:252) ~[securejarhandler-2.1.10.jar:?]
	at cpw.mods.modlauncher.TransformingClassLoader.buildTransformedClassNodeFor(TransformingClassLoader.java:58) ~[modlauncher-10.0.9.jar%2353!/:?]
	at cpw.mods.modlauncher.LaunchPluginHandler.lambda$announceLaunch$10(LaunchPluginHandler.java:100) ~[modlauncher-10.0.9.jar%2353!/:?]
	at org.spongepowered.asm.launch.MixinLaunchPluginLegacy.getClassNode(MixinLaunchPluginLegacy.java:222) ~[mixin-0.8.5.jar%2363!/:0.8.5+Jenkins-b310.git-155314e6e91465dad727e621a569906a410cd6f4]
	at org.spongepowered.asm.launch.MixinLaunchPluginLegacy.getClassNode(MixinLaunchPluginLegacy.java:207) ~[mixin-0.8.5.jar%2363!/:0.8.5+Jenkins-b310.git-155314e6e91465dad727e621a569906a410cd6f4]
	at ru.vidtu.ksyxis.KsyxisPlugin.shouldApplyMixin(KsyxisPlugin.java:107) ~[Ksyxis-1.3.3.jar%23173!/:1.3.3]
	at org.spongepowered.asm.mixin.transformer.PluginHandle.shouldApplyMixin(PluginHandle.java:132) ~[mixin-0.8.5.jar%2363!/:0.8.5+Jenkins-b310.git-155314e6e91465dad727e621a569906a410cd6f4]
	at org.spongepowered.asm.mixin.transformer.MixinInfo.shouldApplyMixin(MixinInfo.java:987) ~[mixin-0.8.5.jar%2363!/:0.8.5+Jenkins-b310.git-155314e6e91465dad727e621a569906a410cd6f4]
	at org.spongepowered.asm.mixin.transformer.MixinInfo.readDeclaredTargets(MixinInfo.java:952) ~[mixin-0.8.5.jar%2363!/:0.8.5+Jenkins-b310.git-155314e6e91465dad727e621a569906a410cd6f4]
	at org.spongepowered.asm.mixin.transformer.MixinInfo.<init>(MixinInfo.java:881) ~[mixin-0.8.5.jar%2363!/:0.8.5+Jenkins-b310.git-155314e6e91465dad727e621a569906a410cd6f4]
	at org.spongepowered.asm.mixin.transformer.MixinConfig.prepareMixins(MixinConfig.java:850) ~[mixin-0.8.5.jar%2363!/:0.8.5+Jenkins-b310.git-155314e6e91465dad727e621a569906a410cd6f4]
	at org.spongepowered.asm.mixin.transformer.MixinConfig.prepare(MixinConfig.java:775) ~[mixin-0.8.5.jar%2363!/:0.8.5+Jenkins-b310.git-155314e6e91465dad727e621a569906a410cd6f4]
	at org.spongepowered.asm.mixin.transformer.MixinProcessor.prepareConfigs(MixinProcessor.java:539) ~[mixin-0.8.5.jar%2363!/:0.8.5+Jenkins-b310.git-155314e6e91465dad727e621a569906a410cd6f4]
	at org.spongepowered.asm.mixin.transformer.MixinProcessor.select(MixinProcessor.java:462) ~[mixin-0.8.5.jar%2363!/:0.8.5+Jenkins-b310.git-155314e6e91465dad727e621a569906a410cd6f4]
	at org.spongepowered.asm.mixin.transformer.MixinProcessor.checkSelect(MixinProcessor.java:438) ~[mixin-0.8.5.jar%2363!/:0.8.5+Jenkins-b310.git-155314e6e91465dad727e621a569906a410cd6f4]
	at org.spongepowered.asm.mixin.transformer.MixinProcessor.applyMixins(MixinProcessor.java:290) ~[mixin-0.8.5.jar%2363!/:0.8.5+Jenkins-b310.git-155314e6e91465dad727e621a569906a410cd6f4]
	at org.spongepowered.asm.mixin.transformer.MixinTransformer.transformClass(MixinTransformer.java:250) ~[mixin-0.8.5.jar%2363!/:0.8.5+Jenkins-b310.git-155314e6e91465dad727e621a569906a410cd6f4]
	at org.spongepowered.asm.service.modlauncher.MixinTransformationHandler.processClass(MixinTransformationHandler.java:131) ~[mixin-0.8.5.jar%2363!/:0.8.5+Jenkins-b310.git-155314e6e91465dad727e621a569906a410cd6f4]
	at org.spongepowered.asm.launch.MixinLaunchPluginLegacy.processClass(MixinLaunchPluginLegacy.java:131) ~[mixin-0.8.5.jar%2363!/:0.8.5+Jenkins-b310.git-155314e6e91465dad727e621a569906a410cd6f4]
	at cpw.mods.modlauncher.serviceapi.ILaunchPluginService.processClassWithFlags(ILaunchPluginService.java:156) ~[modlauncher-10.0.9.jar%2353!/:10.0.9+10.0.9+main.dcd20f30]
	at cpw.mods.modlauncher.LaunchPluginHandler.offerClassNodeToPlugins(LaunchPluginHandler.java:88) ~[modlauncher-10.0.9.jar%2353!/:?]
	at cpw.mods.modlauncher.ClassTransformer.transform(ClassTransformer.java:120) ~[modlauncher-10.0.9.jar%2353!/:?]
	at cpw.mods.modlauncher.TransformingClassLoader.maybeTransformClassBytes(TransformingClassLoader.java:50) ~[modlauncher-10.0.9.jar%2353!/:?]
	at cpw.mods.cl.ModuleClassLoader.readerToClass(ModuleClassLoader.java:113) ~[securejarhandler-2.1.10.jar:?]
	at cpw.mods.cl.ModuleClassLoader.lambda$findClass$15(ModuleClassLoader.java:219) ~[securejarhandler-2.1.10.jar:?]
	at cpw.mods.cl.ModuleClassLoader.loadFromModule(ModuleClassLoader.java:229) ~[securejarhandler-2.1.10.jar:?]
	at cpw.mods.cl.ModuleClassLoader.findClass(ModuleClassLoader.java:219) ~[securejarhandler-2.1.10.jar:?]
	at java.lang.ClassLoader.loadClass(ClassLoader.java:637) ~[?:?]
	at java.lang.Class.forName(Class.java:545) ~[?:?]
	at net.minecraftforge.fml.loading.ImmediateWindowHandler$DummyProvider.lambda$updateModuleReads$1(ImmediateWindowHandler.java:145) ~[fmlloader-1.20.1-47.3.7.jar%2367!/:1.0]
	at java.util.Optional.map(Optional.java:260) ~[?:?]
	at net.minecraftforge.fml.loading.ImmediateWindowHandler$DummyProvider.updateModuleReads(ImmediateWindowHandler.java:145) ~[fmlloader-1.20.1-47.3.7.jar%2367!/:1.0]
	at net.minecraftforge.fml.loading.ImmediateWindowHandler.acceptGameLayer(ImmediateWindowHandler.java:71) ~[fmlloader-1.20.1-47.3.7.jar%2367!/:1.0]
	at net.minecraftforge.fml.loading.FMLLoader.beforeStart(FMLLoader.java:207) ~[fmlloader-1.20.1-47.3.7.jar%2367!/:1.0]
	at net.minecraftforge.fml.loading.targets.CommonLaunchHandler.launchService(CommonLaunchHandler.java:92) ~[fmlloader-1.20.1-47.3.7.jar%2367!/:?]
	at cpw.mods.modlauncher.LaunchServiceHandlerDecorator.launch(LaunchServiceHandlerDecorator.java:30) ~[modlauncher-10.0.9.jar%2353!/:?]
	at cpw.mods.modlauncher.LaunchServiceHandler.launch(LaunchServiceHandler.java:53) ~[modlauncher-10.0.9.jar%2353!/:?]
	at cpw.mods.modlauncher.LaunchServiceHandler.launch(LaunchServiceHandler.java:71) ~[modlauncher-10.0.9.jar%2353!/:?]
	at cpw.mods.modlauncher.Launcher.run(Launcher.java:108) ~[modlauncher-10.0.9.jar%2353!/:?]
	at cpw.mods.modlauncher.Launcher.main(Launcher.java:78) ~[modlauncher-10.0.9.jar%2353!/:?]
	at cpw.mods.modlauncher.BootstrapLaunchConsumer.accept(BootstrapLaunchConsumer.java:26) ~[modlauncher-10.0.9.jar%2353!/:?]
	at cpw.mods.modlauncher.BootstrapLaunchConsumer.accept(BootstrapLaunchConsumer.java:23) ~[modlauncher-10.0.9.jar%2353!/:?]
	at cpw.mods.bootstraplauncher.BootstrapLauncher.main(BootstrapLauncher.java:141) ~[bootstraplauncher-1.1.2.jar:?]
[22Jun2025 03:47:25.757] [main/DEBUG] [Ksyxis/KsyxisPlugin/]: Ksyxis: Bytecode provider threw an exception, mixin WON'T be applied. (provider: org.spongepowered.asm.launch.MixinLaunchPlugin@f557c37, plugin: Ksyxis/KsyxisPlugin{provider=org.spongepowered.asm.launch.MixinLaunchPlugin@f557c37}, targetClassName: net.minecraft.class_1150, mixinClassName: ru.vidtu.ksyxis.mixins.LevelMixin)
java.lang.ClassNotFoundException: net.minecraft.class_1150
	at cpw.mods.cl.ModuleClassLoader.getMaybeTransformedClassBytes(ModuleClassLoader.java:252) ~[securejarhandler-2.1.10.jar:?]
	at cpw.mods.modlauncher.TransformingClassLoader.buildTransformedClassNodeFor(TransformingClassLoader.java:58) ~[modlauncher-10.0.9.jar%2353!/:?]
	at cpw.mods.modlauncher.LaunchPluginHandler.lambda$announceLaunch$10(LaunchPluginHandler.java:100) ~[modlauncher-10.0.9.jar%2353!/:?]
	at org.spongepowered.asm.launch.MixinLaunchPluginLegacy.getClassNode(MixinLaunchPluginLegacy.java:222) ~[mixin-0.8.5.jar%2363!/:0.8.5+Jenkins-b310.git-155314e6e91465dad727e621a569906a410cd6f4]
	at org.spongepowered.asm.launch.MixinLaunchPluginLegacy.getClassNode(MixinLaunchPluginLegacy.java:207) ~[mixin-0.8.5.jar%2363!/:0.8.5+Jenkins-b310.git-155314e6e91465dad727e621a569906a410cd6f4]
	at ru.vidtu.ksyxis.KsyxisPlugin.shouldApplyMixin(KsyxisPlugin.java:107) ~[Ksyxis-1.3.3.jar%23173!/:1.3.3]
	at org.spongepowered.asm.mixin.transformer.PluginHandle.shouldApplyMixin(PluginHandle.java:132) ~[mixin-0.8.5.jar%2363!/:0.8.5+Jenkins-b310.git-155314e6e91465dad727e621a569906a410cd6f4]
	at org.spongepowered.asm.mixin.transformer.MixinInfo.shouldApplyMixin(MixinInfo.java:987) ~[mixin-0.8.5.jar%2363!/:0.8.5+Jenkins-b310.git-155314e6e91465dad727e621a569906a410cd6f4]
	at org.spongepowered.asm.mixin.transformer.MixinInfo.readDeclaredTargets(MixinInfo.java:952) ~[mixin-0.8.5.jar%2363!/:0.8.5+Jenkins-b310.git-155314e6e91465dad727e621a569906a410cd6f4]
	at org.spongepowered.asm.mixin.transformer.MixinInfo.<init>(MixinInfo.java:881) ~[mixin-0.8.5.jar%2363!/:0.8.5+Jenkins-b310.git-155314e6e91465dad727e621a569906a410cd6f4]
	at org.spongepowered.asm.mixin.transformer.MixinConfig.prepareMixins(MixinConfig.java:850) ~[mixin-0.8.5.jar%2363!/:0.8.5+Jenkins-b310.git-155314e6e91465dad727e621a569906a410cd6f4]
	at org.spongepowered.asm.mixin.transformer.MixinConfig.prepare(MixinConfig.java:775) ~[mixin-0.8.5.jar%2363!/:0.8.5+Jenkins-b310.git-155314e6e91465dad727e621a569906a410cd6f4]
	at org.spongepowered.asm.mixin.transformer.MixinProcessor.prepareConfigs(MixinProcessor.java:539) ~[mixin-0.8.5.jar%2363!/:0.8.5+Jenkins-b310.git-155314e6e91465dad727e621a569906a410cd6f4]
	at org.spongepowered.asm.mixin.transformer.MixinProcessor.select(MixinProcessor.java:462) ~[mixin-0.8.5.jar%2363!/:0.8.5+Jenkins-b310.git-155314e6e91465dad727e621a569906a410cd6f4]
	at org.spongepowered.asm.mixin.transformer.MixinProcessor.checkSelect(MixinProcessor.java:438) ~[mixin-0.8.5.jar%2363!/:0.8.5+Jenkins-b310.git-155314e6e91465dad727e621a569906a410cd6f4]
	at org.spongepowered.asm.mixin.transformer.MixinProcessor.applyMixins(MixinProcessor.java:290) ~[mixin-0.8.5.jar%2363!/:0.8.5+Jenkins-b310.git-155314e6e91465dad727e621a569906a410cd6f4]
	at org.spongepowered.asm.mixin.transformer.MixinTransformer.transformClass(MixinTransformer.java:250) ~[mixin-0.8.5.jar%2363!/:0.8.5+Jenkins-b310.git-155314e6e91465dad727e621a569906a410cd6f4]
	at org.spongepowered.asm.service.modlauncher.MixinTransformationHandler.processClass(MixinTransformationHandler.java:131) ~[mixin-0.8.5.jar%2363!/:0.8.5+Jenkins-b310.git-155314e6e91465dad727e621a569906a410cd6f4]
	at org.spongepowered.asm.launch.MixinLaunchPluginLegacy.processClass(MixinLaunchPluginLegacy.java:131) ~[mixin-0.8.5.jar%2363!/:0.8.5+Jenkins-b310.git-155314e6e91465dad727e621a569906a410cd6f4]
	at cpw.mods.modlauncher.serviceapi.ILaunchPluginService.processClassWithFlags(ILaunchPluginService.java:156) ~[modlauncher-10.0.9.jar%2353!/:10.0.9+10.0.9+main.dcd20f30]
	at cpw.mods.modlauncher.LaunchPluginHandler.offerClassNodeToPlugins(LaunchPluginHandler.java:88) ~[modlauncher-10.0.9.jar%2353!/:?]
	at cpw.mods.modlauncher.ClassTransformer.transform(ClassTransformer.java:120) ~[modlauncher-10.0.9.jar%2353!/:?]
	at cpw.mods.modlauncher.TransformingClassLoader.maybeTransformClassBytes(TransformingClassLoader.java:50) ~[modlauncher-10.0.9.jar%2353!/:?]
	at cpw.mods.cl.ModuleClassLoader.readerToClass(ModuleClassLoader.java:113) ~[securejarhandler-2.1.10.jar:?]
	at cpw.mods.cl.ModuleClassLoader.lambda$findClass$15(ModuleClassLoader.java:219) ~[securejarhandler-2.1.10.jar:?]
	at cpw.mods.cl.ModuleClassLoader.loadFromModule(ModuleClassLoader.java:229) ~[securejarhandler-2.1.10.jar:?]
	at cpw.mods.cl.ModuleClassLoader.findClass(ModuleClassLoader.java:219) ~[securejarhandler-2.1.10.jar:?]
	at java.lang.ClassLoader.loadClass(ClassLoader.java:637) ~[?:?]
	at java.lang.Class.forName(Class.java:545) ~[?:?]
	at net.minecraftforge.fml.loading.ImmediateWindowHandler$DummyProvider.lambda$updateModuleReads$1(ImmediateWindowHandler.java:145) ~[fmlloader-1.20.1-47.3.7.jar%2367!/:1.0]
	at java.util.Optional.map(Optional.java:260) ~[?:?]
	at net.minecraftforge.fml.loading.ImmediateWindowHandler$DummyProvider.updateModuleReads(ImmediateWindowHandler.java:145) ~[fmlloader-1.20.1-47.3.7.jar%2367!/:1.0]
	at net.minecraftforge.fml.loading.ImmediateWindowHandler.acceptGameLayer(ImmediateWindowHandler.java:71) ~[fmlloader-1.20.1-47.3.7.jar%2367!/:1.0]
	at net.minecraftforge.fml.loading.FMLLoader.beforeStart(FMLLoader.java:207) ~[fmlloader-1.20.1-47.3.7.jar%2367!/:1.0]
	at net.minecraftforge.fml.loading.targets.CommonLaunchHandler.launchService(CommonLaunchHandler.java:92) ~[fmlloader-1.20.1-47.3.7.jar%2367!/:?]
	at cpw.mods.modlauncher.LaunchServiceHandlerDecorator.launch(LaunchServiceHandlerDecorator.java:30) ~[modlauncher-10.0.9.jar%2353!/:?]
	at cpw.mods.modlauncher.LaunchServiceHandler.launch(LaunchServiceHandler.java:53) ~[modlauncher-10.0.9.jar%2353!/:?]
	at cpw.mods.modlauncher.LaunchServiceHandler.launch(LaunchServiceHandler.java:71) ~[modlauncher-10.0.9.jar%2353!/:?]
	at cpw.mods.modlauncher.Launcher.run(Launcher.java:108) ~[modlauncher-10.0.9.jar%2353!/:?]
	at cpw.mods.modlauncher.Launcher.main(Launcher.java:78) ~[modlauncher-10.0.9.jar%2353!/:?]
	at cpw.mods.modlauncher.BootstrapLaunchConsumer.accept(BootstrapLaunchConsumer.java:26) ~[modlauncher-10.0.9.jar%2353!/:?]
	at cpw.mods.modlauncher.BootstrapLaunchConsumer.accept(BootstrapLaunchConsumer.java:23) ~[modlauncher-10.0.9.jar%2353!/:?]
	at cpw.mods.bootstraplauncher.BootstrapLauncher.main(BootstrapLauncher.java:141) ~[bootstraplauncher-1.1.2.jar:?]
[22Jun2025 03:47:25.762] [main/DEBUG] [Ksyxis/KsyxisPlugin/]: Ksyxis: Bytecode provider threw an exception, mixin WON'T be applied. (provider: org.spongepowered.asm.launch.MixinLaunchPlugin@f557c37, plugin: Ksyxis/KsyxisPlugin{provider=org.spongepowered.asm.launch.MixinLaunchPlugin@f557c37}, targetClassName: net.minecraft.unmapped.C_5553933, mixinClassName: ru.vidtu.ksyxis.mixins.LevelMixin)
java.lang.ClassNotFoundException: net.minecraft.unmapped.C_5553933
	at cpw.mods.cl.ModuleClassLoader.getMaybeTransformedClassBytes(ModuleClassLoader.java:252) ~[securejarhandler-2.1.10.jar:?]
	at cpw.mods.modlauncher.TransformingClassLoader.buildTransformedClassNodeFor(TransformingClassLoader.java:58) ~[modlauncher-10.0.9.jar%2353!/:?]
	at cpw.mods.modlauncher.LaunchPluginHandler.lambda$announceLaunch$10(LaunchPluginHandler.java:100) ~[modlauncher-10.0.9.jar%2353!/:?]
	at org.spongepowered.asm.launch.MixinLaunchPluginLegacy.getClassNode(MixinLaunchPluginLegacy.java:222) ~[mixin-0.8.5.jar%2363!/:0.8.5+Jenkins-b310.git-155314e6e91465dad727e621a569906a410cd6f4]
	at org.spongepowered.asm.launch.MixinLaunchPluginLegacy.getClassNode(MixinLaunchPluginLegacy.java:207) ~[mixin-0.8.5.jar%2363!/:0.8.5+Jenkins-b310.git-155314e6e91465dad727e621a569906a410cd6f4]
	at ru.vidtu.ksyxis.KsyxisPlugin.shouldApplyMixin(KsyxisPlugin.java:107) ~[Ksyxis-1.3.3.jar%23173!/:1.3.3]
	at org.spongepowered.asm.mixin.transformer.PluginHandle.shouldApplyMixin(PluginHandle.java:132) ~[mixin-0.8.5.jar%2363!/:0.8.5+Jenkins-b310.git-155314e6e91465dad727e621a569906a410cd6f4]
	at org.spongepowered.asm.mixin.transformer.MixinInfo.shouldApplyMixin(MixinInfo.java:987) ~[mixin-0.8.5.jar%2363!/:0.8.5+Jenkins-b310.git-155314e6e91465dad727e621a569906a410cd6f4]
	at org.spongepowered.asm.mixin.transformer.MixinInfo.readDeclaredTargets(MixinInfo.java:952) ~[mixin-0.8.5.jar%2363!/:0.8.5+Jenkins-b310.git-155314e6e91465dad727e621a569906a410cd6f4]
	at org.spongepowered.asm.mixin.transformer.MixinInfo.<init>(MixinInfo.java:881) ~[mixin-0.8.5.jar%2363!/:0.8.5+Jenkins-b310.git-155314e6e91465dad727e621a569906a410cd6f4]
	at org.spongepowered.asm.mixin.transformer.MixinConfig.prepareMixins(MixinConfig.java:850) ~[mixin-0.8.5.jar%2363!/:0.8.5+Jenkins-b310.git-155314e6e91465dad727e621a569906a410cd6f4]
	at org.spongepowered.asm.mixin.transformer.MixinConfig.prepare(MixinConfig.java:775) ~[mixin-0.8.5.jar%2363!/:0.8.5+Jenkins-b310.git-155314e6e91465dad727e621a569906a410cd6f4]
	at org.spongepowered.asm.mixin.transformer.MixinProcessor.prepareConfigs(MixinProcessor.java:539) ~[mixin-0.8.5.jar%2363!/:0.8.5+Jenkins-b310.git-155314e6e91465dad727e621a569906a410cd6f4]
	at org.spongepowered.asm.mixin.transformer.MixinProcessor.select(MixinProcessor.java:462) ~[mixin-0.8.5.jar%2363!/:0.8.5+Jenkins-b310.git-155314e6e91465dad727e621a569906a410cd6f4]
	at org.spongepowered.asm.mixin.transformer.MixinProcessor.checkSelect(MixinProcessor.java:438) ~[mixin-0.8.5.jar%2363!/:0.8.5+Jenkins-b310.git-155314e6e91465dad727e621a569906a410cd6f4]
	at org.spongepowered.asm.mixin.transformer.MixinProcessor.applyMixins(MixinProcessor.java:290) ~[mixin-0.8.5.jar%2363!/:0.8.5+Jenkins-b310.git-155314e6e91465dad727e621a569906a410cd6f4]
	at org.spongepowered.asm.mixin.transformer.MixinTransformer.transformClass(MixinTransformer.java:250) ~[mixin-0.8.5.jar%2363!/:0.8.5+Jenkins-b310.git-155314e6e91465dad727e621a569906a410cd6f4]
	at org.spongepowered.asm.service.modlauncher.MixinTransformationHandler.processClass(MixinTransformationHandler.java:131) ~[mixin-0.8.5.jar%2363!/:0.8.5+Jenkins-b310.git-155314e6e91465dad727e621a569906a410cd6f4]
	at org.spongepowered.asm.launch.MixinLaunchPluginLegacy.processClass(MixinLaunchPluginLegacy.java:131) ~[mixin-0.8.5.jar%2363!/:0.8.5+Jenkins-b310.git-155314e6e91465dad727e621a569906a410cd6f4]
	at cpw.mods.modlauncher.serviceapi.ILaunchPluginService.processClassWithFlags(ILaunchPluginService.java:156) ~[modlauncher-10.0.9.jar%2353!/:10.0.9+10.0.9+main.dcd20f30]
	at cpw.mods.modlauncher.LaunchPluginHandler.offerClassNodeToPlugins(LaunchPluginHandler.java:88) ~[modlauncher-10.0.9.jar%2353!/:?]
	at cpw.mods.modlauncher.ClassTransformer.transform(ClassTransformer.java:120) ~[modlauncher-10.0.9.jar%2353!/:?]
	at cpw.mods.modlauncher.TransformingClassLoader.maybeTransformClassBytes(TransformingClassLoader.java:50) ~[modlauncher-10.0.9.jar%2353!/:?]
	at cpw.mods.cl.ModuleClassLoader.readerToClass(ModuleClassLoader.java:113) ~[securejarhandler-2.1.10.jar:?]
	at cpw.mods.cl.ModuleClassLoader.lambda$findClass$15(ModuleClassLoader.java:219) ~[securejarhandler-2.1.10.jar:?]
	at cpw.mods.cl.ModuleClassLoader.loadFromModule(ModuleClassLoader.java:229) ~[securejarhandler-2.1.10.jar:?]
	at cpw.mods.cl.ModuleClassLoader.findClass(ModuleClassLoader.java:219) ~[securejarhandler-2.1.10.jar:?]
	at java.lang.ClassLoader.loadClass(ClassLoader.java:637) ~[?:?]
	at java.lang.Class.forName(Class.java:545) ~[?:?]
	at net.minecraftforge.fml.loading.ImmediateWindowHandler$DummyProvider.lambda$updateModuleReads$1(ImmediateWindowHandler.java:145) ~[fmlloader-1.20.1-47.3.7.jar%2367!/:1.0]
	at java.util.Optional.map(Optional.java:260) ~[?:?]
	at net.minecraftforge.fml.loading.ImmediateWindowHandler$DummyProvider.updateModuleReads(ImmediateWindowHandler.java:145) ~[fmlloader-1.20.1-47.3.7.jar%2367!/:1.0]
	at net.minecraftforge.fml.loading.ImmediateWindowHandler.acceptGameLayer(ImmediateWindowHandler.java:71) ~[fmlloader-1.20.1-47.3.7.jar%2367!/:1.0]
	at net.minecraftforge.fml.loading.FMLLoader.beforeStart(FMLLoader.java:207) ~[fmlloader-1.20.1-47.3.7.jar%2367!/:1.0]
	at net.minecraftforge.fml.loading.targets.CommonLaunchHandler.launchService(CommonLaunchHandler.java:92) ~[fmlloader-1.20.1-47.3.7.jar%2367!/:?]
	at cpw.mods.modlauncher.LaunchServiceHandlerDecorator.launch(LaunchServiceHandlerDecorator.java:30) ~[modlauncher-10.0.9.jar%2353!/:?]
	at cpw.mods.modlauncher.LaunchServiceHandler.launch(LaunchServiceHandler.java:53) ~[modlauncher-10.0.9.jar%2353!/:?]
	at cpw.mods.modlauncher.LaunchServiceHandler.launch(LaunchServiceHandler.java:71) ~[modlauncher-10.0.9.jar%2353!/:?]
	at cpw.mods.modlauncher.Launcher.run(Launcher.java:108) ~[modlauncher-10.0.9.jar%2353!/:?]
	at cpw.mods.modlauncher.Launcher.main(Launcher.java:78) ~[modlauncher-10.0.9.jar%2353!/:?]
	at cpw.mods.modlauncher.BootstrapLaunchConsumer.accept(BootstrapLaunchConsumer.java:26) ~[modlauncher-10.0.9.jar%2353!/:?]
	at cpw.mods.modlauncher.BootstrapLaunchConsumer.accept(BootstrapLaunchConsumer.java:23) ~[modlauncher-10.0.9.jar%2353!/:?]
	at cpw.mods.bootstraplauncher.BootstrapLauncher.main(BootstrapLauncher.java:141) ~[bootstraplauncher-1.1.2.jar:?]
[22Jun2025 03:47:25.784] [main/DEBUG] [Ksyxis/KsyxisPlugin/]: Ksyxis: Bytecode provider returned a valid node, applying mixin... (provider: org.spongepowered.asm.launch.MixinLaunchPlugin@f557c37, plugin: Ksyxis/KsyxisPlugin{provider=org.spongepowered.asm.launch.MixinLaunchPlugin@f557c37}, targetClassName: net.minecraft.server.MinecraftServer, mixinClassName: ru.vidtu.ksyxis.mixins.MinecraftServerMixin)
[22Jun2025 03:47:25.794] [main/DEBUG] [Ksyxis/KsyxisPlugin/]: Ksyxis: Bytecode provider threw an exception, mixin WON'T be applied. (provider: org.spongepowered.asm.launch.MixinLaunchPlugin@f557c37, plugin: Ksyxis/KsyxisPlugin{provider=org.spongepowered.asm.launch.MixinLaunchPlugin@f557c37}, targetClassName: net.minecraft.src.C_4977_, mixinClassName: ru.vidtu.ksyxis.mixins.MinecraftServerMixin)
java.lang.ClassNotFoundException: net.minecraft.src.C_4977_
	at cpw.mods.cl.ModuleClassLoader.getMaybeTransformedClassBytes(ModuleClassLoader.java:252) ~[securejarhandler-2.1.10.jar:?]
	at cpw.mods.modlauncher.TransformingClassLoader.buildTransformedClassNodeFor(TransformingClassLoader.java:58) ~[modlauncher-10.0.9.jar%2353!/:?]
	at cpw.mods.modlauncher.LaunchPluginHandler.lambda$announceLaunch$10(LaunchPluginHandler.java:100) ~[modlauncher-10.0.9.jar%2353!/:?]
	at org.spongepowered.asm.launch.MixinLaunchPluginLegacy.getClassNode(MixinLaunchPluginLegacy.java:222) ~[mixin-0.8.5.jar%2363!/:0.8.5+Jenkins-b310.git-155314e6e91465dad727e621a569906a410cd6f4]
	at org.spongepowered.asm.launch.MixinLaunchPluginLegacy.getClassNode(MixinLaunchPluginLegacy.java:207) ~[mixin-0.8.5.jar%2363!/:0.8.5+Jenkins-b310.git-155314e6e91465dad727e621a569906a410cd6f4]
	at ru.vidtu.ksyxis.KsyxisPlugin.shouldApplyMixin(KsyxisPlugin.java:107) ~[Ksyxis-1.3.3.jar%23173!/:1.3.3]
	at org.spongepowered.asm.mixin.transformer.PluginHandle.shouldApplyMixin(PluginHandle.java:132) ~[mixin-0.8.5.jar%2363!/:0.8.5+Jenkins-b310.git-155314e6e91465dad727e621a569906a410cd6f4]
	at org.spongepowered.asm.mixin.transformer.MixinInfo.shouldApplyMixin(MixinInfo.java:987) ~[mixin-0.8.5.jar%2363!/:0.8.5+Jenkins-b310.git-155314e6e91465dad727e621a569906a410cd6f4]
	at org.spongepowered.asm.mixin.transformer.MixinInfo.readDeclaredTargets(MixinInfo.java:952) ~[mixin-0.8.5.jar%2363!/:0.8.5+Jenkins-b310.git-155314e6e91465dad727e621a569906a410cd6f4]
	at org.spongepowered.asm.mixin.transformer.MixinInfo.<init>(MixinInfo.java:881) ~[mixin-0.8.5.jar%2363!/:0.8.5+Jenkins-b310.git-155314e6e91465dad727e621a569906a410cd6f4]
	at org.spongepowered.asm.mixin.transformer.MixinConfig.prepareMixins(MixinConfig.java:850) ~[mixin-0.8.5.jar%2363!/:0.8.5+Jenkins-b310.git-155314e6e91465dad727e621a569906a410cd6f4]
	at org.spongepowered.asm.mixin.transformer.MixinConfig.prepare(MixinConfig.java:775) ~[mixin-0.8.5.jar%2363!/:0.8.5+Jenkins-b310.git-155314e6e91465dad727e621a569906a410cd6f4]
	at org.spongepowered.asm.mixin.transformer.MixinProcessor.prepareConfigs(MixinProcessor.java:539) ~[mixin-0.8.5.jar%2363!/:0.8.5+Jenkins-b310.git-155314e6e91465dad727e621a569906a410cd6f4]
	at org.spongepowered.asm.mixin.transformer.MixinProcessor.select(MixinProcessor.java:462) ~[mixin-0.8.5.jar%2363!/:0.8.5+Jenkins-b310.git-155314e6e91465dad727e621a569906a410cd6f4]
	at org.spongepowered.asm.mixin.transformer.MixinProcessor.checkSelect(MixinProcessor.java:438) ~[mixin-0.8.5.jar%2363!/:0.8.5+Jenkins-b310.git-155314e6e91465dad727e621a569906a410cd6f4]
	at org.spongepowered.asm.mixin.transformer.MixinProcessor.applyMixins(MixinProcessor.java:290) ~[mixin-0.8.5.jar%2363!/:0.8.5+Jenkins-b310.git-155314e6e91465dad727e621a569906a410cd6f4]
	at org.spongepowered.asm.mixin.transformer.MixinTransformer.transformClass(MixinTransformer.java:250) ~[mixin-0.8.5.jar%2363!/:0.8.5+Jenkins-b310.git-155314e6e91465dad727e621a569906a410cd6f4]
	at org.spongepowered.asm.service.modlauncher.MixinTransformationHandler.processClass(MixinTransformationHandler.java:131) ~[mixin-0.8.5.jar%2363!/:0.8.5+Jenkins-b310.git-155314e6e91465dad727e621a569906a410cd6f4]
	at org.spongepowered.asm.launch.MixinLaunchPluginLegacy.processClass(MixinLaunchPluginLegacy.java:131) ~[mixin-0.8.5.jar%2363!/:0.8.5+Jenkins-b310.git-155314e6e91465dad727e621a569906a410cd6f4]
	at cpw.mods.modlauncher.serviceapi.ILaunchPluginService.processClassWithFlags(ILaunchPluginService.java:156) ~[modlauncher-10.0.9.jar%2353!/:10.0.9+10.0.9+main.dcd20f30]
	at cpw.mods.modlauncher.LaunchPluginHandler.offerClassNodeToPlugins(LaunchPluginHandler.java:88) ~[modlauncher-10.0.9.jar%2353!/:?]
	at cpw.mods.modlauncher.ClassTransformer.transform(ClassTransformer.java:120) ~[modlauncher-10.0.9.jar%2353!/:?]
	at cpw.mods.modlauncher.TransformingClassLoader.maybeTransformClassBytes(TransformingClassLoader.java:50) ~[modlauncher-10.0.9.jar%2353!/:?]
	at cpw.mods.cl.ModuleClassLoader.readerToClass(ModuleClassLoader.java:113) ~[securejarhandler-2.1.10.jar:?]
	at cpw.mods.cl.ModuleClassLoader.lambda$findClass$15(ModuleClassLoader.java:219) ~[securejarhandler-2.1.10.jar:?]
	at cpw.mods.cl.ModuleClassLoader.loadFromModule(ModuleClassLoader.java:229) ~[securejarhandler-2.1.10.jar:?]
	at cpw.mods.cl.ModuleClassLoader.findClass(ModuleClassLoader.java:219) ~[securejarhandler-2.1.10.jar:?]
	at java.lang.ClassLoader.loadClass(ClassLoader.java:637) ~[?:?]
	at java.lang.Class.forName(Class.java:545) ~[?:?]
	at net.minecraftforge.fml.loading.ImmediateWindowHandler$DummyProvider.lambda$updateModuleReads$1(ImmediateWindowHandler.java:145) ~[fmlloader-1.20.1-47.3.7.jar%2367!/:1.0]
	at java.util.Optional.map(Optional.java:260) ~[?:?]
	at net.minecraftforge.fml.loading.ImmediateWindowHandler$DummyProvider.updateModuleReads(ImmediateWindowHandler.java:145) ~[fmlloader-1.20.1-47.3.7.jar%2367!/:1.0]
	at net.minecraftforge.fml.loading.ImmediateWindowHandler.acceptGameLayer(ImmediateWindowHandler.java:71) ~[fmlloader-1.20.1-47.3.7.jar%2367!/:1.0]
	at net.minecraftforge.fml.loading.FMLLoader.beforeStart(FMLLoader.java:207) ~[fmlloader-1.20.1-47.3.7.jar%2367!/:1.0]
	at net.minecraftforge.fml.loading.targets.CommonLaunchHandler.launchService(CommonLaunchHandler.java:92) ~[fmlloader-1.20.1-47.3.7.jar%2367!/:?]
	at cpw.mods.modlauncher.LaunchServiceHandlerDecorator.launch(LaunchServiceHandlerDecorator.java:30) ~[modlauncher-10.0.9.jar%2353!/:?]
	at cpw.mods.modlauncher.LaunchServiceHandler.launch(LaunchServiceHandler.java:53) ~[modlauncher-10.0.9.jar%2353!/:?]
	at cpw.mods.modlauncher.LaunchServiceHandler.launch(LaunchServiceHandler.java:71) ~[modlauncher-10.0.9.jar%2353!/:?]
	at cpw.mods.modlauncher.Launcher.run(Launcher.java:108) ~[modlauncher-10.0.9.jar%2353!/:?]
	at cpw.mods.modlauncher.Launcher.main(Launcher.java:78) ~[modlauncher-10.0.9.jar%2353!/:?]
	at cpw.mods.modlauncher.BootstrapLaunchConsumer.accept(BootstrapLaunchConsumer.java:26) ~[modlauncher-10.0.9.jar%2353!/:?]
	at cpw.mods.modlauncher.BootstrapLaunchConsumer.accept(BootstrapLaunchConsumer.java:23) ~[modlauncher-10.0.9.jar%2353!/:?]
	at cpw.mods.bootstraplauncher.BootstrapLauncher.main(BootstrapLauncher.java:141) ~[bootstraplauncher-1.1.2.jar:?]
[22Jun2025 03:47:25.820] [main/DEBUG] [Ksyxis/KsyxisPlugin/]: Ksyxis: Bytecode provider returned a valid node, applying mixin... (provider: org.spongepowered.asm.launch.MixinLaunchPlugin@f557c37, plugin: Ksyxis/KsyxisPlugin{provider=org.spongepowered.asm.launch.MixinLaunchPlugin@f557c37}, targetClassName: net.minecraft.server.level.ServerLevel, mixinClassName: ru.vidtu.ksyxis.mixins.ServerLevelMixin)
[22Jun2025 03:47:25.826] [main/DEBUG] [Ksyxis/KsyxisPlugin/]: Ksyxis: Bytecode provider threw an exception, mixin WON'T be applied. (provider: org.spongepowered.asm.launch.MixinLaunchPlugin@f557c37, plugin: Ksyxis/KsyxisPlugin{provider=org.spongepowered.asm.launch.MixinLaunchPlugin@f557c37}, targetClassName: net.minecraft.server.world.ServerWorld, mixinClassName: ru.vidtu.ksyxis.mixins.ServerLevelMixin)
java.lang.ClassNotFoundException: net.minecraft.server.world.ServerWorld
	at cpw.mods.cl.ModuleClassLoader.getMaybeTransformedClassBytes(ModuleClassLoader.java:252) ~[securejarhandler-2.1.10.jar:?]
	at cpw.mods.modlauncher.TransformingClassLoader.buildTransformedClassNodeFor(TransformingClassLoader.java:58) ~[modlauncher-10.0.9.jar%2353!/:?]
	at cpw.mods.modlauncher.LaunchPluginHandler.lambda$announceLaunch$10(LaunchPluginHandler.java:100) ~[modlauncher-10.0.9.jar%2353!/:?]
	at org.spongepowered.asm.launch.MixinLaunchPluginLegacy.getClassNode(MixinLaunchPluginLegacy.java:222) ~[mixin-0.8.5.jar%2363!/:0.8.5+Jenkins-b310.git-155314e6e91465dad727e621a569906a410cd6f4]
	at org.spongepowered.asm.launch.MixinLaunchPluginLegacy.getClassNode(MixinLaunchPluginLegacy.java:207) ~[mixin-0.8.5.jar%2363!/:0.8.5+Jenkins-b310.git-155314e6e91465dad727e621a569906a410cd6f4]
	at ru.vidtu.ksyxis.KsyxisPlugin.shouldApplyMixin(KsyxisPlugin.java:107) ~[Ksyxis-1.3.3.jar%23173!/:1.3.3]
	at org.spongepowered.asm.mixin.transformer.PluginHandle.shouldApplyMixin(PluginHandle.java:132) ~[mixin-0.8.5.jar%2363!/:0.8.5+Jenkins-b310.git-155314e6e91465dad727e621a569906a410cd6f4]
	at org.spongepowered.asm.mixin.transformer.MixinInfo.shouldApplyMixin(MixinInfo.java:987) ~[mixin-0.8.5.jar%2363!/:0.8.5+Jenkins-b310.git-155314e6e91465dad727e621a569906a410cd6f4]
	at org.spongepowered.asm.mixin.transformer.MixinInfo.readDeclaredTargets(MixinInfo.java:952) ~[mixin-0.8.5.jar%2363!/:0.8.5+Jenkins-b310.git-155314e6e91465dad727e621a569906a410cd6f4]
	at org.spongepowered.asm.mixin.transformer.MixinInfo.<init>(MixinInfo.java:881) ~[mixin-0.8.5.jar%2363!/:0.8.5+Jenkins-b310.git-155314e6e91465dad727e621a569906a410cd6f4]
	at org.spongepowered.asm.mixin.transformer.MixinConfig.prepareMixins(MixinConfig.java:850) ~[mixin-0.8.5.jar%2363!/:0.8.5+Jenkins-b310.git-155314e6e91465dad727e621a569906a410cd6f4]
	at org.spongepowered.asm.mixin.transformer.MixinConfig.prepare(MixinConfig.java:775) ~[mixin-0.8.5.jar%2363!/:0.8.5+Jenkins-b310.git-155314e6e91465dad727e621a569906a410cd6f4]
	at org.spongepowered.asm.mixin.transformer.MixinProcessor.prepareConfigs(MixinProcessor.java:539) ~[mixin-0.8.5.jar%2363!/:0.8.5+Jenkins-b310.git-155314e6e91465dad727e621a569906a410cd6f4]
	at org.spongepowered.asm.mixin.transformer.MixinProcessor.select(MixinProcessor.java:462) ~[mixin-0.8.5.jar%2363!/:0.8.5+Jenkins-b310.git-155314e6e91465dad727e621a569906a410cd6f4]
	at org.spongepowered.asm.mixin.transformer.MixinProcessor.checkSelect(MixinProcessor.java:438) ~[mixin-0.8.5.jar%2363!/:0.8.5+Jenkins-b310.git-155314e6e91465dad727e621a569906a410cd6f4]
	at org.spongepowered.asm.mixin.transformer.MixinProcessor.applyMixins(MixinProcessor.java:290) ~[mixin-0.8.5.jar%2363!/:0.8.5+Jenkins-b310.git-155314e6e91465dad727e621a569906a410cd6f4]
	at org.spongepowered.asm.mixin.transformer.MixinTransformer.transformClass(MixinTransformer.java:250) ~[mixin-0.8.5.jar%2363!/:0.8.5+Jenkins-b310.git-155314e6e91465dad727e621a569906a410cd6f4]
	at org.spongepowered.asm.service.modlauncher.MixinTransformationHandler.processClass(MixinTransformationHandler.java:131) ~[mixin-0.8.5.jar%2363!/:0.8.5+Jenkins-b310.git-155314e6e91465dad727e621a569906a410cd6f4]
	at org.spongepowered.asm.launch.MixinLaunchPluginLegacy.processClass(MixinLaunchPluginLegacy.java:131) ~[mixin-0.8.5.jar%2363!/:0.8.5+Jenkins-b310.git-155314e6e91465dad727e621a569906a410cd6f4]
	at cpw.mods.modlauncher.serviceapi.ILaunchPluginService.processClassWithFlags(ILaunchPluginService.java:156) ~[modlauncher-10.0.9.jar%2353!/:10.0.9+10.0.9+main.dcd20f30]
	at cpw.mods.modlauncher.LaunchPluginHandler.offerClassNodeToPlugins(LaunchPluginHandler.java:88) ~[modlauncher-10.0.9.jar%2353!/:?]
	at cpw.mods.modlauncher.ClassTransformer.transform(ClassTransformer.java:120) ~[modlauncher-10.0.9.jar%2353!/:?]
	at cpw.mods.modlauncher.TransformingClassLoader.maybeTransformClassBytes(TransformingClassLoader.java:50) ~[modlauncher-10.0.9.jar%2353!/:?]
	at cpw.mods.cl.ModuleClassLoader.readerToClass(ModuleClassLoader.java:113) ~[securejarhandler-2.1.10.jar:?]
	at cpw.mods.cl.ModuleClassLoader.lambda$findClass$15(ModuleClassLoader.java:219) ~[securejarhandler-2.1.10.jar:?]
	at cpw.mods.cl.ModuleClassLoader.loadFromModule(ModuleClassLoader.java:229) ~[securejarhandler-2.1.10.jar:?]
	at cpw.mods.cl.ModuleClassLoader.findClass(ModuleClassLoader.java:219) ~[securejarhandler-2.1.10.jar:?]
	at java.lang.ClassLoader.loadClass(ClassLoader.java:637) ~[?:?]
	at java.lang.Class.forName(Class.java:545) ~[?:?]
	at net.minecraftforge.fml.loading.ImmediateWindowHandler$DummyProvider.lambda$updateModuleReads$1(ImmediateWindowHandler.java:145) ~[fmlloader-1.20.1-47.3.7.jar%2367!/:1.0]
	at java.util.Optional.map(Optional.java:260) ~[?:?]
	at net.minecraftforge.fml.loading.ImmediateWindowHandler$DummyProvider.updateModuleReads(ImmediateWindowHandler.java:145) ~[fmlloader-1.20.1-47.3.7.jar%2367!/:1.0]
	at net.minecraftforge.fml.loading.ImmediateWindowHandler.acceptGameLayer(ImmediateWindowHandler.java:71) ~[fmlloader-1.20.1-47.3.7.jar%2367!/:1.0]
	at net.minecraftforge.fml.loading.FMLLoader.beforeStart(FMLLoader.java:207) ~[fmlloader-1.20.1-47.3.7.jar%2367!/:1.0]
	at net.minecraftforge.fml.loading.targets.CommonLaunchHandler.launchService(CommonLaunchHandler.java:92) ~[fmlloader-1.20.1-47.3.7.jar%2367!/:?]
	at cpw.mods.modlauncher.LaunchServiceHandlerDecorator.launch(LaunchServiceHandlerDecorator.java:30) ~[modlauncher-10.0.9.jar%2353!/:?]
	at cpw.mods.modlauncher.LaunchServiceHandler.launch(LaunchServiceHandler.java:53) ~[modlauncher-10.0.9.jar%2353!/:?]
	at cpw.mods.modlauncher.LaunchServiceHandler.launch(LaunchServiceHandler.java:71) ~[modlauncher-10.0.9.jar%2353!/:?]
	at cpw.mods.modlauncher.Launcher.run(Launcher.java:108) ~[modlauncher-10.0.9.jar%2353!/:?]
	at cpw.mods.modlauncher.Launcher.main(Launcher.java:78) ~[modlauncher-10.0.9.jar%2353!/:?]
	at cpw.mods.modlauncher.BootstrapLaunchConsumer.accept(BootstrapLaunchConsumer.java:26) ~[modlauncher-10.0.9.jar%2353!/:?]
	at cpw.mods.modlauncher.BootstrapLaunchConsumer.accept(BootstrapLaunchConsumer.java:23) ~[modlauncher-10.0.9.jar%2353!/:?]
	at cpw.mods.bootstraplauncher.BootstrapLauncher.main(BootstrapLauncher.java:141) ~[bootstraplauncher-1.1.2.jar:?]
[22Jun2025 03:47:25.834] [main/DEBUG] [Ksyxis/KsyxisPlugin/]: Ksyxis: Bytecode provider threw an exception, mixin WON'T be applied. (provider: org.spongepowered.asm.launch.MixinLaunchPlugin@f557c37, plugin: Ksyxis/KsyxisPlugin{provider=org.spongepowered.asm.launch.MixinLaunchPlugin@f557c37}, targetClassName: net.minecraft.world.server.ServerWorld, mixinClassName: ru.vidtu.ksyxis.mixins.ServerLevelMixin)
java.lang.ClassNotFoundException: net.minecraft.world.server.ServerWorld
	at cpw.mods.cl.ModuleClassLoader.getMaybeTransformedClassBytes(ModuleClassLoader.java:252) ~[securejarhandler-2.1.10.jar:?]
	at cpw.mods.modlauncher.TransformingClassLoader.buildTransformedClassNodeFor(TransformingClassLoader.java:58) ~[modlauncher-10.0.9.jar%2353!/:?]
	at cpw.mods.modlauncher.LaunchPluginHandler.lambda$announceLaunch$10(LaunchPluginHandler.java:100) ~[modlauncher-10.0.9.jar%2353!/:?]
	at org.spongepowered.asm.launch.MixinLaunchPluginLegacy.getClassNode(MixinLaunchPluginLegacy.java:222) ~[mixin-0.8.5.jar%2363!/:0.8.5+Jenkins-b310.git-155314e6e91465dad727e621a569906a410cd6f4]
	at org.spongepowered.asm.launch.MixinLaunchPluginLegacy.getClassNode(MixinLaunchPluginLegacy.java:207) ~[mixin-0.8.5.jar%2363!/:0.8.5+Jenkins-b310.git-155314e6e91465dad727e621a569906a410cd6f4]
	at ru.vidtu.ksyxis.KsyxisPlugin.shouldApplyMixin(KsyxisPlugin.java:107) ~[Ksyxis-1.3.3.jar%23173!/:1.3.3]
	at org.spongepowered.asm.mixin.transformer.PluginHandle.shouldApplyMixin(PluginHandle.java:132) ~[mixin-0.8.5.jar%2363!/:0.8.5+Jenkins-b310.git-155314e6e91465dad727e621a569906a410cd6f4]
	at org.spongepowered.asm.mixin.transformer.MixinInfo.shouldApplyMixin(MixinInfo.java:987) ~[mixin-0.8.5.jar%2363!/:0.8.5+Jenkins-b310.git-155314e6e91465dad727e621a569906a410cd6f4]
	at org.spongepowered.asm.mixin.transformer.MixinInfo.readDeclaredTargets(MixinInfo.java:952) ~[mixin-0.8.5.jar%2363!/:0.8.5+Jenkins-b310.git-155314e6e91465dad727e621a569906a410cd6f4]
	at org.spongepowered.asm.mixin.transformer.MixinInfo.<init>(MixinInfo.java:881) ~[mixin-0.8.5.jar%2363!/:0.8.5+Jenkins-b310.git-155314e6e91465dad727e621a569906a410cd6f4]
	at org.spongepowered.asm.mixin.transformer.MixinConfig.prepareMixins(MixinConfig.java:850) ~[mixin-0.8.5.jar%2363!/:0.8.5+Jenkins-b310.git-155314e6e91465dad727e621a569906a410cd6f4]
	at org.spongepowered.asm.mixin.transformer.MixinConfig.prepare(MixinConfig.java:775) ~[mixin-0.8.5.jar%2363!/:0.8.5+Jenkins-b310.git-155314e6e91465dad727e621a569906a410cd6f4]
	at org.spongepowered.asm.mixin.transformer.MixinProcessor.prepareConfigs(MixinProcessor.java:539) ~[mixin-0.8.5.jar%2363!/:0.8.5+Jenkins-b310.git-155314e6e91465dad727e621a569906a410cd6f4]
	at org.spongepowered.asm.mixin.transformer.MixinProcessor.select(MixinProcessor.java:462) ~[mixin-0.8.5.jar%2363!/:0.8.5+Jenkins-b310.git-155314e6e91465dad727e621a569906a410cd6f4]
	at org.spongepowered.asm.mixin.transformer.MixinProcessor.checkSelect(MixinProcessor.java:438) ~[mixin-0.8.5.jar%2363!/:0.8.5+Jenkins-b310.git-155314e6e91465dad727e621a569906a410cd6f4]
	at org.spongepowered.asm.mixin.transformer.MixinProcessor.applyMixins(MixinProcessor.java:290) ~[mixin-0.8.5.jar%2363!/:0.8.5+Jenkins-b310.git-155314e6e91465dad727e621a569906a410cd6f4]
	at org.spongepowered.asm.mixin.transformer.MixinTransformer.transformClass(MixinTransformer.java:250) ~[mixin-0.8.5.jar%2363!/:0.8.5+Jenkins-b310.git-155314e6e91465dad727e621a569906a410cd6f4]
	at org.spongepowered.asm.service.modlauncher.MixinTransformationHandler.processClass(MixinTransformationHandler.java:131) ~[mixin-0.8.5.jar%2363!/:0.8.5+Jenkins-b310.git-155314e6e91465dad727e621a569906a410cd6f4]
	at org.spongepowered.asm.launch.MixinLaunchPluginLegacy.processClass(MixinLaunchPluginLegacy.java:131) ~[mixin-0.8.5.jar%2363!/:0.8.5+Jenkins-b310.git-155314e6e91465dad727e621a569906a410cd6f4]
	at cpw.mods.modlauncher.serviceapi.ILaunchPluginService.processClassWithFlags(ILaunchPluginService.java:156) ~[modlauncher-10.0.9.jar%2353!/:10.0.9+10.0.9+main.dcd20f30]
	at cpw.mods.modlauncher.LaunchPluginHandler.offerClassNodeToPlugins(LaunchPluginHandler.java:88) ~[modlauncher-10.0.9.jar%2353!/:?]
	at cpw.mods.modlauncher.ClassTransformer.transform(ClassTransformer.java:120) ~[modlauncher-10.0.9.jar%2353!/:?]
	at cpw.mods.modlauncher.TransformingClassLoader.maybeTransformClassBytes(TransformingClassLoader.java:50) ~[modlauncher-10.0.9.jar%2353!/:?]
	at cpw.mods.cl.ModuleClassLoader.readerToClass(ModuleClassLoader.java:113) ~[securejarhandler-2.1.10.jar:?]
	at cpw.mods.cl.ModuleClassLoader.lambda$findClass$15(ModuleClassLoader.java:219) ~[securejarhandler-2.1.10.jar:?]
	at cpw.mods.cl.ModuleClassLoader.loadFromModule(ModuleClassLoader.java:229) ~[securejarhandler-2.1.10.jar:?]
	at cpw.mods.cl.ModuleClassLoader.findClass(ModuleClassLoader.java:219) ~[securejarhandler-2.1.10.jar:?]
	at java.lang.ClassLoader.loadClass(ClassLoader.java:637) ~[?:?]
	at java.lang.Class.forName(Class.java:545) ~[?:?]
	at net.minecraftforge.fml.loading.ImmediateWindowHandler$DummyProvider.lambda$updateModuleReads$1(ImmediateWindowHandler.java:145) ~[fmlloader-1.20.1-47.3.7.jar%2367!/:1.0]
	at java.util.Optional.map(Optional.java:260) ~[?:?]
	at net.minecraftforge.fml.loading.ImmediateWindowHandler$DummyProvider.updateModuleReads(ImmediateWindowHandler.java:145) ~[fmlloader-1.20.1-47.3.7.jar%2367!/:1.0]
	at net.minecraftforge.fml.loading.ImmediateWindowHandler.acceptGameLayer(ImmediateWindowHandler.java:71) ~[fmlloader-1.20.1-47.3.7.jar%2367!/:1.0]
	at net.minecraftforge.fml.loading.FMLLoader.beforeStart(FMLLoader.java:207) ~[fmlloader-1.20.1-47.3.7.jar%2367!/:1.0]
	at net.minecraftforge.fml.loading.targets.CommonLaunchHandler.launchService(CommonLaunchHandler.java:92) ~[fmlloader-1.20.1-47.3.7.jar%2367!/:?]
	at cpw.mods.modlauncher.LaunchServiceHandlerDecorator.launch(LaunchServiceHandlerDecorator.java:30) ~[modlauncher-10.0.9.jar%2353!/:?]
	at cpw.mods.modlauncher.LaunchServiceHandler.launch(LaunchServiceHandler.java:53) ~[modlauncher-10.0.9.jar%2353!/:?]
	at cpw.mods.modlauncher.LaunchServiceHandler.launch(LaunchServiceHandler.java:71) ~[modlauncher-10.0.9.jar%2353!/:?]
	at cpw.mods.modlauncher.Launcher.run(Launcher.java:108) ~[modlauncher-10.0.9.jar%2353!/:?]
	at cpw.mods.modlauncher.Launcher.main(Launcher.java:78) ~[modlauncher-10.0.9.jar%2353!/:?]
	at cpw.mods.modlauncher.BootstrapLaunchConsumer.accept(BootstrapLaunchConsumer.java:26) ~[modlauncher-10.0.9.jar%2353!/:?]
	at cpw.mods.modlauncher.BootstrapLaunchConsumer.accept(BootstrapLaunchConsumer.java:23) ~[modlauncher-10.0.9.jar%2353!/:?]
	at cpw.mods.bootstraplauncher.BootstrapLauncher.main(BootstrapLauncher.java:141) ~[bootstraplauncher-1.1.2.jar:?]
[22Jun2025 03:47:25.839] [main/DEBUG] [Ksyxis/KsyxisPlugin/]: Ksyxis: Bytecode provider threw an exception, mixin WON'T be applied. (provider: org.spongepowered.asm.launch.MixinLaunchPlugin@f557c37, plugin: Ksyxis/KsyxisPlugin{provider=org.spongepowered.asm.launch.MixinLaunchPlugin@f557c37}, targetClassName: net.minecraft.class_3218, mixinClassName: ru.vidtu.ksyxis.mixins.ServerLevelMixin)
java.lang.ClassNotFoundException: net.minecraft.class_3218
	at cpw.mods.cl.ModuleClassLoader.getMaybeTransformedClassBytes(ModuleClassLoader.java:252) ~[securejarhandler-2.1.10.jar:?]
	at cpw.mods.modlauncher.TransformingClassLoader.buildTransformedClassNodeFor(TransformingClassLoader.java:58) ~[modlauncher-10.0.9.jar%2353!/:?]
	at cpw.mods.modlauncher.LaunchPluginHandler.lambda$announceLaunch$10(LaunchPluginHandler.java:100) ~[modlauncher-10.0.9.jar%2353!/:?]
	at org.spongepowered.asm.launch.MixinLaunchPluginLegacy.getClassNode(MixinLaunchPluginLegacy.java:222) ~[mixin-0.8.5.jar%2363!/:0.8.5+Jenkins-b310.git-155314e6e91465dad727e621a569906a410cd6f4]
	at org.spongepowered.asm.launch.MixinLaunchPluginLegacy.getClassNode(MixinLaunchPluginLegacy.java:207) ~[mixin-0.8.5.jar%2363!/:0.8.5+Jenkins-b310.git-155314e6e91465dad727e621a569906a410cd6f4]
	at ru.vidtu.ksyxis.KsyxisPlugin.shouldApplyMixin(KsyxisPlugin.java:107) ~[Ksyxis-1.3.3.jar%23173!/:1.3.3]
	at org.spongepowered.asm.mixin.transformer.PluginHandle.shouldApplyMixin(PluginHandle.java:132) ~[mixin-0.8.5.jar%2363!/:0.8.5+Jenkins-b310.git-155314e6e91465dad727e621a569906a410cd6f4]
	at org.spongepowered.asm.mixin.transformer.MixinInfo.shouldApplyMixin(MixinInfo.java:987) ~[mixin-0.8.5.jar%2363!/:0.8.5+Jenkins-b310.git-155314e6e91465dad727e621a569906a410cd6f4]
	at org.spongepowered.asm.mixin.transformer.MixinInfo.readDeclaredTargets(MixinInfo.java:952) ~[mixin-0.8.5.jar%2363!/:0.8.5+Jenkins-b310.git-155314e6e91465dad727e621a569906a410cd6f4]
	at org.spongepowered.asm.mixin.transformer.MixinInfo.<init>(MixinInfo.java:881) ~[mixin-0.8.5.jar%2363!/:0.8.5+Jenkins-b310.git-155314e6e91465dad727e621a569906a410cd6f4]
	at org.spongepowered.asm.mixin.transformer.MixinConfig.prepareMixins(MixinConfig.java:850) ~[mixin-0.8.5.jar%2363!/:0.8.5+Jenkins-b310.git-155314e6e91465dad727e621a569906a410cd6f4]
	at org.spongepowered.asm.mixin.transformer.MixinConfig.prepare(MixinConfig.java:775) ~[mixin-0.8.5.jar%2363!/:0.8.5+Jenkins-b310.git-155314e6e91465dad727e621a569906a410cd6f4]
	at org.spongepowered.asm.mixin.transformer.MixinProcessor.prepareConfigs(MixinProcessor.java:539) ~[mixin-0.8.5.jar%2363!/:0.8.5+Jenkins-b310.git-155314e6e91465dad727e621a569906a410cd6f4]
	at org.spongepowered.asm.mixin.transformer.MixinProcessor.select(MixinProcessor.java:462) ~[mixin-0.8.5.jar%2363!/:0.8.5+Jenkins-b310.git-155314e6e91465dad727e621a569906a410cd6f4]
	at org.spongepowered.asm.mixin.transformer.MixinProcessor.checkSelect(MixinProcessor.java:438) ~[mixin-0.8.5.jar%2363!/:0.8.5+Jenkins-b310.git-155314e6e91465dad727e621a569906a410cd6f4]
	at org.spongepowered.asm.mixin.transformer.MixinProcessor.applyMixins(MixinProcessor.java:290) ~[mixin-0.8.5.jar%2363!/:0.8.5+Jenkins-b310.git-155314e6e91465dad727e621a569906a410cd6f4]
	at org.spongepowered.asm.mixin.transformer.MixinTransformer.transformClass(MixinTransformer.java:250) ~[mixin-0.8.5.jar%2363!/:0.8.5+Jenkins-b310.git-155314e6e91465dad727e621a569906a410cd6f4]
	at org.spongepowered.asm.service.modlauncher.MixinTransformationHandler.processClass(MixinTransformationHandler.java:131) ~[mixin-0.8.5.jar%2363!/:0.8.5+Jenkins-b310.git-155314e6e91465dad727e621a569906a410cd6f4]
	at org.spongepowered.asm.launch.MixinLaunchPluginLegacy.processClass(MixinLaunchPluginLegacy.java:131) ~[mixin-0.8.5.jar%2363!/:0.8.5+Jenkins-b310.git-155314e6e91465dad727e621a569906a410cd6f4]
	at cpw.mods.modlauncher.serviceapi.ILaunchPluginService.processClassWithFlags(ILaunchPluginService.java:156) ~[modlauncher-10.0.9.jar%2353!/:10.0.9+10.0.9+main.dcd20f30]
	at cpw.mods.modlauncher.LaunchPluginHandler.offerClassNodeToPlugins(LaunchPluginHandler.java:88) ~[modlauncher-10.0.9.jar%2353!/:?]
	at cpw.mods.modlauncher.ClassTransformer.transform(ClassTransformer.java:120) ~[modlauncher-10.0.9.jar%2353!/:?]
	at cpw.mods.modlauncher.TransformingClassLoader.maybeTransformClassBytes(TransformingClassLoader.java:50) ~[modlauncher-10.0.9.jar%2353!/:?]
	at cpw.mods.cl.ModuleClassLoader.readerToClass(ModuleClassLoader.java:113) ~[securejarhandler-2.1.10.jar:?]
	at cpw.mods.cl.ModuleClassLoader.lambda$findClass$15(ModuleClassLoader.java:219) ~[securejarhandler-2.1.10.jar:?]
	at cpw.mods.cl.ModuleClassLoader.loadFromModule(ModuleClassLoader.java:229) ~[securejarhandler-2.1.10.jar:?]
	at cpw.mods.cl.ModuleClassLoader.findClass(ModuleClassLoader.java:219) ~[securejarhandler-2.1.10.jar:?]
	at java.lang.ClassLoader.loadClass(ClassLoader.java:637) ~[?:?]
	at java.lang.Class.forName(Class.java:545) ~[?:?]
	at net.minecraftforge.fml.loading.ImmediateWindowHandler$DummyProvider.lambda$updateModuleReads$1(ImmediateWindowHandler.java:145) ~[fmlloader-1.20.1-47.3.7.jar%2367!/:1.0]
	at java.util.Optional.map(Optional.java:260) ~[?:?]
	at net.minecraftforge.fml.loading.ImmediateWindowHandler$DummyProvider.updateModuleReads(ImmediateWindowHandler.java:145) ~[fmlloader-1.20.1-47.3.7.jar%2367!/:1.0]
	at net.minecraftforge.fml.loading.ImmediateWindowHandler.acceptGameLayer(ImmediateWindowHandler.java:71) ~[fmlloader-1.20.1-47.3.7.jar%2367!/:1.0]
	at net.minecraftforge.fml.loading.FMLLoader.beforeStart(FMLLoader.java:207) ~[fmlloader-1.20.1-47.3.7.jar%2367!/:1.0]
	at net.minecraftforge.fml.loading.targets.CommonLaunchHandler.launchService(CommonLaunchHandler.java:92) ~[fmlloader-1.20.1-47.3.7.jar%2367!/:?]
	at cpw.mods.modlauncher.LaunchServiceHandlerDecorator.launch(LaunchServiceHandlerDecorator.java:30) ~[modlauncher-10.0.9.jar%2353!/:?]
	at cpw.mods.modlauncher.LaunchServiceHandler.launch(LaunchServiceHandler.java:53) ~[modlauncher-10.0.9.jar%2353!/:?]
	at cpw.mods.modlauncher.LaunchServiceHandler.launch(LaunchServiceHandler.java:71) ~[modlauncher-10.0.9.jar%2353!/:?]
	at cpw.mods.modlauncher.Launcher.run(Launcher.java:108) ~[modlauncher-10.0.9.jar%2353!/:?]
	at cpw.mods.modlauncher.Launcher.main(Launcher.java:78) ~[modlauncher-10.0.9.jar%2353!/:?]
	at cpw.mods.modlauncher.BootstrapLaunchConsumer.accept(BootstrapLaunchConsumer.java:26) ~[modlauncher-10.0.9.jar%2353!/:?]
	at cpw.mods.modlauncher.BootstrapLaunchConsumer.accept(BootstrapLaunchConsumer.java:23) ~[modlauncher-10.0.9.jar%2353!/:?]
	at cpw.mods.bootstraplauncher.BootstrapLauncher.main(BootstrapLauncher.java:141) ~[bootstraplauncher-1.1.2.jar:?]
[22Jun2025 03:47:25.846] [main/DEBUG] [Ksyxis/KsyxisPlugin/]: Ksyxis: Bytecode provider threw an exception, mixin WON'T be applied. (provider: org.spongepowered.asm.launch.MixinLaunchPlugin@f557c37, plugin: Ksyxis/KsyxisPlugin{provider=org.spongepowered.asm.launch.MixinLaunchPlugin@f557c37}, targetClassName: net.minecraft.src.C_12_, mixinClassName: ru.vidtu.ksyxis.mixins.ServerLevelMixin)
java.lang.ClassNotFoundException: net.minecraft.src.C_12_
	at cpw.mods.cl.ModuleClassLoader.getMaybeTransformedClassBytes(ModuleClassLoader.java:252) ~[securejarhandler-2.1.10.jar:?]
	at cpw.mods.modlauncher.TransformingClassLoader.buildTransformedClassNodeFor(TransformingClassLoader.java:58) ~[modlauncher-10.0.9.jar%2353!/:?]
	at cpw.mods.modlauncher.LaunchPluginHandler.lambda$announceLaunch$10(LaunchPluginHandler.java:100) ~[modlauncher-10.0.9.jar%2353!/:?]
	at org.spongepowered.asm.launch.MixinLaunchPluginLegacy.getClassNode(MixinLaunchPluginLegacy.java:222) ~[mixin-0.8.5.jar%2363!/:0.8.5+Jenkins-b310.git-155314e6e91465dad727e621a569906a410cd6f4]
	at org.spongepowered.asm.launch.MixinLaunchPluginLegacy.getClassNode(MixinLaunchPluginLegacy.java:207) ~[mixin-0.8.5.jar%2363!/:0.8.5+Jenkins-b310.git-155314e6e91465dad727e621a569906a410cd6f4]
	at ru.vidtu.ksyxis.KsyxisPlugin.shouldApplyMixin(KsyxisPlugin.java:107) ~[Ksyxis-1.3.3.jar%23173!/:1.3.3]
	at org.spongepowered.asm.mixin.transformer.PluginHandle.shouldApplyMixin(PluginHandle.java:132) ~[mixin-0.8.5.jar%2363!/:0.8.5+Jenkins-b310.git-155314e6e91465dad727e621a569906a410cd6f4]
	at org.spongepowered.asm.mixin.transformer.MixinInfo.shouldApplyMixin(MixinInfo.java:987) ~[mixin-0.8.5.jar%2363!/:0.8.5+Jenkins-b310.git-155314e6e91465dad727e621a569906a410cd6f4]
	at org.spongepowered.asm.mixin.transformer.MixinInfo.readDeclaredTargets(MixinInfo.java:952) ~[mixin-0.8.5.jar%2363!/:0.8.5+Jenkins-b310.git-155314e6e91465dad727e621a569906a410cd6f4]
	at org.spongepowered.asm.mixin.transformer.MixinInfo.<init>(MixinInfo.java:881) ~[mixin-0.8.5.jar%2363!/:0.8.5+Jenkins-b310.git-155314e6e91465dad727e621a569906a410cd6f4]
	at org.spongepowered.asm.mixin.transformer.MixinConfig.prepareMixins(MixinConfig.java:850) ~[mixin-0.8.5.jar%2363!/:0.8.5+Jenkins-b310.git-155314e6e91465dad727e621a569906a410cd6f4]
	at org.spongepowered.asm.mixin.transformer.MixinConfig.prepare(MixinConfig.java:775) ~[mixin-0.8.5.jar%2363!/:0.8.5+Jenkins-b310.git-155314e6e91465dad727e621a569906a410cd6f4]
	at org.spongepowered.asm.mixin.transformer.MixinProcessor.prepareConfigs(MixinProcessor.java:539) ~[mixin-0.8.5.jar%2363!/:0.8.5+Jenkins-b310.git-155314e6e91465dad727e621a569906a410cd6f4]
	at org.spongepowered.asm.mixin.transformer.MixinProcessor.select(MixinProcessor.java:462) ~[mixin-0.8.5.jar%2363!/:0.8.5+Jenkins-b310.git-155314e6e91465dad727e621a569906a410cd6f4]
	at org.spongepowered.asm.mixin.transformer.MixinProcessor.checkSelect(MixinProcessor.java:438) ~[mixin-0.8.5.jar%2363!/:0.8.5+Jenkins-b310.git-155314e6e91465dad727e621a569906a410cd6f4]
	at org.spongepowered.asm.mixin.transformer.MixinProcessor.applyMixins(MixinProcessor.java:290) ~[mixin-0.8.5.jar%2363!/:0.8.5+Jenkins-b310.git-155314e6e91465dad727e621a569906a410cd6f4]
	at org.spongepowered.asm.mixin.transformer.MixinTransformer.transformClass(MixinTransformer.java:250) ~[mixin-0.8.5.jar%2363!/:0.8.5+Jenkins-b310.git-155314e6e91465dad727e621a569906a410cd6f4]
	at org.spongepowered.asm.service.modlauncher.MixinTransformationHandler.processClass(MixinTransformationHandler.java:131) ~[mixin-0.8.5.jar%2363!/:0.8.5+Jenkins-b310.git-155314e6e91465dad727e621a569906a410cd6f4]
	at org.spongepowered.asm.launch.MixinLaunchPluginLegacy.processClass(MixinLaunchPluginLegacy.java:131) ~[mixin-0.8.5.jar%2363!/:0.8.5+Jenkins-b310.git-155314e6e91465dad727e621a569906a410cd6f4]
	at cpw.mods.modlauncher.serviceapi.ILaunchPluginService.processClassWithFlags(ILaunchPluginService.java:156) ~[modlauncher-10.0.9.jar%2353!/:10.0.9+10.0.9+main.dcd20f30]
	at cpw.mods.modlauncher.LaunchPluginHandler.offerClassNodeToPlugins(LaunchPluginHandler.java:88) ~[modlauncher-10.0.9.jar%2353!/:?]
	at cpw.mods.modlauncher.ClassTransformer.transform(ClassTransformer.java:120) ~[modlauncher-10.0.9.jar%2353!/:?]
	at cpw.mods.modlauncher.TransformingClassLoader.maybeTransformClassBytes(TransformingClassLoader.java:50) ~[modlauncher-10.0.9.jar%2353!/:?]
	at cpw.mods.cl.ModuleClassLoader.readerToClass(ModuleClassLoader.java:113) ~[securejarhandler-2.1.10.jar:?]
	at cpw.mods.cl.ModuleClassLoader.lambda$findClass$15(ModuleClassLoader.java:219) ~[securejarhandler-2.1.10.jar:?]
	at cpw.mods.cl.ModuleClassLoader.loadFromModule(ModuleClassLoader.java:229) ~[securejarhandler-2.1.10.jar:?]
	at cpw.mods.cl.ModuleClassLoader.findClass(ModuleClassLoader.java:219) ~[securejarhandler-2.1.10.jar:?]
	at java.lang.ClassLoader.loadClass(ClassLoader.java:637) ~[?:?]
	at java.lang.Class.forName(Class.java:545) ~[?:?]
	at net.minecraftforge.fml.loading.ImmediateWindowHandler$DummyProvider.lambda$updateModuleReads$1(ImmediateWindowHandler.java:145) ~[fmlloader-1.20.1-47.3.7.jar%2367!/:1.0]
	at java.util.Optional.map(Optional.java:260) ~[?:?]
	at net.minecraftforge.fml.loading.ImmediateWindowHandler$DummyProvider.updateModuleReads(ImmediateWindowHandler.java:145) ~[fmlloader-1.20.1-47.3.7.jar%2367!/:1.0]
	at net.minecraftforge.fml.loading.ImmediateWindowHandler.acceptGameLayer(ImmediateWindowHandler.java:71) ~[fmlloader-1.20.1-47.3.7.jar%2367!/:1.0]
	at net.minecraftforge.fml.loading.FMLLoader.beforeStart(FMLLoader.java:207) ~[fmlloader-1.20.1-47.3.7.jar%2367!/:1.0]
	at net.minecraftforge.fml.loading.targets.CommonLaunchHandler.launchService(CommonLaunchHandler.java:92) ~[fmlloader-1.20.1-47.3.7.jar%2367!/:?]
	at cpw.mods.modlauncher.LaunchServiceHandlerDecorator.launch(LaunchServiceHandlerDecorator.java:30) ~[modlauncher-10.0.9.jar%2353!/:?]
	at cpw.mods.modlauncher.LaunchServiceHandler.launch(LaunchServiceHandler.java:53) ~[modlauncher-10.0.9.jar%2353!/:?]
	at cpw.mods.modlauncher.LaunchServiceHandler.launch(LaunchServiceHandler.java:71) ~[modlauncher-10.0.9.jar%2353!/:?]
	at cpw.mods.modlauncher.Launcher.run(Launcher.java:108) ~[modlauncher-10.0.9.jar%2353!/:?]
	at cpw.mods.modlauncher.Launcher.main(Launcher.java:78) ~[modlauncher-10.0.9.jar%2353!/:?]
	at cpw.mods.modlauncher.BootstrapLaunchConsumer.accept(BootstrapLaunchConsumer.java:26) ~[modlauncher-10.0.9.jar%2353!/:?]
	at cpw.mods.modlauncher.BootstrapLaunchConsumer.accept(BootstrapLaunchConsumer.java:23) ~[modlauncher-10.0.9.jar%2353!/:?]
	at cpw.mods.bootstraplauncher.BootstrapLauncher.main(BootstrapLauncher.java:141) ~[bootstraplauncher-1.1.2.jar:?]
[22Jun2025 03:47:25.851] [main/DEBUG] [Ksyxis/KsyxisPlugin/]: Ksyxis: Bytecode provider threw an exception, mixin WON'T be applied. (provider: org.spongepowered.asm.launch.MixinLaunchPlugin@f557c37, plugin: Ksyxis/KsyxisPlugin{provider=org.spongepowered.asm.launch.MixinLaunchPlugin@f557c37}, targetClassName: net.minecraft.unmapped.C_bdwnwhiu, mixinClassName: ru.vidtu.ksyxis.mixins.ServerLevelMixin)
java.lang.ClassNotFoundException: net.minecraft.unmapped.C_bdwnwhiu
	at cpw.mods.cl.ModuleClassLoader.getMaybeTransformedClassBytes(ModuleClassLoader.java:252) ~[securejarhandler-2.1.10.jar:?]
	at cpw.mods.modlauncher.TransformingClassLoader.buildTransformedClassNodeFor(TransformingClassLoader.java:58) ~[modlauncher-10.0.9.jar%2353!/:?]
	at cpw.mods.modlauncher.LaunchPluginHandler.lambda$announceLaunch$10(LaunchPluginHandler.java:100) ~[modlauncher-10.0.9.jar%2353!/:?]
	at org.spongepowered.asm.launch.MixinLaunchPluginLegacy.getClassNode(MixinLaunchPluginLegacy.java:222) ~[mixin-0.8.5.jar%2363!/:0.8.5+Jenkins-b310.git-155314e6e91465dad727e621a569906a410cd6f4]
	at org.spongepowered.asm.launch.MixinLaunchPluginLegacy.getClassNode(MixinLaunchPluginLegacy.java:207) ~[mixin-0.8.5.jar%2363!/:0.8.5+Jenkins-b310.git-155314e6e91465dad727e621a569906a410cd6f4]
	at ru.vidtu.ksyxis.KsyxisPlugin.shouldApplyMixin(KsyxisPlugin.java:107) ~[Ksyxis-1.3.3.jar%23173!/:1.3.3]
	at org.spongepowered.asm.mixin.transformer.PluginHandle.shouldApplyMixin(PluginHandle.java:132) ~[mixin-0.8.5.jar%2363!/:0.8.5+Jenkins-b310.git-155314e6e91465dad727e621a569906a410cd6f4]
	at org.spongepowered.asm.mixin.transformer.MixinInfo.shouldApplyMixin(MixinInfo.java:987) ~[mixin-0.8.5.jar%2363!/:0.8.5+Jenkins-b310.git-155314e6e91465dad727e621a569906a410cd6f4]
	at org.spongepowered.asm.mixin.transformer.MixinInfo.readDeclaredTargets(MixinInfo.java:952) ~[mixin-0.8.5.jar%2363!/:0.8.5+Jenkins-b310.git-155314e6e91465dad727e621a569906a410cd6f4]
	at org.spongepowered.asm.mixin.transformer.MixinInfo.<init>(MixinInfo.java:881) ~[mixin-0.8.5.jar%2363!/:0.8.5+Jenkins-b310.git-155314e6e91465dad727e621a569906a410cd6f4]
	at org.spongepowered.asm.mixin.transformer.MixinConfig.prepareMixins(MixinConfig.java:850) ~[mixin-0.8.5.jar%2363!/:0.8.5+Jenkins-b310.git-155314e6e91465dad727e621a569906a410cd6f4]
	at org.spongepowered.asm.mixin.transformer.MixinConfig.prepare(MixinConfig.java:775) ~[mixin-0.8.5.jar%2363!/:0.8.5+Jenkins-b310.git-155314e6e91465dad727e621a569906a410cd6f4]
	at org.spongepowered.asm.mixin.transformer.MixinProcessor.prepareConfigs(MixinProcessor.java:539) ~[mixin-0.8.5.jar%2363!/:0.8.5+Jenkins-b310.git-155314e6e91465dad727e621a569906a410cd6f4]
	at org.spongepowered.asm.mixin.transformer.MixinProcessor.select(MixinProcessor.java:462) ~[mixin-0.8.5.jar%2363!/:0.8.5+Jenkins-b310.git-155314e6e91465dad727e621a569906a410cd6f4]
	at org.spongepowered.asm.mixin.transformer.MixinProcessor.checkSelect(MixinProcessor.java:438) ~[mixin-0.8.5.jar%2363!/:0.8.5+Jenkins-b310.git-155314e6e91465dad727e621a569906a410cd6f4]
	at org.spongepowered.asm.mixin.transformer.MixinProcessor.applyMixins(MixinProcessor.java:290) ~[mixin-0.8.5.jar%2363!/:0.8.5+Jenkins-b310.git-155314e6e91465dad727e621a569906a410cd6f4]
	at org.spongepowered.asm.mixin.transformer.MixinTransformer.transformClass(MixinTransformer.java:250) ~[mixin-0.8.5.jar%2363!/:0.8.5+Jenkins-b310.git-155314e6e91465dad727e621a569906a410cd6f4]
	at org.spongepowered.asm.service.modlauncher.MixinTransformationHandler.processClass(MixinTransformationHandler.java:131) ~[mixin-0.8.5.jar%2363!/:0.8.5+Jenkins-b310.git-155314e6e91465dad727e621a569906a410cd6f4]
	at org.spongepowered.asm.launch.MixinLaunchPluginLegacy.processClass(MixinLaunchPluginLegacy.java:131) ~[mixin-0.8.5.jar%2363!/:0.8.5+Jenkins-b310.git-155314e6e91465dad727e621a569906a410cd6f4]
	at cpw.mods.modlauncher.serviceapi.ILaunchPluginService.processClassWithFlags(ILaunchPluginService.java:156) ~[modlauncher-10.0.9.jar%2353!/:10.0.9+10.0.9+main.dcd20f30]
	at cpw.mods.modlauncher.LaunchPluginHandler.offerClassNodeToPlugins(LaunchPluginHandler.java:88) ~[modlauncher-10.0.9.jar%2353!/:?]
	at cpw.mods.modlauncher.ClassTransformer.transform(ClassTransformer.java:120) ~[modlauncher-10.0.9.jar%2353!/:?]
	at cpw.mods.modlauncher.TransformingClassLoader.maybeTransformClassBytes(TransformingClassLoader.java:50) ~[modlauncher-10.0.9.jar%2353!/:?]
	at cpw.mods.cl.ModuleClassLoader.readerToClass(ModuleClassLoader.java:113) ~[securejarhandler-2.1.10.jar:?]
	at cpw.mods.cl.ModuleClassLoader.lambda$findClass$15(ModuleClassLoader.java:219) ~[securejarhandler-2.1.10.jar:?]
	at cpw.mods.cl.ModuleClassLoader.loadFromModule(ModuleClassLoader.java:229) ~[securejarhandler-2.1.10.jar:?]
	at cpw.mods.cl.ModuleClassLoader.findClass(ModuleClassLoader.java:219) ~[securejarhandler-2.1.10.jar:?]
	at java.lang.ClassLoader.loadClass(ClassLoader.java:637) ~[?:?]
	at java.lang.Class.forName(Class.java:545) ~[?:?]
	at net.minecraftforge.fml.loading.ImmediateWindowHandler$DummyProvider.lambda$updateModuleReads$1(ImmediateWindowHandler.java:145) ~[fmlloader-1.20.1-47.3.7.jar%2367!/:1.0]
	at java.util.Optional.map(Optional.java:260) ~[?:?]
	at net.minecraftforge.fml.loading.ImmediateWindowHandler$DummyProvider.updateModuleReads(ImmediateWindowHandler.java:145) ~[fmlloader-1.20.1-47.3.7.jar%2367!/:1.0]
	at net.minecraftforge.fml.loading.ImmediateWindowHandler.acceptGameLayer(ImmediateWindowHandler.java:71) ~[fmlloader-1.20.1-47.3.7.jar%2367!/:1.0]
	at net.minecraftforge.fml.loading.FMLLoader.beforeStart(FMLLoader.java:207) ~[fmlloader-1.20.1-47.3.7.jar%2367!/:1.0]
	at net.minecraftforge.fml.loading.targets.CommonLaunchHandler.launchService(CommonLaunchHandler.java:92) ~[fmlloader-1.20.1-47.3.7.jar%2367!/:?]
	at cpw.mods.modlauncher.LaunchServiceHandlerDecorator.launch(LaunchServiceHandlerDecorator.java:30) ~[modlauncher-10.0.9.jar%2353!/:?]
	at cpw.mods.modlauncher.LaunchServiceHandler.launch(LaunchServiceHandler.java:53) ~[modlauncher-10.0.9.jar%2353!/:?]
	at cpw.mods.modlauncher.LaunchServiceHandler.launch(LaunchServiceHandler.java:71) ~[modlauncher-10.0.9.jar%2353!/:?]
	at cpw.mods.modlauncher.Launcher.run(Launcher.java:108) ~[modlauncher-10.0.9.jar%2353!/:?]
	at cpw.mods.modlauncher.Launcher.main(Launcher.java:78) ~[modlauncher-10.0.9.jar%2353!/:?]
	at cpw.mods.modlauncher.BootstrapLaunchConsumer.accept(BootstrapLaunchConsumer.java:26) ~[modlauncher-10.0.9.jar%2353!/:?]
	at cpw.mods.modlauncher.BootstrapLaunchConsumer.accept(BootstrapLaunchConsumer.java:23) ~[modlauncher-10.0.9.jar%2353!/:?]
	at cpw.mods.bootstraplauncher.BootstrapLauncher.main(BootstrapLauncher.java:141) ~[bootstraplauncher-1.1.2.jar:?]
[22Jun2025 03:47:25.860] [main/DEBUG] [Ksyxis/KsyxisPlugin/]: Ksyxis: Bytecode provider threw an exception, mixin WON'T be applied. (provider: org.spongepowered.asm.launch.MixinLaunchPlugin@f557c37, plugin: Ksyxis/KsyxisPlugin{provider=org.spongepowered.asm.launch.MixinLaunchPlugin@f557c37}, targetClassName: net.minecraft.unmapped.C_3865296, mixinClassName: ru.vidtu.ksyxis.mixins.ServerLevelMixin)
java.lang.ClassNotFoundException: net.minecraft.unmapped.C_3865296
	at cpw.mods.cl.ModuleClassLoader.getMaybeTransformedClassBytes(ModuleClassLoader.java:252) ~[securejarhandler-2.1.10.jar:?]
	at cpw.mods.modlauncher.TransformingClassLoader.buildTransformedClassNodeFor(TransformingClassLoader.java:58) ~[modlauncher-10.0.9.jar%2353!/:?]
	at cpw.mods.modlauncher.LaunchPluginHandler.lambda$announceLaunch$10(LaunchPluginHandler.java:100) ~[modlauncher-10.0.9.jar%2353!/:?]
	at org.spongepowered.asm.launch.MixinLaunchPluginLegacy.getClassNode(MixinLaunchPluginLegacy.java:222) ~[mixin-0.8.5.jar%2363!/:0.8.5+Jenkins-b310.git-155314e6e91465dad727e621a569906a410cd6f4]
	at org.spongepowered.asm.launch.MixinLaunchPluginLegacy.getClassNode(MixinLaunchPluginLegacy.java:207) ~[mixin-0.8.5.jar%2363!/:0.8.5+Jenkins-b310.git-155314e6e91465dad727e621a569906a410cd6f4]
	at ru.vidtu.ksyxis.KsyxisPlugin.shouldApplyMixin(KsyxisPlugin.java:107) ~[Ksyxis-1.3.3.jar%23173!/:1.3.3]
	at org.spongepowered.asm.mixin.transformer.PluginHandle.shouldApplyMixin(PluginHandle.java:132) ~[mixin-0.8.5.jar%2363!/:0.8.5+Jenkins-b310.git-155314e6e91465dad727e621a569906a410cd6f4]
	at org.spongepowered.asm.mixin.transformer.MixinInfo.shouldApplyMixin(MixinInfo.java:987) ~[mixin-0.8.5.jar%2363!/:0.8.5+Jenkins-b310.git-155314e6e91465dad727e621a569906a410cd6f4]
	at org.spongepowered.asm.mixin.transformer.MixinInfo.readDeclaredTargets(MixinInfo.java:952) ~[mixin-0.8.5.jar%2363!/:0.8.5+Jenkins-b310.git-155314e6e91465dad727e621a569906a410cd6f4]
	at org.spongepowered.asm.mixin.transformer.MixinInfo.<init>(MixinInfo.java:881) ~[mixin-0.8.5.jar%2363!/:0.8.5+Jenkins-b310.git-155314e6e91465dad727e621a569906a410cd6f4]
	at org.spongepowered.asm.mixin.transformer.MixinConfig.prepareMixins(MixinConfig.java:850) ~[mixin-0.8.5.jar%2363!/:0.8.5+Jenkins-b310.git-155314e6e91465dad727e621a569906a410cd6f4]
	at org.spongepowered.asm.mixin.transformer.MixinConfig.prepare(MixinConfig.java:775) ~[mixin-0.8.5.jar%2363!/:0.8.5+Jenkins-b310.git-155314e6e91465dad727e621a569906a410cd6f4]
	at org.spongepowered.asm.mixin.transformer.MixinProcessor.prepareConfigs(MixinProcessor.java:539) ~[mixin-0.8.5.jar%2363!/:0.8.5+Jenkins-b310.git-155314e6e91465dad727e621a569906a410cd6f4]
	at org.spongepowered.asm.mixin.transformer.MixinProcessor.select(MixinProcessor.java:462) ~[mixin-0.8.5.jar%2363!/:0.8.5+Jenkins-b310.git-155314e6e91465dad727e621a569906a410cd6f4]
	at org.spongepowered.asm.mixin.transformer.MixinProcessor.checkSelect(MixinProcessor.java:438) ~[mixin-0.8.5.jar%2363!/:0.8.5+Jenkins-b310.git-155314e6e91465dad727e621a569906a410cd6f4]
	at org.spongepowered.asm.mixin.transformer.MixinProcessor.applyMixins(MixinProcessor.java:290) ~[mixin-0.8.5.jar%2363!/:0.8.5+Jenkins-b310.git-155314e6e91465dad727e621a569906a410cd6f4]
	at org.spongepowered.asm.mixin.transformer.MixinTransformer.transformClass(MixinTransformer.java:250) ~[mixin-0.8.5.jar%2363!/:0.8.5+Jenkins-b310.git-155314e6e91465dad727e621a569906a410cd6f4]
	at org.spongepowered.asm.service.modlauncher.MixinTransformationHandler.processClass(MixinTransformationHandler.java:131) ~[mixin-0.8.5.jar%2363!/:0.8.5+Jenkins-b310.git-155314e6e91465dad727e621a569906a410cd6f4]
	at org.spongepowered.asm.launch.MixinLaunchPluginLegacy.processClass(MixinLaunchPluginLegacy.java:131) ~[mixin-0.8.5.jar%2363!/:0.8.5+Jenkins-b310.git-155314e6e91465dad727e621a569906a410cd6f4]
	at cpw.mods.modlauncher.serviceapi.ILaunchPluginService.processClassWithFlags(ILaunchPluginService.java:156) ~[modlauncher-10.0.9.jar%2353!/:10.0.9+10.0.9+main.dcd20f30]
	at cpw.mods.modlauncher.LaunchPluginHandler.offerClassNodeToPlugins(LaunchPluginHandler.java:88) ~[modlauncher-10.0.9.jar%2353!/:?]
	at cpw.mods.modlauncher.ClassTransformer.transform(ClassTransformer.java:120) ~[modlauncher-10.0.9.jar%2353!/:?]
	at cpw.mods.modlauncher.TransformingClassLoader.maybeTransformClassBytes(TransformingClassLoader.java:50) ~[modlauncher-10.0.9.jar%2353!/:?]
	at cpw.mods.cl.ModuleClassLoader.readerToClass(ModuleClassLoader.java:113) ~[securejarhandler-2.1.10.jar:?]
	at cpw.mods.cl.ModuleClassLoader.lambda$findClass$15(ModuleClassLoader.java:219) ~[securejarhandler-2.1.10.jar:?]
	at cpw.mods.cl.ModuleClassLoader.loadFromModule(ModuleClassLoader.java:229) ~[securejarhandler-2.1.10.jar:?]
	at cpw.mods.cl.ModuleClassLoader.findClass(ModuleClassLoader.java:219) ~[securejarhandler-2.1.10.jar:?]
	at java.lang.ClassLoader.loadClass(ClassLoader.java:637) ~[?:?]
	at java.lang.Class.forName(Class.java:545) ~[?:?]
	at net.minecraftforge.fml.loading.ImmediateWindowHandler$DummyProvider.lambda$updateModuleReads$1(ImmediateWindowHandler.java:145) ~[fmlloader-1.20.1-47.3.7.jar%2367!/:1.0]
	at java.util.Optional.map(Optional.java:260) ~[?:?]
	at net.minecraftforge.fml.loading.ImmediateWindowHandler$DummyProvider.updateModuleReads(ImmediateWindowHandler.java:145) ~[fmlloader-1.20.1-47.3.7.jar%2367!/:1.0]
	at net.minecraftforge.fml.loading.ImmediateWindowHandler.acceptGameLayer(ImmediateWindowHandler.java:71) ~[fmlloader-1.20.1-47.3.7.jar%2367!/:1.0]
	at net.minecraftforge.fml.loading.FMLLoader.beforeStart(FMLLoader.java:207) ~[fmlloader-1.20.1-47.3.7.jar%2367!/:1.0]
	at net.minecraftforge.fml.loading.targets.CommonLaunchHandler.launchService(CommonLaunchHandler.java:92) ~[fmlloader-1.20.1-47.3.7.jar%2367!/:?]
	at cpw.mods.modlauncher.LaunchServiceHandlerDecorator.launch(LaunchServiceHandlerDecorator.java:30) ~[modlauncher-10.0.9.jar%2353!/:?]
	at cpw.mods.modlauncher.LaunchServiceHandler.launch(LaunchServiceHandler.java:53) ~[modlauncher-10.0.9.jar%2353!/:?]
	at cpw.mods.modlauncher.LaunchServiceHandler.launch(LaunchServiceHandler.java:71) ~[modlauncher-10.0.9.jar%2353!/:?]
	at cpw.mods.modlauncher.Launcher.run(Launcher.java:108) ~[modlauncher-10.0.9.jar%2353!/:?]
	at cpw.mods.modlauncher.Launcher.main(Launcher.java:78) ~[modlauncher-10.0.9.jar%2353!/:?]
	at cpw.mods.modlauncher.BootstrapLaunchConsumer.accept(BootstrapLaunchConsumer.java:26) ~[modlauncher-10.0.9.jar%2353!/:?]
	at cpw.mods.modlauncher.BootstrapLaunchConsumer.accept(BootstrapLaunchConsumer.java:23) ~[modlauncher-10.0.9.jar%2353!/:?]
	at cpw.mods.bootstraplauncher.BootstrapLauncher.main(BootstrapLauncher.java:141) ~[bootstraplauncher-1.1.2.jar:?]
[22Jun2025 03:47:25.862] [main/DEBUG] [mixin/]: Preparing collective_forge.mixins.json (5)
[22Jun2025 03:47:25.875] [main/DEBUG] [mixin/]: Preparing parcool.mixins.json (6)
[22Jun2025 03:47:25.905] [main/DEBUG] [mixin/]: Preparing betterstrongholds.mixins.json (2)
[22Jun2025 03:47:25.907] [main/DEBUG] [mixin/]: Preparing betterstrongholds_forge.mixins.json (0)
[22Jun2025 03:47:25.907] [main/DEBUG] [mixin/]: Preparing architectury.mixins.json (9)
[22Jun2025 03:47:25.924] [main/DEBUG] [mixin/]: Preparing architectury-common.mixins.json (10)
[22Jun2025 03:47:25.937] [main/DEBUG] [net.minecraftforge.coremod.transformer.CoreModBaseTransformer/COREMOD]: Transforming net/minecraft/world/item/BucketItem
[22Jun2025 03:47:25.958] [main/DEBUG] [net.minecraftforge.coremod.transformer.CoreModBaseTransformer/COREMOD]: Transforming net/minecraft/world/entity/EntityType
[22Jun2025 03:47:26.550] [main/DEBUG] [net.minecraftforge.coremod.transformer.CoreModBaseTransformer/COREMOD]: Transforming net/minecraft/world/level/block/LiquidBlock
[22Jun2025 03:47:26.568] [main/DEBUG] [mixin/]: Preparing nerb-common.mixins.json (6)
[22Jun2025 03:47:26.575] [main/DEBUG] [mixin/]: Preparing ferritecore.predicates.mixin.json (3)
[22Jun2025 03:47:26.575] [main/DEBUG] [mixin/]: Preparing ferritecore.fastmap.mixin.json (1)
[22Jun2025 03:47:26.599] [main/DEBUG] [mixin/]: Preparing ferritecore.mrl.mixin.json (2)
[22Jun2025 03:47:26.602] [main/DEBUG] [mixin/]: Preparing ferritecore.dedupmultipart.mixin.json (2)
[22Jun2025 03:47:26.602] [main/DEBUG] [mixin/]: Preparing ferritecore.blockstatecache.mixin.json (8)
[22Jun2025 03:47:26.617] [main/DEBUG] [mixin/]: @Mixin target net/minecraft/world/level/block/state/BlockBehaviour$BlockStateBase$Cache is public in ferritecore.blockstatecache.mixin.json:BlockStateCacheMixin and should be specified in value
[22Jun2025 03:47:26.624] [main/DEBUG] [mixin/]: Preparing ferritecore.dedupbakedquad.mixin.json (2)
[22Jun2025 03:47:26.624] [main/DEBUG] [mixin/]: Preparing ferritecore.threaddetec.mixin.json (1)
[22Jun2025 03:47:26.628] [main/DEBUG] [mixin/]: Preparing ferritecore.modelsides.mixin.json (1)
[22Jun2025 03:47:26.628] [main/DEBUG] [mixin/]: Preparing cupboard.mixins.json (5)
[22Jun2025 03:47:26.641] [main/DEBUG] [mixin/]: Preparing betterendisland.mixins.json (9)
[22Jun2025 03:47:26.669] [main/DEBUG] [mixin/]: Preparing betterendisland_forge.mixins.json (0)
[22Jun2025 03:47:26.672] [main/DEBUG] [mixin/]: Preparing puzzleslib.common.mixins.json (7)
[22Jun2025 03:47:26.679] [main/DEBUG] [mixin/]: Preparing puzzleslib.forge.mixins.json (13)
[22Jun2025 03:47:26.704] [main/DEBUG] [mixin/]: Preparing l2library.mixins.json (4)
[22Jun2025 03:47:26.713] [main/DEBUG] [mixin/]: Preparing l2tabs.mixins.json (1)
[22Jun2025 03:47:26.718] [main/DEBUG] [mixin/]: Preparing l2complements.mixins.json (16)
[22Jun2025 03:47:26.732] [main/DEBUG] [mixin/]: Preparing l2weaponry.mixins.json (8)
[22Jun2025 03:47:26.745] [main/DEBUG] [mixin/]: Preparing l2screentracker.mixins.json (3)
[22Jun2025 03:47:26.746] [main/DEBUG] [mixin/]: Preparing l2damagetracker.mixins.json (3)
[22Jun2025 03:47:26.755] [main/DEBUG] [mixin/]: Preparing l2itemselector.mixins.json (0)
[22Jun2025 03:47:26.756] [main/DEBUG] [mixin/]: Preparing healingcampfire_forge.mixins.json (0)
[22Jun2025 03:47:26.757] [main/DEBUG] [mixin/]: Preparing betterjungletemples.mixins.json (8)
[22Jun2025 03:47:26.767] [main/DEBUG] [net.minecraftforge.coremod.transformer.CoreModBaseTransformer/COREMOD]: Transforming net/minecraft/world/level/levelgen/structure/templatesystem/StructureTemplate
[22Jun2025 03:47:27.338] [main/DEBUG] [mixin/]: Preparing betterjungletemples_forge.mixins.json (0)
[22Jun2025 03:47:27.345] [main/INFO] [memoryleakfix/]: [MemoryLeakFix] Will be applying 1 memory leak fixes!
[22Jun2025 03:47:27.347] [main/INFO] [memoryleakfix/]: [MemoryLeakFix] Currently enabled memory leak fixes: [biomeTemperatureLeak]
[22Jun2025 03:47:27.642] [main/DEBUG] [mixin/]: Prepared 247 mixins in 5.126 sec (20.8ms avg) (0ms load, 0ms transform, 0ms plugin)
[22Jun2025 03:47:27.672] [main/INFO] [MixinExtras|Service/]: Initializing MixinExtras via com.llamalad7.mixinextras.service.MixinExtrasServiceImpl(version=0.4.1).
[22Jun2025 03:47:27.676] [main/DEBUG] [mixin/]: Registering new injector for @SugarWrapper with com.llamalad7.mixinextras.sugar.impl.SugarWrapperInjectionInfo
[22Jun2025 03:47:27.677] [main/DEBUG] [mixin/]: Registering new injector for @FactoryRedirectWrapper with com.llamalad7.mixinextras.wrapper.factory.FactoryRedirectWrapperInjectionInfo
[22Jun2025 03:47:27.693] [main/DEBUG] [mixin/]: Mixing core.MinecraftServerMixin from modernfix-common.mixins.json into net.minecraft.server.MinecraftServer
[22Jun2025 03:47:27.720] [main/DEBUG] [mixin/]: Mixing perf.dedicated_reload_executor.MinecraftServerMixin from modernfix-common.mixins.json into net.minecraft.server.MinecraftServer
[22Jun2025 03:47:27.722] [main/DEBUG] [mixin/]: Mixing ServerMixin from fcl.mixins.json into net.minecraft.server.MinecraftServer
[22Jun2025 03:47:27.743] [main/DEBUG] [mixin/]: Mixing MinecraftServerMixin from ksyxis.mixins.json into net.minecraft.server.MinecraftServer
[22Jun2025 03:47:28.290] [main/DEBUG] [mixin/]: Mixing perf.fix_loop_spin_waiting.BlockableEventLoopMixin from modernfix-common.mixins.json into net.minecraft.util.thread.BlockableEventLoop
[22Jun2025 03:47:28.400] [main/DEBUG] [io.netty.util.internal.logging.InternalLoggerFactory/]: Using SLF4J as the default logging framework
[22Jun2025 03:47:28.408] [main/DEBUG] [io.netty.util.ResourceLeakDetector/]: -Dio.netty.leakDetection.level: simple
[22Jun2025 03:47:28.409] [main/DEBUG] [io.netty.util.ResourceLeakDetector/]: -Dio.netty.leakDetection.targetRecords: 4
[22Jun2025 03:47:29.106] [main/DEBUG] [mixin/]: Mixing perf.tag_id_caching.TagOrElementLocationMixin from modernfix-forge.mixins.json into net.minecraft.util.ExtraCodecs$TagOrElementLocation
[22Jun2025 03:47:29.287] [main/DEBUG] [mixin/]: Mixing ResourceLocationExceptionMixin from connectivity.mixins.json into net.minecraft.ResourceLocationException
[22Jun2025 03:47:29.453] [main/WARN] [net.minecraft.SystemReport/]: Failed retrieving info for group hardware
java.lang.NoClassDefFoundError: com/sun/jna/Platform
	at oshi.SystemInfo.<clinit>(SystemInfo.java:60) ~[oshi-core-6.2.2.jar%2369!/:6.2.2]
	at net.minecraft.SystemReport.m_143564_(SystemReport.java:52) ~[server-1.20.1-20230612.114412-srg.jar%23203!/:?]
	at net.minecraft.SystemReport.m_143516_(SystemReport.java:82) ~[server-1.20.1-20230612.114412-srg.jar%23203!/:?]
	at net.minecraft.SystemReport.<init>(SystemReport.java:52) ~[server-1.20.1-20230612.114412-srg.jar%23203!/:?]
	at net.minecraft.CrashReport.<init>(CrashReport.java:31) ~[server-1.20.1-20230612.114412-srg.jar%23203!/:?]
	at net.minecraft.CrashReport.m_127529_(CrashReport.java:216) ~[server-1.20.1-20230612.114412-srg.jar%23203!/:?]
	at net.minecraft.server.Main.main(Main.java:116) ~[server-1.20.1-20230612.114412-srg.jar%23203!/:?]
	at jdk.internal.reflect.NativeMethodAccessorImpl.invoke0(Native Method) ~[?:?]
	at jdk.internal.reflect.NativeMethodAccessorImpl.invoke(NativeMethodAccessorImpl.java:77) ~[?:?]
	at jdk.internal.reflect.DelegatingMethodAccessorImpl.invoke(DelegatingMethodAccessorImpl.java:43) ~[?:?]
	at java.lang.reflect.Method.invoke(Method.java:569) ~[?:?]
	at net.minecraftforge.fml.loading.targets.CommonLaunchHandler.runTarget(CommonLaunchHandler.java:111) ~[fmlloader-1.20.1-47.3.7.jar%2367!/:?]
	at net.minecraftforge.fml.loading.targets.CommonLaunchHandler.serverService(CommonLaunchHandler.java:103) ~[fmlloader-1.20.1-47.3.7.jar%2367!/:?]
	at net.minecraftforge.fml.loading.targets.CommonServerLaunchHandler.lambda$makeService$0(CommonServerLaunchHandler.java:27) ~[fmlloader-1.20.1-47.3.7.jar%2367!/:?]
	at cpw.mods.modlauncher.LaunchServiceHandlerDecorator.launch(LaunchServiceHandlerDecorator.java:30) ~[modlauncher-10.0.9.jar%2353!/:?]
	at cpw.mods.modlauncher.LaunchServiceHandler.launch(LaunchServiceHandler.java:53) ~[modlauncher-10.0.9.jar%2353!/:?]
	at cpw.mods.modlauncher.LaunchServiceHandler.launch(LaunchServiceHandler.java:71) ~[modlauncher-10.0.9.jar%2353!/:?]
	at cpw.mods.modlauncher.Launcher.run(Launcher.java:108) ~[modlauncher-10.0.9.jar%2353!/:?]
	at cpw.mods.modlauncher.Launcher.main(Launcher.java:78) ~[modlauncher-10.0.9.jar%2353!/:?]
	at cpw.mods.modlauncher.BootstrapLaunchConsumer.accept(BootstrapLaunchConsumer.java:26) ~[modlauncher-10.0.9.jar%2353!/:?]
	at cpw.mods.modlauncher.BootstrapLaunchConsumer.accept(BootstrapLaunchConsumer.java:23) ~[modlauncher-10.0.9.jar%2353!/:?]
	at cpw.mods.bootstraplauncher.BootstrapLauncher.main(BootstrapLauncher.java:141) ~[bootstraplauncher-1.1.2.jar:?]
Caused by: java.lang.ClassNotFoundException: com.sun.jna.Platform
	at jdk.internal.loader.BuiltinClassLoader.loadClass(BuiltinClassLoader.java:641) ~[?:?]
	at java.lang.ClassLoader.loadClass(ClassLoader.java:525) ~[?:?]
	at cpw.mods.cl.ModuleClassLoader.loadClass(ModuleClassLoader.java:137) ~[securejarhandler-2.1.10.jar:?]
	at java.lang.ClassLoader.loadClass(ClassLoader.java:525) ~[?:?]
	... 22 more
[22Jun2025 03:47:29.491] [main/DEBUG] [mixin/]: Mixing perf.thread_priorities.UtilMixin from modernfix-common.mixins.json into net.minecraft.Util
[22Jun2025 03:47:29.491] [main/DEBUG] [mixin/]: Renaming synthetic method lambda$adjustPriorityOfThreadFactory$0(Ljava/util/concurrent/ForkJoinPool$ForkJoinWorkerThreadFactory;Ljava/util/concurrent/ForkJoinPool;)Ljava/util/concurrent/ForkJoinWorkerThread; to md1cdd9f$lambda$adjustPriorityOfThreadFactory$0$0 in modernfix-common.mixins.json:perf.thread_priorities.UtilMixin
[22Jun2025 03:47:29.660] [main/DEBUG] [mixin/]: Mixing feature.measure_time.BootstrapMixin from modernfix-common.mixins.json into net.minecraft.server.Bootstrap
[22Jun2025 03:47:29.666] [main/DEBUG] [mixin/]: Mixing core.BootstrapMixin from modernfix-forge.mixins.json into net.minecraft.server.Bootstrap
[22Jun2025 03:47:29.735] [main/INFO] [net.minecraft.server.Bootstrap/]: ModernFix reached bootstrap stage (31.83 s after launch)
[22Jun2025 03:47:29.754] [main/DEBUG] [mixin/]: Mixing perf.mojang_registry_size.MappedRegistryMixin from modernfix-common.mixins.json into net.minecraft.core.MappedRegistry
[22Jun2025 03:47:29.785] [main/DEBUG] [mixin/]: Mixing perf.mojang_registry_size.ResourceKeyMixin from modernfix-common.mixins.json into net.minecraft.resources.ResourceKey
[22Jun2025 03:47:29.785] [main/DEBUG] [mixin/]: Renaming synthetic method lambda$createEfficient$0(Lnet/minecraft/resources/ResourceLocation;)Ljava/util/Map; to md1cdd9f$lambda$createEfficient$0$0 in modernfix-common.mixins.json:perf.mojang_registry_size.ResourceKeyMixin
[22Jun2025 03:47:30.443] [main/DEBUG] [mixin/]: Mixing inject.MixinGameEvent from architectury-common.mixins.json into net.minecraft.world.level.gameevent.GameEvent
[22Jun2025 03:47:30.493] [main/DEBUG] [mixin/]: Mixing perf.reduce_blockstate_cache_rebuilds.GameDataMixin from modernfix-forge.mixins.json into net.minecraftforge.registries.GameData
[22Jun2025 03:47:30.561] [main/DEBUG] [mixin/]: Mixing perf.forge_registry_alloc.ForgeRegistryMixin from modernfix-forge.mixins.json into net.minecraftforge.registries.ForgeRegistry
[22Jun2025 03:47:30.596] [main/DEBUG] [mixin/]: Mixing perf.fast_registry_validation.ForgeRegistryMixin from modernfix-forge.mixins.json into net.minecraftforge.registries.ForgeRegistry
[22Jun2025 03:47:30.611] [main/DEBUG] [mixin/]: Mixing accessor.ForgeRegistryForgeAccessor from puzzleslib.forge.mixins.json into net.minecraftforge.registries.ForgeRegistry
[22Jun2025 03:47:30.643] [main/WARN] [mixin/]: @Final field delegatesByName:Ljava/util/Map; in modernfix-forge.mixins.json:perf.forge_registry_alloc.ForgeRegistryMixin should be final
[22Jun2025 03:47:30.644] [main/WARN] [mixin/]: @Final field delegatesByValue:Ljava/util/Map; in modernfix-forge.mixins.json:perf.forge_registry_alloc.ForgeRegistryMixin should be final
[22Jun2025 03:47:30.716] [main/DEBUG] [mixin/]: Mixing perf.reduce_blockstate_cache_rebuilds.BlockCallbacksMixin from modernfix-forge.mixins.json into net.minecraftforge.registries.GameData$BlockCallbacks
[22Jun2025 03:47:30.738] [main/DEBUG] [mixin/]: Mixing perf.forge_registry_alloc.DelegateHolderMixin from modernfix-forge.mixins.json into net.minecraft.world.level.block.Block
[22Jun2025 03:47:30.741] [main/DEBUG] [mixin/]: Mixing inject.MixinBlock from architectury-common.mixins.json into net.minecraft.world.level.block.Block
[22Jun2025 03:47:30.741] [main/DEBUG] [mixin/]: Mixing accessor.BlockAccessor from puzzleslib.common.mixins.json into net.minecraft.world.level.block.Block
[22Jun2025 03:47:30.742] [main/DEBUG] [mixin/]: Mixing BlockMixin from l2complements.mixins.json into net.minecraft.world.level.block.Block
[22Jun2025 03:47:30.798] [main/DEBUG] [mixin/]: Mixing BlockBehaviorMixin from l2complements.mixins.json into net.minecraft.world.level.block.state.BlockBehaviour
[22Jun2025 03:47:30.836] [main/DEBUG] [mixin/]: Mixing bugfix.chunk_deadlock.BlockStateBaseMixin from modernfix-common.mixins.json into net.minecraft.world.level.block.state.BlockBehaviour$BlockStateBase
[22Jun2025 03:47:30.845] [main/DEBUG] [mixin/]: Mixing perf.reduce_blockstate_cache_rebuilds.BlockStateBaseMixin from modernfix-common.mixins.json into net.minecraft.world.level.block.state.BlockBehaviour$BlockStateBase
[22Jun2025 03:47:30.871] [main/DEBUG] [mixin/]: Mixing common.blockstate.BlockStateBaseMixin from starlight.mixins.json into net.minecraft.world.level.block.state.BlockBehaviour$BlockStateBase
[22Jun2025 03:47:30.878] [main/DEBUG] [mixin/]: Mixing BlockStateBaseMixin from ferritecore.blockstatecache.mixin.json into net.minecraft.world.level.block.state.BlockBehaviour$BlockStateBase
[22Jun2025 03:47:30.960] [main/INFO] [ModernFix/]: Injecting BlockStateBase cache population hook into getOpacityIfCached from ca.spottedleaf.starlight.mixin.common.blockstate.BlockStateBaseMixin
[22Jun2025 03:47:30.961] [main/INFO] [ModernFix/]: Injecting BlockStateBase cache population hook into isConditionallyFullOpaque from ca.spottedleaf.starlight.mixin.common.blockstate.BlockStateBaseMixin
[22Jun2025 03:47:30.973] [main/DEBUG] [mixin/]: Mixing FastMapStateHolderMixin from ferritecore.fastmap.mixin.json into net.minecraft.world.level.block.state.StateHolder
[22Jun2025 03:47:31.012] [main/DEBUG] [mixin/]: Mixing perf.model_optimizations.PropertyMixin from modernfix-common.mixins.json into net.minecraft.world.level.block.state.properties.Property
[22Jun2025 03:47:31.035] [main/DEBUG] [mixin/]: Mixing EntityLoadMixin from cupboard.mixins.json into net.minecraft.world.entity.Entity
[22Jun2025 03:47:31.054] [main/DEBUG] [mixin/]: Mixing bugfix.chunk_deadlock.EntityMixin from modernfix-common.mixins.json into net.minecraft.world.entity.Entity
[22Jun2025 03:47:31.071] [main/DEBUG] [mixin/]: Mixing EntityMixin from more_slabs_stairs_and_walls-common.mixins.json into net.minecraft.world.entity.Entity
[22Jun2025 03:47:31.103] [main/DEBUG] [net.minecraftforge.coremod.transformer.CoreModBaseTransformer/COREMOD]: Transforming net/minecraft/world/level/block/StairBlock
[22Jun2025 03:47:31.110] [main/DEBUG] [mixin/]: Mixing EntityMixin from fcl.mixins.json into net.minecraft.world.entity.Entity
[22Jun2025 03:47:31.112] [main/DEBUG] [mixin/]: Mixing EntityMixin from l2library.mixins.json into net.minecraft.world.entity.Entity
[22Jun2025 03:47:31.112] [main/DEBUG] [mixin/]: l2library.mixins.json:EntityMixin: Class version 61 required is higher than the class version supported by the current version of Mixin (JAVA_16 supports class version 60)
[22Jun2025 03:47:31.145] [main/DEBUG] [mixin/]: Mixing EntityMixin from l2complements.mixins.json into net.minecraft.world.entity.Entity
[22Jun2025 03:47:31.403] [main/DEBUG] [mixin/]: Mixing MixinLivingEntity from caelus.mixins.json into net.minecraft.world.entity.LivingEntity
[22Jun2025 03:47:31.409] [main/DEBUG] [mixin/]: Mixing perf.forge_cap_retrieval.LivingEntityMixin from modernfix-forge.mixins.json into net.minecraft.world.entity.LivingEntity
[22Jun2025 03:47:31.417] [main/DEBUG] [mixin/]: Mixing common.LivingEntityMixin from parcool.mixins.json into net.minecraft.world.entity.LivingEntity
[22Jun2025 03:47:31.421] [main/DEBUG] [mixin/]: parcool.mixins.json:common.LivingEntityMixin: Class version 61 required is higher than the class version supported by the current version of Mixin (JAVA_8 supports class version 52)
[22Jun2025 03:47:31.568] [main/DEBUG] [mixin/]: Mixing LivingEntityMixin from l2complements.mixins.json into net.minecraft.world.entity.LivingEntity
[22Jun2025 03:47:31.580] [main/DEBUG] [mixin/]: Mixing LivingEntityMixin from l2weaponry.mixins.json into net.minecraft.world.entity.LivingEntity
[22Jun2025 03:47:31.635] [main/DEBUG] [mixin/]: Mixing LivingEntityMixin from l2damagetracker.mixins.json into net.minecraft.world.entity.LivingEntity
[22Jun2025 03:47:32.245] [main/DEBUG] [mixin/]: Mixing perf.model_optimizations.BooleanPropertyMixin from modernfix-common.mixins.json into net.minecraft.world.level.block.state.properties.BooleanProperty
[22Jun2025 03:47:32.264] [main/DEBUG] [mixin/]: Mixing common.world.LevelMixin from starlight.mixins.json into net.minecraft.world.level.Level
[22Jun2025 03:47:32.265] [main/DEBUG] [mixin/]: Mixing LevelAccessor from l2complements.mixins.json into net.minecraft.world.level.Level
[22Jun2025 03:47:32.308] [main/DEBUG] [mixin/]: Mixing ServerAddEntityMixin from cupboard.mixins.json into net.minecraft.server.level.ServerLevel
[22Jun2025 03:47:32.334] [main/DEBUG] [mixin/]: Mixing ServerLevelMixin from betterendisland.mixins.json into net.minecraft.server.level.ServerLevel
[22Jun2025 03:47:32.371] [main/DEBUG] [mixin/]: Mixing bugfix.chunk_deadlock.ServerLevelMixin from modernfix-common.mixins.json into net.minecraft.server.level.ServerLevel
[22Jun2025 03:47:32.374] [main/DEBUG] [mixin/]: Mixing perf.cache_strongholds.ServerLevelMixin from modernfix-common.mixins.json into net.minecraft.server.level.ServerLevel
[22Jun2025 03:47:32.379] [main/DEBUG] [mixin/]: Mixing perf.faster_structure_location.ServerLevelMixin from modernfix-common.mixins.json into net.minecraft.server.level.ServerLevel
[22Jun2025 03:47:32.388] [main/DEBUG] [mixin/]: Mixing common.world.ServerWorldMixin from starlight.mixins.json into net.minecraft.server.level.ServerLevel
[22Jun2025 03:47:32.410] [main/DEBUG] [mixin/]: Mixing ServerLevelMixin from ksyxis.mixins.json into net.minecraft.server.level.ServerLevel
[22Jun2025 03:47:32.417] [main/DEBUG] [mixin/]: Mixing EndergeticExpansionMixins from betterendisland.mixins.json into net.minecraft.server.level.ServerLevel
[22Jun2025 03:47:32.618] [main/DEBUG] [mixin/]: Mixing ItemEntityMixin from more_slabs_stairs_and_walls-common.mixins.json into net.minecraft.world.entity.item.ItemEntity
[22Jun2025 03:47:32.634] [main/DEBUG] [mixin/]: Mixing ItemEntityMixin from l2complements.mixins.json into net.minecraft.world.entity.item.ItemEntity
[22Jun2025 03:47:32.681] [main/DEBUG] [mixin/]: Mixing common.PlayerMixin from parcool.mixins.json into net.minecraft.world.entity.player.Player
[22Jun2025 03:47:32.681] [main/DEBUG] [mixin/]: parcool.mixins.json:common.PlayerMixin: Class version 61 required is higher than the class version supported by the current version of Mixin (JAVA_8 supports class version 52)
[22Jun2025 03:47:32.703] [main/DEBUG] [mixin/]: Mixing PlayerMixin from l2weaponry.mixins.json into net.minecraft.world.entity.player.Player
[22Jun2025 03:47:32.725] [main/DEBUG] [mixin/]: Mixing PlayerMixin from l2damagetracker.mixins.json into net.minecraft.world.entity.player.Player
[22Jun2025 03:47:32.983] [main/DEBUG] [mixin/]: Mixing perf.fast_forge_dummies.NamespacedHolderHelperMixin from modernfix-forge.mixins.json into net.minecraftforge.registries.NamespacedWrapper
[22Jun2025 03:47:33.021] [main/DEBUG] [mixin/]: Mixing inject.MixinFluid from architectury-common.mixins.json into net.minecraft.world.level.material.Fluid
[22Jun2025 03:47:33.033] [main/DEBUG] [mixin/]: Mixing perf.forge_registry_alloc.DelegateHolderMixin from modernfix-forge.mixins.json into net.minecraft.world.item.Item
[22Jun2025 03:47:33.037] [main/DEBUG] [mixin/]: Mixing inject.MixinItem from architectury-common.mixins.json into net.minecraft.world.item.Item
[22Jun2025 03:47:33.048] [main/DEBUG] [mixin/]: Mixing ItemMixin from l2complements.mixins.json into net.minecraft.world.item.Item
[22Jun2025 03:47:33.096] [main/DEBUG] [net.minecraftforge.coremod.transformer.CoreModBaseTransformer/COREMOD]: Transforming net/minecraft/world/entity/EntityType
[22Jun2025 03:47:33.342] [main/DEBUG] [mixin/]: Mixing inject.MixinEntityType from architectury-common.mixins.json into net.minecraft.world.entity.EntityType
[22Jun2025 03:47:33.396] [main/DEBUG] [mixin/]: Mixing perf.dynamic_dfu.BlockEntityTypeMixin from modernfix-common.mixins.json into net.minecraft.world.level.block.entity.BlockEntityType
[22Jun2025 03:47:33.447] [main/DEBUG] [mixin/]: Mixing KeepRichSoilGiantTreeMixin from farmersdelight.mixins.json into net.minecraft.world.level.levelgen.feature.Feature
[22Jun2025 03:47:33.450] [main/DEBUG] [mixin/]: Renaming synthetic method lambda$keepRichSoil$0(Lnet/minecraft/world/level/block/state/BlockState;)Z to md1cdd9f$lambda$keepRichSoil$0$0 in farmersdelight.mixins.json:KeepRichSoilGiantTreeMixin
[22Jun2025 03:47:33.522] [main/DEBUG] [mixin/]: Mixing perf.memoize_creative_tab_build.CreativeModeTabMixin from modernfix-common.mixins.json into net.minecraft.world.item.CreativeModeTab
[22Jun2025 03:47:33.545] [main/DEBUG] [mixin/]: Mixing accessor.FireBlockForgeAccessor from puzzleslib.forge.mixins.json into net.minecraft.world.level.block.FireBlock
[22Jun2025 03:47:33.620] [main/DEBUG] [mixin/]: Mixing DiscreteVSAccess from ferritecore.blockstatecache.mixin.json into net.minecraft.world.phys.shapes.DiscreteVoxelShape
[22Jun2025 03:47:33.625] [main/DEBUG] [mixin/]: Mixing BitSetDVSAccess from ferritecore.blockstatecache.mixin.json into net.minecraft.world.phys.shapes.BitSetDiscreteVoxelShape
[22Jun2025 03:47:33.630] [main/DEBUG] [mixin/]: Mixing VoxelShapeAccess from ferritecore.blockstatecache.mixin.json into net.minecraft.world.phys.shapes.VoxelShape
[22Jun2025 03:47:33.633] [main/DEBUG] [mixin/]: Mixing ArrayVSAccess from ferritecore.blockstatecache.mixin.json into net.minecraft.world.phys.shapes.ArrayVoxelShape
[22Jun2025 03:47:33.635] [main/DEBUG] [mixin/]: Mixing SliceShapeAccess from ferritecore.blockstatecache.mixin.json into net.minecraft.world.phys.shapes.SliceShape
[22Jun2025 03:47:34.081] [main/DEBUG] [mixin/]: Mixing perf.reduce_blockstate_cache_rebuilds.BlocksMixin from modernfix-common.mixins.json into net.minecraft.world.level.block.Blocks
[22Jun2025 03:47:34.082] [main/DEBUG] [mixin/]: Renaming synthetic method lambda$getEmptyConsumer$0(Ljava/lang/Object;)V to md1cdd9f$lambda$getEmptyConsumer$0$0 in modernfix-common.mixins.json:perf.reduce_blockstate_cache_rebuilds.BlocksMixin
[22Jun2025 03:47:34.258] [main/DEBUG] [mixin/]: Mixing SpreadableBlockMixin from more_slabs_stairs_and_walls-common.mixins.json into net.minecraft.world.level.block.SpreadingSnowyDirtBlock
[22Jun2025 03:47:34.294] [main/DEBUG] [mixin/]: Mixing PlantBlockMixin from more_slabs_stairs_and_walls-common.mixins.json into net.minecraft.world.level.block.BushBlock
[22Jun2025 03:47:34.338] [main/DEBUG] [net.minecraftforge.coremod.transformer.CoreModBaseTransformer/COREMOD]: Transforming net/minecraft/world/level/block/LiquidBlock
[22Jun2025 03:47:34.340] [main/DEBUG] [mixin/]: Mixing inject.MixinLiquidBlock from architectury-common.mixins.json into net.minecraft.world.level.block.LiquidBlock
[22Jun2025 03:47:34.375] [main/DEBUG] [mixin/]: Mixing TranslucentBlockMixin from more_slabs_stairs_and_walls-common.mixins.json into net.minecraft.world.level.block.HalfTransparentBlock
[22Jun2025 03:47:34.501] [main/DEBUG] [mixin/]: Mixing CuttingBoardDispenserMixin from farmersdelight.mixins.json into net.minecraft.world.level.block.DispenserBlock
[22Jun2025 03:47:34.653] [main/DEBUG] [net.minecraftforge.coremod.transformer.CoreModBaseTransformer/COREMOD]: Transforming net/minecraft/world/level/block/StairBlock
[22Jun2025 03:47:34.811] [main/DEBUG] [mixin/]: Mixing perf.deduplicate_wall_shapes.WallBlockMixin from modernfix-common.mixins.json into net.minecraft.world.level.block.WallBlock
[22Jun2025 03:47:34.883] [main/DEBUG] [net.minecraftforge.coremod.transformer.CoreModBaseTransformer/COREMOD]: Transforming net/minecraft/world/level/block/FlowerPotBlock
[22Jun2025 03:47:34.907] [main/DEBUG] [mixin/]: Mixing AnvilBlockMixin from placebo.mixins.json into net.minecraft.world.level.block.AnvilBlock
[22Jun2025 03:47:34.916] [main/DEBUG] [mixin/]: Mixing AnvilBlockMixin from l2complements.mixins.json into net.minecraft.world.level.block.AnvilBlock
[22Jun2025 03:47:35.072] [main/DEBUG] [mixin/]: Mixing BubbleColumnBlockMixin from more_slabs_stairs_and_walls-common.mixins.json into net.minecraft.world.level.block.BubbleColumnBlock
[22Jun2025 03:47:35.132] [main/DEBUG] [mixin/]: Mixing CampfireBaleMixin from farmersdelight.mixins.json into net.minecraft.world.level.block.CampfireBlock
[22Jun2025 03:47:35.206] [main/DEBUG] [mixin/]: Mixing PointedDripstoneBlockMixin from more_slabs_stairs_and_walls-common.mixins.json into net.minecraft.world.level.block.PointedDripstoneBlock
[22Jun2025 03:47:35.335] [main/DEBUG] [mixin/]: Mixing perf.state_definition_construct.StateDefinitionMixin from modernfix-common.mixins.json into net.minecraft.world.level.block.state.StateDefinition
[22Jun2025 03:47:35.737] [main/INFO] [net.minecraft.server.Bootstrap/]: Vanilla bootstrap took 5994 milliseconds
[22Jun2025 03:47:35.796] [main/DEBUG] [io.netty.util.internal.PlatformDependent0/]: -Dio.netty.noUnsafe: false
[22Jun2025 03:47:35.796] [main/DEBUG] [io.netty.util.internal.PlatformDependent0/]: Java version: 17
[22Jun2025 03:47:35.801] [main/DEBUG] [io.netty.util.internal.PlatformDependent0/]: sun.misc.Unsafe.theUnsafe: available
[22Jun2025 03:47:35.801] [main/DEBUG] [io.netty.util.internal.PlatformDependent0/]: sun.misc.Unsafe.copyMemory: available
[22Jun2025 03:47:35.801] [main/DEBUG] [io.netty.util.internal.PlatformDependent0/]: sun.misc.Unsafe.storeFence: available
[22Jun2025 03:47:35.802] [main/DEBUG] [io.netty.util.internal.PlatformDependent0/]: java.nio.Buffer.address: available
[22Jun2025 03:47:35.802] [main/DEBUG] [io.netty.util.internal.PlatformDependent0/]: direct buffer constructor: unavailable
java.lang.UnsupportedOperationException: Reflective setAccessible(true) disabled
	at io.netty.util.internal.ReflectionUtil.trySetAccessible(ReflectionUtil.java:31) ~[netty-common-4.1.82.Final.jar%2380!/:4.1.82.Final]
	at io.netty.util.internal.PlatformDependent0$5.run(PlatformDependent0.java:288) ~[netty-common-4.1.82.Final.jar%2380!/:4.1.82.Final]
	at java.security.AccessController.doPrivileged(AccessController.java:318) ~[?:?]
	at io.netty.util.internal.PlatformDependent0.<clinit>(PlatformDependent0.java:282) ~[netty-common-4.1.82.Final.jar%2380!/:4.1.82.Final]
	at io.netty.util.internal.PlatformDependent.isAndroid(PlatformDependent.java:333) ~[netty-common-4.1.82.Final.jar%2380!/:4.1.82.Final]
	at io.netty.util.internal.PlatformDependent.<clinit>(PlatformDependent.java:88) ~[netty-common-4.1.82.Final.jar%2380!/:4.1.82.Final]
	at io.netty.util.ConstantPool.<init>(ConstantPool.java:34) ~[netty-common-4.1.82.Final.jar%2380!/:4.1.82.Final]
	at io.netty.util.AttributeKey$1.<init>(AttributeKey.java:27) ~[netty-common-4.1.82.Final.jar%2380!/:4.1.82.Final]
	at io.netty.util.AttributeKey.<clinit>(AttributeKey.java:27) ~[netty-common-4.1.82.Final.jar%2380!/:4.1.82.Final]
	at net.minecraftforge.network.NetworkConstants.<clinit>(NetworkConstants.java:34) ~[forge-1.20.1-47.3.7-universal.jar%23208!/:?]
	at net.minecraft.server.Bootstrap.handler$zdm000$doClassloadHack(Bootstrap.java:1034) ~[server-1.20.1-20230612.114412-srg.jar%23203!/:?]
	at net.minecraft.server.Bootstrap.m_135870_(Bootstrap.java:64) ~[server-1.20.1-20230612.114412-srg.jar%23203!/:?]
	at net.minecraftforge.registries.ForgeRegistries.init(ForgeRegistries.java:212) ~[forge-1.20.1-47.3.7-universal.jar%23208!/:?]
	at net.minecraftforge.registries.ForgeRegistries.<clinit>(ForgeRegistries.java:65) ~[forge-1.20.1-47.3.7-universal.jar%23208!/:?]
	at net.minecraft.world.level.block.LiquidBlock.<init>(LiquidBlock.java:53) ~[server-1.20.1-20230612.114412-srg.jar%23203!/:?]
	at net.minecraft.world.level.block.Blocks.<clinit>(Blocks.java:77) ~[server-1.20.1-20230612.114412-srg.jar%23203!/:?]
	at net.minecraft.world.level.block.FireBlock.m_53484_(FireBlock.java:301) ~[server-1.20.1-20230612.114412-srg.jar%23203!/:?]
	at net.minecraft.server.Bootstrap.m_135870_(Bootstrap.java:46) ~[server-1.20.1-20230612.114412-srg.jar%23203!/:?]
	at net.minecraft.server.Main.main(Main.java:121) ~[server-1.20.1-20230612.114412-srg.jar%23203!/:?]
	at jdk.internal.reflect.NativeMethodAccessorImpl.invoke0(Native Method) ~[?:?]
	at jdk.internal.reflect.NativeMethodAccessorImpl.invoke(NativeMethodAccessorImpl.java:77) ~[?:?]
	at jdk.internal.reflect.DelegatingMethodAccessorImpl.invoke(DelegatingMethodAccessorImpl.java:43) ~[?:?]
	at java.lang.reflect.Method.invoke(Method.java:569) ~[?:?]
	at net.minecraftforge.fml.loading.targets.CommonLaunchHandler.runTarget(CommonLaunchHandler.java:111) ~[fmlloader-1.20.1-47.3.7.jar%2367!/:?]
	at net.minecraftforge.fml.loading.targets.CommonLaunchHandler.serverService(CommonLaunchHandler.java:103) ~[fmlloader-1.20.1-47.3.7.jar%2367!/:?]
	at net.minecraftforge.fml.loading.targets.CommonServerLaunchHandler.lambda$makeService$0(CommonServerLaunchHandler.java:27) ~[fmlloader-1.20.1-47.3.7.jar%2367!/:?]
	at cpw.mods.modlauncher.LaunchServiceHandlerDecorator.launch(LaunchServiceHandlerDecorator.java:30) ~[modlauncher-10.0.9.jar%2353!/:?]
	at cpw.mods.modlauncher.LaunchServiceHandler.launch(LaunchServiceHandler.java:53) ~[modlauncher-10.0.9.jar%2353!/:?]
	at cpw.mods.modlauncher.LaunchServiceHandler.launch(LaunchServiceHandler.java:71) ~[modlauncher-10.0.9.jar%2353!/:?]
	at cpw.mods.modlauncher.Launcher.run(Launcher.java:108) ~[modlauncher-10.0.9.jar%2353!/:?]
	at cpw.mods.modlauncher.Launcher.main(Launcher.java:78) ~[modlauncher-10.0.9.jar%2353!/:?]
	at cpw.mods.modlauncher.BootstrapLaunchConsumer.accept(BootstrapLaunchConsumer.java:26) ~[modlauncher-10.0.9.jar%2353!/:?]
	at cpw.mods.modlauncher.BootstrapLaunchConsumer.accept(BootstrapLaunchConsumer.java:23) ~[modlauncher-10.0.9.jar%2353!/:?]
	at cpw.mods.bootstraplauncher.BootstrapLauncher.main(BootstrapLauncher.java:141) ~[bootstraplauncher-1.1.2.jar:?]
[22Jun2025 03:47:35.809] [main/DEBUG] [io.netty.util.internal.PlatformDependent0/]: java.nio.Bits.unaligned: available, true
[22Jun2025 03:47:35.812] [main/DEBUG] [io.netty.util.internal.PlatformDependent0/]: jdk.internal.misc.Unsafe.allocateUninitializedArray(int): unavailable
java.lang.IllegalAccessException: class io.netty.util.internal.PlatformDependent0$7 (in module io.netty.common) cannot access class jdk.internal.misc.Unsafe (in module java.base) because module java.base does not export jdk.internal.misc to module io.netty.common
	at jdk.internal.reflect.Reflection.newIllegalAccessException(Reflection.java:392) ~[?:?]
	at java.lang.reflect.AccessibleObject.checkAccess(AccessibleObject.java:674) ~[?:?]
	at java.lang.reflect.Method.invoke(Method.java:561) ~[?:?]
	at io.netty.util.internal.PlatformDependent0$7.run(PlatformDependent0.java:410) ~[netty-common-4.1.82.Final.jar%2380!/:4.1.82.Final]
	at java.security.AccessController.doPrivileged(AccessController.java:318) ~[?:?]
	at io.netty.util.internal.PlatformDependent0.<clinit>(PlatformDependent0.java:401) ~[netty-common-4.1.82.Final.jar%2380!/:4.1.82.Final]
	at io.netty.util.internal.PlatformDependent.isAndroid(PlatformDependent.java:333) ~[netty-common-4.1.82.Final.jar%2380!/:4.1.82.Final]
	at io.netty.util.internal.PlatformDependent.<clinit>(PlatformDependent.java:88) ~[netty-common-4.1.82.Final.jar%2380!/:4.1.82.Final]
	at io.netty.util.ConstantPool.<init>(ConstantPool.java:34) ~[netty-common-4.1.82.Final.jar%2380!/:4.1.82.Final]
	at io.netty.util.AttributeKey$1.<init>(AttributeKey.java:27) ~[netty-common-4.1.82.Final.jar%2380!/:4.1.82.Final]
	at io.netty.util.AttributeKey.<clinit>(AttributeKey.java:27) ~[netty-common-4.1.82.Final.jar%2380!/:4.1.82.Final]
	at net.minecraftforge.network.NetworkConstants.<clinit>(NetworkConstants.java:34) ~[forge-1.20.1-47.3.7-universal.jar%23208!/:?]
	at net.minecraft.server.Bootstrap.handler$zdm000$doClassloadHack(Bootstrap.java:1034) ~[server-1.20.1-20230612.114412-srg.jar%23203!/:?]
	at net.minecraft.server.Bootstrap.m_135870_(Bootstrap.java:64) ~[server-1.20.1-20230612.114412-srg.jar%23203!/:?]
	at net.minecraftforge.registries.ForgeRegistries.init(ForgeRegistries.java:212) ~[forge-1.20.1-47.3.7-universal.jar%23208!/:?]
	at net.minecraftforge.registries.ForgeRegistries.<clinit>(ForgeRegistries.java:65) ~[forge-1.20.1-47.3.7-universal.jar%23208!/:?]
	at net.minecraft.world.level.block.LiquidBlock.<init>(LiquidBlock.java:53) ~[server-1.20.1-20230612.114412-srg.jar%23203!/:?]
	at net.minecraft.world.level.block.Blocks.<clinit>(Blocks.java:77) ~[server-1.20.1-20230612.114412-srg.jar%23203!/:?]
	at net.minecraft.world.level.block.FireBlock.m_53484_(FireBlock.java:301) ~[server-1.20.1-20230612.114412-srg.jar%23203!/:?]
	at net.minecraft.server.Bootstrap.m_135870_(Bootstrap.java:46) ~[server-1.20.1-20230612.114412-srg.jar%23203!/:?]
	at net.minecraft.server.Main.main(Main.java:121) ~[server-1.20.1-20230612.114412-srg.jar%23203!/:?]
	at jdk.internal.reflect.NativeMethodAccessorImpl.invoke0(Native Method) ~[?:?]
	at jdk.internal.reflect.NativeMethodAccessorImpl.invoke(NativeMethodAccessorImpl.java:77) ~[?:?]
	at jdk.internal.reflect.DelegatingMethodAccessorImpl.invoke(DelegatingMethodAccessorImpl.java:43) ~[?:?]
	at java.lang.reflect.Method.invoke(Method.java:569) ~[?:?]
	at net.minecraftforge.fml.loading.targets.CommonLaunchHandler.runTarget(CommonLaunchHandler.java:111) ~[fmlloader-1.20.1-47.3.7.jar%2367!/:?]
	at net.minecraftforge.fml.loading.targets.CommonLaunchHandler.serverService(CommonLaunchHandler.java:103) ~[fmlloader-1.20.1-47.3.7.jar%2367!/:?]
	at net.minecraftforge.fml.loading.targets.CommonServerLaunchHandler.lambda$makeService$0(CommonServerLaunchHandler.java:27) ~[fmlloader-1.20.1-47.3.7.jar%2367!/:?]
	at cpw.mods.modlauncher.LaunchServiceHandlerDecorator.launch(LaunchServiceHandlerDecorator.java:30) ~[modlauncher-10.0.9.jar%2353!/:?]
	at cpw.mods.modlauncher.LaunchServiceHandler.launch(LaunchServiceHandler.java:53) ~[modlauncher-10.0.9.jar%2353!/:?]
	at cpw.mods.modlauncher.LaunchServiceHandler.launch(LaunchServiceHandler.java:71) ~[modlauncher-10.0.9.jar%2353!/:?]
	at cpw.mods.modlauncher.Launcher.run(Launcher.java:108) ~[modlauncher-10.0.9.jar%2353!/:?]
	at cpw.mods.modlauncher.Launcher.main(Launcher.java:78) ~[modlauncher-10.0.9.jar%2353!/:?]
	at cpw.mods.modlauncher.BootstrapLaunchConsumer.accept(BootstrapLaunchConsumer.java:26) ~[modlauncher-10.0.9.jar%2353!/:?]
	at cpw.mods.modlauncher.BootstrapLaunchConsumer.accept(BootstrapLaunchConsumer.java:23) ~[modlauncher-10.0.9.jar%2353!/:?]
	at cpw.mods.bootstraplauncher.BootstrapLauncher.main(BootstrapLauncher.java:141) ~[bootstraplauncher-1.1.2.jar:?]
[22Jun2025 03:47:35.823] [main/DEBUG] [io.netty.util.internal.PlatformDependent0/]: java.nio.DirectByteBuffer.<init>(long, int): unavailable
[22Jun2025 03:47:35.824] [main/DEBUG] [io.netty.util.internal.PlatformDependent/]: sun.misc.Unsafe: available
[22Jun2025 03:47:35.826] [main/DEBUG] [io.netty.util.internal.PlatformDependent/]: maxDirectMemory: 5368709120 bytes (maybe)
[22Jun2025 03:47:35.826] [main/DEBUG] [io.netty.util.internal.PlatformDependent/]: -Dio.netty.tmpdir: /tmp (java.io.tmpdir)
[22Jun2025 03:47:35.829] [main/DEBUG] [io.netty.util.internal.PlatformDependent/]: -Dio.netty.bitMode: 64 (sun.arch.data.model)
[22Jun2025 03:47:35.831] [main/DEBUG] [io.netty.util.internal.PlatformDependent/]: -Dio.netty.maxDirectMemory: -1 bytes
[22Jun2025 03:47:35.831] [main/DEBUG] [io.netty.util.internal.PlatformDependent/]: -Dio.netty.uninitializedArrayAllocationThreshold: -1
[22Jun2025 03:47:35.834] [main/DEBUG] [io.netty.util.internal.CleanerJava9/]: java.nio.ByteBuffer.cleaner(): available
[22Jun2025 03:47:35.835] [main/DEBUG] [io.netty.util.internal.PlatformDependent/]: -Dio.netty.noPreferDirect: false
[22Jun2025 03:47:35.850] [main/DEBUG] [mixin/]: Mixing SimpleChannelMixin from connectivity.mixins.json into net.minecraftforge.network.simple.SimpleChannel
[22Jun2025 03:47:36.025] [main/DEBUG] [mixin/]: Mixing networkstats.CCustomPayloadPacketNameMixin from connectivity.mixins.json into net.minecraft.network.protocol.game.ServerboundCustomPayloadPacket
[22Jun2025 03:47:36.036] [main/DEBUG] [mixin/]: Mixing FriendlyByteBufLimitMixin from connectivity.mixins.json into net.minecraft.network.FriendlyByteBuf
[22Jun2025 03:47:36.089] [main/DEBUG] [mixin/]: Mixing ClientBoundCustomPayloadPacketLMixin from connectivity.mixins.json into net.minecraft.network.protocol.game.ClientboundCustomPayloadPacket
[22Jun2025 03:47:36.091] [main/DEBUG] [mixin/]: Mixing networkstats.SCustomPayloadPlayPacketNameMixin from connectivity.mixins.json into net.minecraft.network.protocol.game.ClientboundCustomPayloadPacket
[22Jun2025 03:47:36.142] [main/DEBUG] [mixin/]: Mixing networkstats.CCustomPayloadLoginPacketNameMixin from connectivity.mixins.json into net.minecraft.network.protocol.login.ServerboundCustomQueryPacket
[22Jun2025 03:47:36.154] [main/DEBUG] [mixin/]: Mixing networkstats.SCustomPayloadLoginPacketNameMixin from connectivity.mixins.json into net.minecraft.network.protocol.login.ClientboundCustomQueryPacket
[22Jun2025 03:47:36.352] [main/DEBUG] [mixin/]: Mixing BlockEntityMixin from collective_forge.mixins.json into net.minecraft.world.level.block.entity.BlockEntity
[22Jun2025 03:47:36.383] [main/DEBUG] [mixin/]: Mixing MixinFallingBlockEntity from architectury.mixins.json into net.minecraft.world.entity.item.FallingBlockEntity
[22Jun2025 03:47:36.693] [main/DEBUG] [mixin/]: Mixing KeepRichSoilTreeMixin from farmersdelight.mixins.json into net.minecraft.world.level.levelgen.feature.trunkplacers.TrunkPlacer
[22Jun2025 03:47:36.694] [main/DEBUG] [mixin/]: Renaming synthetic method lambda$cancelSetDirtIfRichSoil$0(Lnet/minecraft/world/level/block/state/BlockState;)Z to md1cdd9f$lambda$cancelSetDirtIfRichSoil$0$0 in farmersdelight.mixins.json:KeepRichSoilTreeMixin
[22Jun2025 03:47:36.902] [main/DEBUG] [mixin/]: Mixing AbstractContainerMenuInvoker from placebo.mixins.json into net.minecraft.world.inventory.AbstractContainerMenu
[22Jun2025 03:47:36.903] [main/DEBUG] [mixin/]: Mixing accessor.AbstractContainerMenuAccessor from puzzleslib.common.mixins.json into net.minecraft.world.inventory.AbstractContainerMenu
[22Jun2025 03:47:36.989] [main/DEBUG] [mixin/]: Mixing AbstractArrowMixin from l2library.mixins.json into net.minecraft.world.entity.projectile.AbstractArrow
[22Jun2025 03:47:36.993] [main/DEBUG] [mixin/]: l2library.mixins.json:AbstractArrowMixin: Class version 61 required is higher than the class version supported by the current version of Mixin (JAVA_16 supports class version 60)
[22Jun2025 03:47:37.319] [main/DEBUG] [net.minecraftforge.coremod.transformer.CoreModBaseTransformer/COREMOD]: Transforming net/minecraft/world/item/ItemStack
[22Jun2025 03:47:37.321] [main/DEBUG] [mixin/]: Mixing ItemStackMixin from fastsuite.mixins.json into net.minecraft.world.item.ItemStack
[22Jun2025 03:47:37.323] [main/DEBUG] [mixin/]: Mixing ItemStackMixin from placebo.mixins.json into net.minecraft.world.item.ItemStack
[22Jun2025 03:47:37.326] [main/DEBUG] [mixin/]: Renaming synthetic method lambda$getOrCreate$0(Ljava/util/function/Function;Ljava/util/function/ToIntFunction;Lnet/minecraft/resources/ResourceLocation;)Ldev/shadowsoffire/placebo/util/CachedObject; to md1cdd9f$lambda$getOrCreate$0$0 in placebo.mixins.json:ItemStackMixin
[22Jun2025 03:47:37.334] [main/DEBUG] [mixin/]: Mixing StackMixin from fcl.mixins.json into net.minecraft.world.item.ItemStack
[22Jun2025 03:47:37.337] [main/DEBUG] [mixin/]: Mixing ItemStackMixin from l2complements.mixins.json into net.minecraft.world.item.ItemStack
[22Jun2025 03:47:37.338] [main/DEBUG] [net.minecraftforge.coremod.transformer.CoreModBaseTransformer/COREMOD]: Transforming getEnchantmentLevel with desc (Lnet/minecraft/world/item/enchantment/Enchantment;)I
[22Jun2025 03:47:37.340] [main/INFO] [net.minecraftforge.coremod.CoreMod.placebo/COREMODLOG]: Patching IForgeItemStack#getEnchantmentLevel
[22Jun2025 03:47:37.342] [main/DEBUG] [net.minecraftforge.coremod.transformer.CoreModBaseTransformer/COREMOD]: Transforming getAllEnchantments with desc ()Ljava/util/Map;
[22Jun2025 03:47:37.343] [main/INFO] [net.minecraftforge.coremod.CoreMod.placebo/COREMODLOG]: Patching IForgeItemStack#getEnchantmentLevel
[22Jun2025 03:47:37.353] [main/DEBUG] [mixin/]: Renaming synthetic method lambda$l2complements_hurtAndBreak_lifeSync$0(Lnet/minecraft/world/entity/LivingEntity;I)V to md1cdd9f$lambda$l2complements_hurtAndBreak_lifeSync$0$1 in l2complements.mixins.json:ItemStackMixin
[22Jun2025 03:47:37.381] [main/DEBUG] [mixin/]: Mixing ItemStackMixin from l2weaponry.mixins.json into net.minecraft.world.item.ItemStack
[22Jun2025 03:47:37.446] [main/DEBUG] [net.minecraftforge.coremod.transformer.CoreModBaseTransformer/COREMOD]: Transforming getEnchantmentLevel with desc (Lnet/minecraft/world/item/enchantment/Enchantment;)I
[22Jun2025 03:47:37.447] [main/INFO] [net.minecraftforge.coremod.CoreMod.placebo/COREMODLOG]: Patching IForgeItemStack#getEnchantmentLevel
[22Jun2025 03:47:37.450] [main/DEBUG] [net.minecraftforge.coremod.transformer.CoreModBaseTransformer/COREMOD]: Transforming getAllEnchantments with desc ()Ljava/util/Map;
[22Jun2025 03:47:37.452] [main/INFO] [net.minecraftforge.coremod.CoreMod.placebo/COREMODLOG]: Patching IForgeItemStack#getEnchantmentLevel
[22Jun2025 03:47:37.817] [main/DEBUG] [mixin/]: Mixing TheEndGatewayBlockEntityMixin from betterendisland.mixins.json into net.minecraft.world.level.block.entity.TheEndGatewayBlockEntity
[22Jun2025 03:47:38.172] [main/DEBUG] [mixin/]: Mixing MixinLightningBolt from architectury-common.mixins.json into net.minecraft.world.entity.LightningBolt
[22Jun2025 03:47:38.176] [main/DEBUG] [mixin/]: Mixing LightningBoltMixin from l2weaponry.mixins.json into net.minecraft.world.entity.LightningBolt
[22Jun2025 03:47:38.237] [main/DEBUG] [net.minecraftforge.coremod.transformer.CoreModBaseTransformer/COREMOD]: Transforming net/minecraft/world/entity/animal/frog/Tadpole
[22Jun2025 03:47:38.303] [main/DEBUG] [mixin/]: Mixing accessor.BlockItemAccessor from puzzleslib.common.mixins.json into net.minecraft.world.item.BlockItem
[22Jun2025 03:47:38.328] [main/DEBUG] [mixin/]: Mixing SoupItemMixin from farmersdelight.mixins.json into net.minecraft.world.item.BowlFoodItem
[22Jun2025 03:47:38.407] [main/DEBUG] [net.minecraftforge.coremod.transformer.CoreModBaseTransformer/COREMOD]: Transforming net/minecraft/world/item/BucketItem
[22Jun2025 03:47:38.408] [main/DEBUG] [mixin/]: Mixing inject.MixinBucketItem from architectury-common.mixins.json into net.minecraft.world.item.BucketItem
[22Jun2025 03:47:38.418] [main/DEBUG] [mixin/]: Mixing BoneMealItemMixin from collective_forge.mixins.json into net.minecraft.world.item.BoneMealItem
[22Jun2025 03:47:38.461] [main/DEBUG] [mixin/]: Mixing inject.MixinItemProperties from architectury-common.mixins.json into net.minecraft.world.item.Item$Properties
[22Jun2025 03:47:38.571] [main/DEBUG] [mixin/]: Mixing perf.dynamic_dfu.EntityTypeBuilderMixin from modernfix-common.mixins.json into net.minecraft.world.entity.EntityType$Builder
[22Jun2025 03:47:38.610] [main/DEBUG] [mixin/]: Mixing perf.ticking_chunk_alloc.BatMixin from modernfix-common.mixins.json into net.minecraft.world.entity.ambient.Bat
[22Jun2025 03:47:38.751] [main/DEBUG] [mixin/]: Mixing TargetGoalAccessor from l2weaponry.mixins.json into net.minecraft.world.entity.ai.goal.target.TargetGoal
[22Jun2025 03:47:38.810] [main/DEBUG] [net.minecraftforge.coremod.transformer.CoreModBaseTransformer/COREMOD]: Transforming net/minecraft/world/entity/monster/Spider
[22Jun2025 03:47:38.915] [main/DEBUG] [mixin/]: Mixing DrownedMixin from l2weaponry.mixins.json into net.minecraft.world.entity.monster.Drowned
[22Jun2025 03:47:38.916] [main/DEBUG] [net.minecraftforge.coremod.transformer.CoreModBaseTransformer/COREMOD]: Transforming net/minecraft/world/entity/monster/Zombie
[22Jun2025 03:47:39.126] [main/DEBUG] [net.minecraftforge.coremod.transformer.CoreModBaseTransformer/COREMOD]: Transforming net/minecraft/world/entity/monster/Zombie
[22Jun2025 03:47:39.314] [main/DEBUG] [net.minecraftforge.coremod.transformer.CoreModBaseTransformer/COREMOD]: Transforming net/minecraft/world/entity/monster/ZombieVillager
[22Jun2025 03:47:39.412] [main/DEBUG] [mixin/]: Mixing DrownedTridentAttackGoalMixin from l2weaponry.mixins.json into net.minecraft.world.entity.monster.Drowned$DrownedTridentAttackGoal
[22Jun2025 03:47:39.488] [main/DEBUG] [net.minecraftforge.coremod.transformer.CoreModBaseTransformer/COREMOD]: Transforming net/minecraft/world/entity/monster/Evoker$EvokerSummonSpellGoal
[22Jun2025 03:47:39.888] [main/DEBUG] [mixin/]: Mixing RabbitsEatCabbageMixin from farmersdelight.mixins.json into net.minecraft.world.entity.animal.Rabbit
[22Jun2025 03:47:39.945] [main/DEBUG] [net.minecraftforge.coremod.transformer.CoreModBaseTransformer/COREMOD]: Transforming net/minecraft/world/entity/animal/horse/SkeletonTrapGoal
[22Jun2025 03:47:39.999] [main/DEBUG] [net.minecraftforge.coremod.transformer.CoreModBaseTransformer/COREMOD]: Transforming net/minecraft/world/entity/monster/Strider
[22Jun2025 03:47:40.153] [main/DEBUG] [mixin/]: Mixing common.PoseMixin from parcool.mixins.json into net.minecraft.world.entity.Pose
[22Jun2025 03:47:40.154] [main/DEBUG] [mixin/]: parcool.mixins.json:common.PoseMixin: Class version 61 required is higher than the class version supported by the current version of Mixin (JAVA_8 supports class version 52)
[22Jun2025 03:47:40.155] [main/DEBUG] [mixin/]: Renaming @Invoker method newPose(Ljava/lang/String;I)Lnet/minecraft/world/entity/Pose; to newPose_$md$1cdd9f$0 in parcool.mixins.json:common.PoseMixin
[22Jun2025 03:47:40.203] [main/DEBUG] [mixin/]: Mixing ServerPlayerMixin from betterendisland.mixins.json into net.minecraft.server.level.ServerPlayer
[22Jun2025 03:47:40.207] [main/DEBUG] [mixin/]: Mixing ServerPlayerEntityTickMixin from yungsapi.mixins.json into net.minecraft.server.level.ServerPlayer
[22Jun2025 03:47:40.208] [main/DEBUG] [mixin/]: Mixing ServerPlayerMixin from nerb-common.mixins.json into net.minecraft.server.level.ServerPlayer
[22Jun2025 03:47:40.209] [main/DEBUG] [mixin/]: Mixing ServerPlayerMixin from l2screentracker.mixins.json into net.minecraft.server.level.ServerPlayer
[22Jun2025 03:47:40.265] [main/DEBUG] [mixin/]: Mixing perf.ticking_chunk_alloc.ChunkAccessMixin from modernfix-common.mixins.json into net.minecraft.world.level.chunk.ChunkAccess
[22Jun2025 03:47:40.267] [main/DEBUG] [mixin/]: Mixing common.chunk.ChunkAccessMixin from starlight.mixins.json into net.minecraft.world.level.chunk.ChunkAccess
[22Jun2025 03:47:40.271] [main/DEBUG] [mixin/]: Mixing ChunkAccessMixin from smoothchunk.mixins.json into net.minecraft.world.level.chunk.ChunkAccess
[22Jun2025 03:47:40.282] [main/DEBUG] [mixin/]: Mixing ChunkSectionReadSkipMixin from connectivity.mixins.json into net.minecraft.world.level.chunk.LevelChunk
[22Jun2025 03:47:40.285] [main/DEBUG] [mixin/]: Mixing common.chunk.LevelChunkMixin from starlight.mixins.json into net.minecraft.world.level.chunk.LevelChunk
[22Jun2025 03:47:40.290] [main/DEBUG] [mixin/]: Mixing ChunkMixin from fcl.mixins.json into net.minecraft.world.level.chunk.LevelChunk
[22Jun2025 03:47:40.356] [main/DEBUG] [net.minecraftforge.coremod.transformer.CoreModBaseTransformer/COREMOD]: Transforming net/minecraft/world/entity/npc/Villager
[22Jun2025 03:47:40.674] [main/DEBUG] [mixin/]: Mixing inject.MixinFoodPropertiesBuilder from architectury-common.mixins.json into net.minecraft.world.food.FoodProperties$Builder
[22Jun2025 03:47:40.677] [main/DEBUG] [net.minecraftforge.coremod.transformer.CoreModBaseTransformer/COREMOD]: Transforming net/minecraft/world/effect/MobEffectInstance
[22Jun2025 03:47:40.725] [main/DEBUG] [mixin/]: Mixing bugfix.forge_vehicle_packets.ServerGamePacketListenerImplMixin from modernfix-forge.mixins.json into net.minecraft.server.network.ServerGamePacketListenerImpl
[22Jun2025 03:47:40.727] [main/DEBUG] [mixin/]: Mixing ServerPlayNetHandlerMixin from connectivity.mixins.json into net.minecraft.server.network.ServerGamePacketListenerImpl
[22Jun2025 03:47:40.728] [main/DEBUG] [mixin/]: Renaming synthetic method lambda$on$0(Lnet/minecraft/network/chat/Component;)V to md1cdd9f$lambda$on$0$0 in connectivity.mixins.json:ServerPlayNetHandlerMixin
[22Jun2025 03:47:40.768] [main/DEBUG] [mixin/]: Mixing accessor.PotionBrewingAccessor from yungsapi.mixins.json into net.minecraft.world.item.alchemy.PotionBrewing
[22Jun2025 03:47:40.768] [main/DEBUG] [mixin/]: Renaming @Invoker method callAddMix(Lnet/minecraft/world/item/alchemy/Potion;Lnet/minecraft/world/item/Item;Lnet/minecraft/world/item/alchemy/Potion;)V to callAddMix_$md$1cdd9f$0 in yungsapi.mixins.json:accessor.PotionBrewingAccessor
[22Jun2025 03:47:40.768] [main/DEBUG] [mixin/]: Mixing accessor.PotionBrewingForgeAccessor from puzzleslib.forge.mixins.json into net.minecraft.world.item.alchemy.PotionBrewing
[22Jun2025 03:47:40.769] [main/DEBUG] [mixin/]: Renaming @Accessor method puzzleslib$getPotionMixes()Ljava/util/List; to puzzleslib$getPotionMixes_$md$1cdd9f$1 in puzzleslib.forge.mixins.json:accessor.PotionBrewingForgeAccessor
[22Jun2025 03:47:40.769] [main/DEBUG] [mixin/]: Renaming @Accessor method puzzleslib$getContainerMixes()Ljava/util/List; to puzzleslib$getContainerMixes_$md$1cdd9f$2 in puzzleslib.forge.mixins.json:accessor.PotionBrewingForgeAccessor
[22Jun2025 03:47:40.769] [main/DEBUG] [mixin/]: Renaming @Accessor method puzzleslib$getAllowedContainers()Ljava/util/List; to puzzleslib$getAllowedContainers_$md$1cdd9f$3 in puzzleslib.forge.mixins.json:accessor.PotionBrewingForgeAccessor
[22Jun2025 03:47:40.789] [main/DEBUG] [mixin/]: Mixing perf.nbt_memory_usage.CompoundTagMixin from modernfix-common.mixins.json into net.minecraft.nbt.CompoundTag
[22Jun2025 03:47:40.817] [main/DEBUG] [mixin/]: Mixing perf.nbt_memory_usage.CompoundTag1Mixin from modernfix-common.mixins.json into net.minecraft.nbt.CompoundTag$1
[22Jun2025 03:47:41.000] [main/DEBUG] [mixin/]: Mixing accessor.StructureProcessorAccessor from betterjungletemples.mixins.json into net.minecraft.world.level.levelgen.structure.templatesystem.StructureProcessor
[22Jun2025 03:47:41.049] [main/DEBUG] [mixin/]: Mixing common.lightengine.LevelLightEngineMixin from starlight.mixins.json into net.minecraft.world.level.lighting.LevelLightEngine
[22Jun2025 03:47:41.052] [main/DEBUG] [mixin/]: Renaming synthetic method lambda$clientUpdateLight$1(J)[Lca/spottedleaf/starlight/common/light/SWMRNibbleArray; to md1cdd9f$lambda$clientUpdateLight$1$0 in starlight.mixins.json:common.lightengine.LevelLightEngineMixin
[22Jun2025 03:47:41.052] [main/DEBUG] [mixin/]: Renaming synthetic method lambda$clientUpdateLight$0(J)[Lca/spottedleaf/starlight/common/light/SWMRNibbleArray; to md1cdd9f$lambda$clientUpdateLight$0$1 in starlight.mixins.json:common.lightengine.LevelLightEngineMixin
[22Jun2025 03:47:41.097] [main/DEBUG] [mixin/]: Mixing common.lightengine.ThreadedLevelLightEngineMixin from starlight.mixins.json into net.minecraft.server.level.ThreadedLevelLightEngine
[22Jun2025 03:47:41.104] [main/DEBUG] [mixin/]: Renaming synthetic method lambda$lightChunk$7(Lnet/minecraft/world/level/ChunkPos;Lnet/minecraft/world/level/chunk/ChunkAccess;Ljava/lang/Throwable;)V to md1cdd9f$lambda$lightChunk$7$0 in starlight.mixins.json:common.lightengine.ThreadedLevelLightEngineMixin
[22Jun2025 03:47:41.105] [main/DEBUG] [mixin/]: Renaming synthetic method lambda$lightChunk$6(Lnet/minecraft/world/level/ChunkPos;Ljava/lang/Runnable;)V to md1cdd9f$lambda$lightChunk$6$1 in starlight.mixins.json:common.lightengine.ThreadedLevelLightEngineMixin
[22Jun2025 03:47:41.105] [main/DEBUG] [mixin/]: Renaming synthetic method lambda$lightChunk$5(Lnet/minecraft/world/level/chunk/ChunkAccess;ZLnet/minecraft/world/level/ChunkPos;)Lnet/minecraft/world/level/chunk/ChunkAccess; to md1cdd9f$lambda$lightChunk$5$2 in starlight.mixins.json:common.lightengine.ThreadedLevelLightEngineMixin
[22Jun2025 03:47:41.105] [main/DEBUG] [mixin/]: Renaming synthetic method lambda$updateSectionStatus$4(Lnet/minecraft/core/SectionPos;Z)Ljava/util/concurrent/CompletableFuture; to md1cdd9f$lambda$updateSectionStatus$4$3 in starlight.mixins.json:common.lightengine.ThreadedLevelLightEngineMixin
[22Jun2025 03:47:41.105] [main/DEBUG] [mixin/]: Renaming synthetic method lambda$checkBlock$3(Lnet/minecraft/core/BlockPos;)Ljava/util/concurrent/CompletableFuture; to md1cdd9f$lambda$checkBlock$3$4 in starlight.mixins.json:common.lightengine.ThreadedLevelLightEngineMixin
[22Jun2025 03:47:41.106] [main/DEBUG] [mixin/]: Renaming synthetic method lambda$queueTaskForSection$2(IILjava/lang/Void;Ljava/lang/Throwable;)V to md1cdd9f$lambda$queueTaskForSection$2$5 in starlight.mixins.json:common.lightengine.ThreadedLevelLightEngineMixin
[22Jun2025 03:47:41.106] [main/DEBUG] [mixin/]: Renaming synthetic method lambda$queueTaskForSection$1(JIILnet/minecraft/server/level/ServerLevel;Ljava/lang/Void;)V to md1cdd9f$lambda$queueTaskForSection$1$6 in starlight.mixins.json:common.lightengine.ThreadedLevelLightEngineMixin
[22Jun2025 03:47:41.106] [main/DEBUG] [mixin/]: Renaming synthetic method lambda$queueTaskForSection$0(IIILjava/util/function/Supplier;)V to md1cdd9f$lambda$queueTaskForSection$0$7 in starlight.mixins.json:common.lightengine.ThreadedLevelLightEngineMixin
[22Jun2025 03:47:41.161] [main/DEBUG] [mixin/]: Mixing perf.dynamic_structure_manager.StructureManagerMixin from modernfix-common.mixins.json into net.minecraft.world.level.levelgen.structure.templatesystem.StructureTemplateManager
[22Jun2025 03:47:41.166] [main/DEBUG] [mixin/]: Mixing perf.cache_upgraded_structures.StructureManagerMixin from modernfix-common.mixins.json into net.minecraft.world.level.levelgen.structure.templatesystem.StructureTemplateManager
[22Jun2025 03:47:41.181] [main/DEBUG] [mixin/]: Mixing DisableVanillaFortressesMixin from betterfortresses.mixins.json into net.minecraft.world.level.chunk.ChunkGenerator
[22Jun2025 03:47:41.193] [main/DEBUG] [net.minecraftforge.coremod.transformer.CoreModBaseTransformer/COREMOD]: Transforming net/minecraft/world/level/levelgen/structure/Structure
[22Jun2025 03:47:41.216] [main/DEBUG] [mixin/]: Mixing DisableVanillaStrongholdsMixin from betterstrongholds.mixins.json into net.minecraft.world.level.chunk.ChunkGenerator
[22Jun2025 03:47:41.220] [main/DEBUG] [mixin/]: Mixing DisableVanillaJungleTempleMixin from betterjungletemples.mixins.json into net.minecraft.world.level.chunk.ChunkGenerator
[22Jun2025 03:47:41.293] [main/DEBUG] [mixin/]: Mixing accessor.SimpleContainerAccessor from puzzleslib.common.mixins.json into net.minecraft.world.SimpleContainer
[22Jun2025 03:47:42.398] [main/DEBUG] [mixin/]: Mixing NoVinesInTemplesMixin from betterjungletemples.mixins.json into net.minecraft.world.level.levelgen.feature.VinesFeature
[22Jun2025 03:47:42.450] [main/DEBUG] [mixin/]: Mixing SpikeFeatureMixin from betterendisland.mixins.json into net.minecraft.world.level.levelgen.feature.SpikeFeature
[22Jun2025 03:47:42.471] [main/DEBUG] [mixin/]: Mixing EndGatewayFeatureMixin from betterendisland.mixins.json into net.minecraft.world.level.levelgen.feature.EndGatewayFeature
[22Jun2025 03:47:42.515] [main/DEBUG] [mixin/]: Mixing NoBasaltColumnsInStructuresMixin from betterfortresses.mixins.json into net.minecraft.world.level.levelgen.feature.BasaltColumnsFeature
[22Jun2025 03:47:42.540] [main/DEBUG] [mixin/]: Mixing NoDeltasInStructuresMixin from betterfortresses.mixins.json into net.minecraft.world.level.levelgen.feature.DeltaFeature
[22Jun2025 03:47:42.675] [main/DEBUG] [mixin/]: Mixing EndSpikeMixin from betterendisland.mixins.json into net.minecraft.world.level.levelgen.feature.SpikeFeature$EndSpike
[22Jun2025 03:47:42.762] [main/DEBUG] [net.minecraftforge.coremod.transformer.CoreModBaseTransformer/COREMOD]: Transforming net/minecraft/world/level/levelgen/structure/Structure
[22Jun2025 03:47:42.822] [main/DEBUG] [net.minecraftforge.coremod.transformer.CoreModBaseTransformer/COREMOD]: Transforming net/minecraft/world/level/levelgen/structure/structures/OceanRuinPieces$OceanRuinPiece
[22Jun2025 03:47:42.862] [main/DEBUG] [net.minecraftforge.coremod.transformer.CoreModBaseTransformer/COREMOD]: Transforming net/minecraft/world/level/levelgen/structure/structures/SwampHutPiece
[22Jun2025 03:47:42.911] [main/DEBUG] [net.minecraftforge.coremod.transformer.CoreModBaseTransformer/COREMOD]: Transforming net/minecraft/world/level/levelgen/structure/structures/OceanMonumentPieces$OceanMonumentPiece
[22Jun2025 03:47:42.964] [main/DEBUG] [net.minecraftforge.coremod.transformer.CoreModBaseTransformer/COREMOD]: Transforming net/minecraft/world/level/levelgen/structure/structures/WoodlandMansionPieces$WoodlandMansionPiece
[22Jun2025 03:47:43.033] [main/DEBUG] [mixin/]: Mixing accessor.StructureTemplatePoolAccessor from yungsapi.mixins.json into net.minecraft.world.level.levelgen.structure.pools.StructureTemplatePool
[22Jun2025 03:47:43.035] [main/DEBUG] [mixin/]: Mixing IncreaseStructureWeightLimitMixinForge from yungsapi_forge.mixins.json into net.minecraft.world.level.levelgen.structure.pools.StructureTemplatePool
[22Jun2025 03:47:43.230] [main/DEBUG] [net.minecraftforge.coremod.transformer.CoreModBaseTransformer/COREMOD]: Transforming net/minecraft/world/level/biome/Biome
[22Jun2025 03:47:43.232] [main/DEBUG] [mixin/]: Mixing perf.remove_biome_temperature_cache.BiomeMixin from modernfix-common.mixins.json into net.minecraft.world.level.biome.Biome
[22Jun2025 03:47:43.234] [main/DEBUG] [mixin/]: Mixing biomeTemperatureLeak.Biome_threadLocalMixin from memoryleakfix.mixins.json into net.minecraft.world.level.biome.Biome
[22Jun2025 03:47:43.304] [main/DEBUG] [mixin/]: Mixing accessor.MobSpawnSettingsBuilderForgeAccessor from puzzleslib.forge.mixins.json into net.minecraft.world.level.biome.MobSpawnSettings$Builder
[22Jun2025 03:47:43.623] [main/DEBUG] [mixin/]: Mixing accessor.SinglePoolElementAccessor from yungsapi.mixins.json into net.minecraft.world.level.levelgen.structure.pools.SinglePoolElement
[22Jun2025 03:47:43.636] [main/DEBUG] [mixin/]: Mixing accessor.ListPoolElementAccessor from yungsapi.mixins.json into net.minecraft.world.level.levelgen.structure.pools.ListPoolElement
[22Jun2025 03:47:43.642] [main/DEBUG] [mixin/]: Mixing accessor.FeaturePoolElementAccessor from yungsapi.mixins.json into net.minecraft.world.level.levelgen.structure.pools.FeaturePoolElement
[22Jun2025 03:47:44.054] [main/DEBUG] [net.minecraftforge.common.ForgeI18n/CORE]: Loading I18N data entries: 6430
[22Jun2025 03:47:44.072] [main/DEBUG] [net.minecraftforge.fml.ModWorkManager/LOADING]: Using 2 threads for parallel mod-loading
[22Jun2025 03:47:44.082] [main/DEBUG] [net.minecraftforge.fml.javafmlmod.FMLJavaModLanguageProvider/LOADING]: Loading FMLModContainer from classloader cpw.mods.modlauncher.TransformingClassLoader@17fede14 - got cpw.mods.cl.ModuleClassLoader@4af46df3
[22Jun2025 03:47:44.082] [main/DEBUG] [net.minecraftforge.fml.javafmlmod.FMLModContainer/LOADING]: Creating FMLModContainer instance for software.bernie.example.GeckoLibMod
[22Jun2025 03:47:44.084] [main/DEBUG] [net.minecraftforge.fml.javafmlmod.FMLJavaModLanguageProvider/LOADING]: Loading FMLModContainer from classloader cpw.mods.modlauncher.TransformingClassLoader@17fede14 - got cpw.mods.cl.ModuleClassLoader@4af46df3
[22Jun2025 03:47:44.085] [main/DEBUG] [net.minecraftforge.fml.javafmlmod.FMLModContainer/LOADING]: Creating FMLModContainer instance for com.limitedchunks.LimitedChunks
[22Jun2025 03:47:44.087] [main/DEBUG] [net.minecraftforge.fml.lowcodemod.LowCodeModLanguageProvider.LowCodeModTarget/LOADING]: Loading LowCodeModContainer from classloader cpw.mods.modlauncher.TransformingClassLoader@17fede14 - got cpw.mods.cl.ModuleClassLoader@4af46df3
[22Jun2025 03:47:44.087] [main/DEBUG] [net.minecraftforge.fml.lowcodemod.LowCodeModContainer/LOADING]: Creating LowCodeModContainer for moregateways
[22Jun2025 03:47:44.087] [main/DEBUG] [net.minecraftforge.fml.javafmlmod.FMLJavaModLanguageProvider/LOADING]: Loading FMLModContainer from classloader cpw.mods.modlauncher.TransformingClassLoader@17fede14 - got cpw.mods.cl.ModuleClassLoader@4af46df3
[22Jun2025 03:47:44.087] [main/DEBUG] [net.minecraftforge.fml.javafmlmod.FMLModContainer/LOADING]: Creating FMLModContainer instance for net.tia.rottenfleshtoleather.RottenFleshToLeatherMod
[22Jun2025 03:47:44.088] [main/DEBUG] [net.minecraftforge.fml.javafmlmod.FMLJavaModLanguageProvider/LOADING]: Loading FMLModContainer from classloader cpw.mods.modlauncher.TransformingClassLoader@17fede14 - got cpw.mods.cl.ModuleClassLoader@4af46df3
[22Jun2025 03:47:44.088] [main/DEBUG] [net.minecraftforge.fml.javafmlmod.FMLModContainer/LOADING]: Creating FMLModContainer instance for com.connectivity.Connectivity
[22Jun2025 03:47:44.089] [main/DEBUG] [net.minecraftforge.fml.javafmlmod.FMLJavaModLanguageProvider/LOADING]: Loading FMLModContainer from classloader cpw.mods.modlauncher.TransformingClassLoader@17fede14 - got cpw.mods.cl.ModuleClassLoader@4af46df3
[22Jun2025 03:47:44.089] [main/DEBUG] [net.minecraftforge.fml.javafmlmod.FMLModContainer/LOADING]: Creating FMLModContainer instance for top.theillusivec4.caelus.Caelus
[22Jun2025 03:47:44.090] [main/DEBUG] [net.minecraftforge.fml.javafmlmod.FMLJavaModLanguageProvider/LOADING]: Loading FMLModContainer from classloader cpw.mods.modlauncher.TransformingClassLoader@17fede14 - got cpw.mods.cl.ModuleClassLoader@4af46df3
[22Jun2025 03:47:44.090] [main/DEBUG] [net.minecraftforge.fml.javafmlmod.FMLModContainer/LOADING]: Creating FMLModContainer instance for net.p3pp3rf1y.sophisticatedcore.SophisticatedCore
[22Jun2025 03:47:44.091] [main/DEBUG] [net.minecraftforge.fml.javafmlmod.FMLJavaModLanguageProvider/LOADING]: Loading FMLModContainer from classloader cpw.mods.modlauncher.TransformingClassLoader@17fede14 - got cpw.mods.cl.ModuleClassLoader@4af46df3
[22Jun2025 03:47:44.091] [main/DEBUG] [net.minecraftforge.fml.javafmlmod.FMLModContainer/LOADING]: Creating FMLModContainer instance for com.illusivesoulworks.colytra.ColytraForgeMod
[22Jun2025 03:47:44.092] [main/DEBUG] [net.minecraftforge.fml.javafmlmod.FMLJavaModLanguageProvider/LOADING]: Loading FMLModContainer from classloader cpw.mods.modlauncher.TransformingClassLoader@17fede14 - got cpw.mods.cl.ModuleClassLoader@4af46df3
[22Jun2025 03:47:44.092] [main/DEBUG] [net.minecraftforge.fml.javafmlmod.FMLModContainer/LOADING]: Creating FMLModContainer instance for com.natamus.villagernames.ModForge
[22Jun2025 03:47:44.093] [main/DEBUG] [net.minecraftforge.fml.javafmlmod.FMLJavaModLanguageProvider/LOADING]: Loading FMLModContainer from classloader cpw.mods.modlauncher.TransformingClassLoader@17fede14 - got cpw.mods.cl.ModuleClassLoader@4af46df3
[22Jun2025 03:47:44.093] [main/DEBUG] [net.minecraftforge.fml.javafmlmod.FMLModContainer/LOADING]: Creating FMLModContainer instance for com.mcwpaintings.kikoz.MacawsPaintings
[22Jun2025 03:47:44.094] [main/DEBUG] [net.minecraftforge.fml.javafmlmod.FMLJavaModLanguageProvider/LOADING]: Loading FMLModContainer from classloader cpw.mods.modlauncher.TransformingClassLoader@17fede14 - got cpw.mods.cl.ModuleClassLoader@4af46df3
[22Jun2025 03:47:44.094] [main/DEBUG] [net.minecraftforge.fml.javafmlmod.FMLModContainer/LOADING]: Creating FMLModContainer instance for dev.shadowsoffire.fastsuite.FastSuite
[22Jun2025 03:47:44.095] [main/DEBUG] [net.minecraftforge.fml.javafmlmod.FMLJavaModLanguageProvider/LOADING]: Loading FMLModContainer from classloader cpw.mods.modlauncher.TransformingClassLoader@17fede14 - got cpw.mods.cl.ModuleClassLoader@4af46df3
[22Jun2025 03:47:44.095] [main/DEBUG] [net.minecraftforge.fml.javafmlmod.FMLModContainer/LOADING]: Creating FMLModContainer instance for journeymap.common.Journeymap
[22Jun2025 03:47:44.096] [main/DEBUG] [net.minecraftforge.fml.javafmlmod.FMLJavaModLanguageProvider/LOADING]: Loading FMLModContainer from classloader cpw.mods.modlauncher.TransformingClassLoader@17fede14 - got cpw.mods.cl.ModuleClassLoader@4af46df3
[22Jun2025 03:47:44.097] [main/DEBUG] [net.minecraftforge.fml.javafmlmod.FMLModContainer/LOADING]: Creating FMLModContainer instance for com.fastasyncworldsave.FastAsyncWorldSave
[22Jun2025 03:47:44.097] [main/DEBUG] [net.minecraftforge.fml.javafmlmod.FMLJavaModLanguageProvider/LOADING]: Loading FMLModContainer from classloader cpw.mods.modlauncher.TransformingClassLoader@17fede14 - got cpw.mods.cl.ModuleClassLoader@4af46df3
[22Jun2025 03:47:44.097] [main/DEBUG] [net.minecraftforge.fml.javafmlmod.FMLModContainer/LOADING]: Creating FMLModContainer instance for dev.shadowsoffire.placebo.Placebo
[22Jun2025 03:47:44.098] [main/DEBUG] [net.minecraftforge.fml.javafmlmod.FMLJavaModLanguageProvider/LOADING]: Loading FMLModContainer from classloader cpw.mods.modlauncher.TransformingClassLoader@17fede14 - got cpw.mods.cl.ModuleClassLoader@4af46df3
[22Jun2025 03:47:44.099] [main/DEBUG] [net.minecraftforge.fml.javafmlmod.FMLModContainer/LOADING]: Creating FMLModContainer instance for org.embeddedt.modernfix.forge.init.ModernFixForge
[22Jun2025 03:47:44.100] [main/DEBUG] [net.minecraftforge.fml.javafmlmod.FMLJavaModLanguageProvider/LOADING]: Loading FMLModContainer from classloader cpw.mods.modlauncher.TransformingClassLoader@17fede14 - got cpw.mods.cl.ModuleClassLoader@4af46df3
[22Jun2025 03:47:44.100] [main/DEBUG] [net.minecraftforge.fml.javafmlmod.FMLModContainer/LOADING]: Creating FMLModContainer instance for mezz.jei.forge.JustEnoughItems
[22Jun2025 03:47:44.102] [main/DEBUG] [net.minecraftforge.fml.javafmlmod.FMLJavaModLanguageProvider/LOADING]: Loading FMLModContainer from classloader cpw.mods.modlauncher.TransformingClassLoader@17fede14 - got cpw.mods.cl.ModuleClassLoader@4af46df3
[22Jun2025 03:47:44.102] [main/DEBUG] [net.minecraftforge.fml.javafmlmod.FMLModContainer/LOADING]: Creating FMLModContainer instance for com.yungnickyoung.minecraft.yungsapi.YungsApiForge
[22Jun2025 03:47:44.103] [main/DEBUG] [net.minecraftforge.fml.javafmlmod.FMLJavaModLanguageProvider/LOADING]: Loading FMLModContainer from classloader cpw.mods.modlauncher.TransformingClassLoader@17fede14 - got cpw.mods.cl.ModuleClassLoader@4af46df3
[22Jun2025 03:47:44.103] [main/DEBUG] [net.minecraftforge.fml.javafmlmod.FMLModContainer/LOADING]: Creating FMLModContainer instance for com.llamalad7.mixinextras.platform.forge.MixinExtrasMod
[22Jun2025 03:47:44.104] [main/DEBUG] [net.minecraftforge.fml.javafmlmod.FMLJavaModLanguageProvider/LOADING]: Loading FMLModContainer from classloader cpw.mods.modlauncher.TransformingClassLoader@17fede14 - got cpw.mods.cl.ModuleClassLoader@4af46df3
[22Jun2025 03:47:44.104] [main/DEBUG] [net.minecraftforge.fml.javafmlmod.FMLModContainer/LOADING]: Creating FMLModContainer instance for net.p3pp3rf1y.sophisticatedbackpacks.SophisticatedBackpacks
[22Jun2025 03:47:44.105] [main/DEBUG] [net.minecraftforge.fml.javafmlmod.FMLJavaModLanguageProvider/LOADING]: Loading FMLModContainer from classloader cpw.mods.modlauncher.TransformingClassLoader@17fede14 - got cpw.mods.cl.ModuleClassLoader@4af46df3
[22Jun2025 03:47:44.105] [main/DEBUG] [net.minecraftforge.fml.javafmlmod.FMLModContainer/LOADING]: Creating FMLModContainer instance for ca.spottedleaf.starlight.Starlight
[22Jun2025 03:47:44.106] [main/DEBUG] [net.minecraftforge.fml.javafmlmod.FMLJavaModLanguageProvider/LOADING]: Loading FMLModContainer from classloader cpw.mods.modlauncher.TransformingClassLoader@17fede14 - got cpw.mods.cl.ModuleClassLoader@4af46df3
[22Jun2025 03:47:44.106] [main/DEBUG] [net.minecraftforge.fml.javafmlmod.FMLModContainer/LOADING]: Creating FMLModContainer instance for net.mcreator.oceanicdelight.OceanicDelightMod
[22Jun2025 03:47:44.106] [main/DEBUG] [net.minecraftforge.fml.javafmlmod.FMLJavaModLanguageProvider/LOADING]: Loading FMLModContainer from classloader cpw.mods.modlauncher.TransformingClassLoader@17fede14 - got cpw.mods.cl.ModuleClassLoader@4af46df3
[22Jun2025 03:47:44.107] [main/DEBUG] [net.minecraftforge.fml.javafmlmod.FMLModContainer/LOADING]: Creating FMLModContainer instance for ca.fxco.memoryleakfix.forge.MemoryLeakFixForge
[22Jun2025 03:47:44.107] [main/DEBUG] [net.minecraftforge.fml.javafmlmod.FMLJavaModLanguageProvider/LOADING]: Loading FMLModContainer from classloader cpw.mods.modlauncher.TransformingClassLoader@17fede14 - got cpw.mods.cl.ModuleClassLoader@4af46df3
[22Jun2025 03:47:44.108] [main/DEBUG] [net.minecraftforge.fml.javafmlmod.FMLModContainer/LOADING]: Creating FMLModContainer instance for fuzs.puzzlesaccessapi.forge.PuzzlesAccessApiForge
[22Jun2025 03:47:44.108] [main/DEBUG] [net.minecraftforge.fml.javafmlmod.FMLJavaModLanguageProvider/LOADING]: Loading FMLModContainer from classloader cpw.mods.modlauncher.TransformingClassLoader@17fede14 - got cpw.mods.cl.ModuleClassLoader@4af46df3
[22Jun2025 03:47:44.108] [main/DEBUG] [net.minecraftforge.fml.javafmlmod.FMLModContainer/LOADING]: Creating FMLModContainer instance for com.yungnickyoung.minecraft.betterfortresses.BetterFortressesForge
[22Jun2025 03:47:44.109] [main/DEBUG] [net.minecraftforge.fml.javafmlmod.FMLJavaModLanguageProvider/LOADING]: Loading FMLModContainer from classloader cpw.mods.modlauncher.TransformingClassLoader@17fede14 - got cpw.mods.cl.ModuleClassLoader@4af46df3
[22Jun2025 03:47:44.109] [main/DEBUG] [net.minecraftforge.fml.javafmlmod.FMLModContainer/LOADING]: Creating FMLModContainer instance for me.shedaniel.clothconfig.ClothConfigForge
[22Jun2025 03:47:44.109] [main/DEBUG] [net.minecraftforge.fml.javafmlmod.FMLJavaModLanguageProvider/LOADING]: Loading FMLModContainer from classloader cpw.mods.modlauncher.TransformingClassLoader@17fede14 - got cpw.mods.cl.ModuleClassLoader@4af46df3
[22Jun2025 03:47:44.110] [main/DEBUG] [net.minecraftforge.fml.javafmlmod.FMLModContainer/LOADING]: Creating FMLModContainer instance for net.minecraftforge.common.ForgeMod
[22Jun2025 03:47:44.112] [main/DEBUG] [net.minecraftforge.fml.javafmlmod.FMLJavaModLanguageProvider/LOADING]: Loading FMLModContainer from classloader cpw.mods.modlauncher.TransformingClassLoader@17fede14 - got cpw.mods.cl.ModuleClassLoader@4af46df3
[22Jun2025 03:47:44.112] [main/DEBUG] [net.minecraftforge.fml.javafmlmod.FMLModContainer/LOADING]: Creating FMLModContainer instance for games.twinhead.moreslabsstairsandwalls.forge.MoreSlabsStairsAndWallsForge
[22Jun2025 03:47:44.113] [main/DEBUG] [net.minecraftforge.fml.javafmlmod.FMLJavaModLanguageProvider/LOADING]: Loading FMLModContainer from classloader cpw.mods.modlauncher.TransformingClassLoader@17fede14 - got cpw.mods.cl.ModuleClassLoader@4af46df3
[22Jun2025 03:47:44.113] [main/DEBUG] [net.minecraftforge.fml.javafmlmod.FMLModContainer/LOADING]: Creating FMLModContainer instance for net.mcreator.enemyexpansion.EnemyexpansionMod
[22Jun2025 03:47:44.114] [main/DEBUG] [net.minecraftforge.fml.javafmlmod.FMLJavaModLanguageProvider/LOADING]: Loading FMLModContainer from classloader cpw.mods.modlauncher.TransformingClassLoader@17fede14 - got cpw.mods.cl.ModuleClassLoader@4af46df3
[22Jun2025 03:47:44.114] [main/DEBUG] [net.minecraftforge.fml.javafmlmod.FMLModContainer/LOADING]: Creating FMLModContainer instance for com.smoothchunk.SmoothchunkMod
[22Jun2025 03:47:44.115] [main/DEBUG] [net.minecraftforge.fml.javafmlmod.FMLJavaModLanguageProvider/LOADING]: Loading FMLModContainer from classloader cpw.mods.modlauncher.TransformingClassLoader@17fede14 - got cpw.mods.cl.ModuleClassLoader@4af46df3
[22Jun2025 03:47:44.115] [main/DEBUG] [net.minecraftforge.fml.javafmlmod.FMLModContainer/LOADING]: Creating FMLModContainer instance for vectorwing.farmersdelight.FarmersDelight
[22Jun2025 03:47:44.115] [main/DEBUG] [net.minecraftforge.fml.javafmlmod.FMLJavaModLanguageProvider/LOADING]: Loading FMLModContainer from classloader cpw.mods.modlauncher.TransformingClassLoader@17fede14 - got cpw.mods.cl.ModuleClassLoader@4af46df3
[22Jun2025 03:47:44.115] [main/DEBUG] [net.minecraftforge.fml.javafmlmod.FMLModContainer/LOADING]: Creating FMLModContainer instance for at.nuxnux.skinnedlanterns.SkinnedLanterns
[22Jun2025 03:47:44.116] [main/DEBUG] [net.minecraftforge.fml.javafmlmod.FMLJavaModLanguageProvider/LOADING]: Loading FMLModContainer from classloader cpw.mods.modlauncher.TransformingClassLoader@17fede14 - got cpw.mods.cl.ModuleClassLoader@4af46df3
[22Jun2025 03:47:44.116] [main/DEBUG] [net.minecraftforge.fml.javafmlmod.FMLModContainer/LOADING]: Creating FMLModContainer instance for net.fexcraft.mod.fcl.FCL
[22Jun2025 03:47:44.118] [main/DEBUG] [net.minecraftforge.fml.javafmlmod.FMLJavaModLanguageProvider/LOADING]: Loading FMLModContainer from classloader cpw.mods.modlauncher.TransformingClassLoader@17fede14 - got cpw.mods.cl.ModuleClassLoader@4af46df3
[22Jun2025 03:47:44.118] [main/DEBUG] [net.minecraftforge.fml.javafmlmod.FMLModContainer/LOADING]: Creating FMLModContainer instance for net.fexcraft.mod.fsmm.FSMM
[22Jun2025 03:47:44.120] [main/DEBUG] [net.minecraftforge.fml.javafmlmod.FMLJavaModLanguageProvider/LOADING]: Loading FMLModContainer from classloader cpw.mods.modlauncher.TransformingClassLoader@17fede14 - got cpw.mods.cl.ModuleClassLoader@4af46df3
[22Jun2025 03:47:44.120] [main/DEBUG] [net.minecraftforge.fml.javafmlmod.FMLModContainer/LOADING]: Creating FMLModContainer instance for com.illusivesoulworks.spectrelib.SpectreForgeMod
[22Jun2025 03:47:44.121] [main/DEBUG] [net.minecraftforge.fml.javafmlmod.FMLJavaModLanguageProvider/LOADING]: Loading FMLModContainer from classloader cpw.mods.modlauncher.TransformingClassLoader@17fede14 - got cpw.mods.cl.ModuleClassLoader@4af46df3
[22Jun2025 03:47:44.121] [main/DEBUG] [net.minecraftforge.fml.javafmlmod.FMLModContainer/LOADING]: Creating FMLModContainer instance for ru.vidtu.ksyxis.loaders.KsyxisForge
[22Jun2025 03:47:44.121] [main/DEBUG] [net.minecraftforge.fml.javafmlmod.FMLJavaModLanguageProvider/LOADING]: Loading FMLModContainer from classloader cpw.mods.modlauncher.TransformingClassLoader@17fede14 - got cpw.mods.cl.ModuleClassLoader@4af46df3
[22Jun2025 03:47:44.121] [main/DEBUG] [net.minecraftforge.fml.javafmlmod.FMLModContainer/LOADING]: Creating FMLModContainer instance for com.natamus.collective.CollectiveForge
[22Jun2025 03:47:44.122] [main/DEBUG] [net.minecraftforge.fml.javafmlmod.FMLJavaModLanguageProvider/LOADING]: Loading FMLModContainer from classloader cpw.mods.modlauncher.TransformingClassLoader@17fede14 - got cpw.mods.cl.ModuleClassLoader@4af46df3
[22Jun2025 03:47:44.122] [main/DEBUG] [net.minecraftforge.fml.javafmlmod.FMLModContainer/LOADING]: Creating FMLModContainer instance for com.autovw.advancednetherite.AdvancedNetheriteForge
[22Jun2025 03:47:44.123] [main/DEBUG] [net.minecraftforge.fml.javafmlmod.FMLJavaModLanguageProvider/LOADING]: Loading FMLModContainer from classloader cpw.mods.modlauncher.TransformingClassLoader@17fede14 - got cpw.mods.cl.ModuleClassLoader@4af46df3
[22Jun2025 03:47:44.123] [main/DEBUG] [net.minecraftforge.fml.javafmlmod.FMLModContainer/LOADING]: Creating FMLModContainer instance for com.jaquadro.minecraft.storagedrawers.StorageDrawers
[22Jun2025 03:47:44.124] [main/DEBUG] [net.minecraftforge.fml.javafmlmod.FMLJavaModLanguageProvider/LOADING]: Loading FMLModContainer from classloader cpw.mods.modlauncher.TransformingClassLoader@17fede14 - got cpw.mods.cl.ModuleClassLoader@4af46df3
[22Jun2025 03:47:44.124] [main/DEBUG] [net.minecraftforge.fml.javafmlmod.FMLModContainer/LOADING]: Creating FMLModContainer instance for com.alrex.parcool.ParCool
[22Jun2025 03:47:44.125] [main/DEBUG] [net.minecraftforge.fml.lowcodemod.LowCodeModLanguageProvider.LowCodeModTarget/LOADING]: Loading LowCodeModContainer from classloader cpw.mods.modlauncher.TransformingClassLoader@17fede14 - got cpw.mods.cl.ModuleClassLoader@4af46df3
[22Jun2025 03:47:44.127] [main/DEBUG] [net.minecraftforge.fml.lowcodemod.LowCodeModContainer/LOADING]: Creating LowCodeModContainer for mr_dungeons_andtaverns
[22Jun2025 03:47:44.127] [main/DEBUG] [net.minecraftforge.fml.javafmlmod.FMLJavaModLanguageProvider/LOADING]: Loading FMLModContainer from classloader cpw.mods.modlauncher.TransformingClassLoader@17fede14 - got cpw.mods.cl.ModuleClassLoader@4af46df3
[22Jun2025 03:47:44.127] [main/DEBUG] [net.minecraftforge.fml.javafmlmod.FMLModContainer/LOADING]: Creating FMLModContainer instance for com.yungnickyoung.minecraft.betterstrongholds.BetterStrongholdsForge
[22Jun2025 03:47:44.128] [main/DEBUG] [net.minecraftforge.fml.javafmlmod.FMLJavaModLanguageProvider/LOADING]: Loading FMLModContainer from classloader cpw.mods.modlauncher.TransformingClassLoader@17fede14 - got cpw.mods.cl.ModuleClassLoader@4af46df3
[22Jun2025 03:47:44.128] [main/DEBUG] [net.minecraftforge.fml.javafmlmod.FMLModContainer/LOADING]: Creating FMLModContainer instance for com.phantomwing.rusticdelight.RusticDelight
[22Jun2025 03:47:44.129] [main/DEBUG] [net.minecraftforge.fml.javafmlmod.FMLJavaModLanguageProvider/LOADING]: Loading FMLModContainer from classloader cpw.mods.modlauncher.TransformingClassLoader@17fede14 - got cpw.mods.cl.ModuleClassLoader@4af46df3
[22Jun2025 03:47:44.129] [main/DEBUG] [net.minecraftforge.fml.javafmlmod.FMLModContainer/LOADING]: Creating FMLModContainer instance for dev.architectury.forge.ArchitecturyForge
[22Jun2025 03:47:44.129] [main/DEBUG] [net.minecraftforge.fml.javafmlmod.FMLJavaModLanguageProvider/LOADING]: Loading FMLModContainer from classloader cpw.mods.modlauncher.TransformingClassLoader@17fede14 - got cpw.mods.cl.ModuleClassLoader@4af46df3
[22Jun2025 03:47:44.129] [main/DEBUG] [net.minecraftforge.fml.javafmlmod.FMLModContainer/LOADING]: Creating FMLModContainer instance for it.hurts.octostudios.octolib.forge.OctoLibForge
[22Jun2025 03:47:44.130] [main/DEBUG] [net.minecraftforge.fml.javafmlmod.FMLJavaModLanguageProvider/LOADING]: Loading FMLModContainer from classloader cpw.mods.modlauncher.TransformingClassLoader@17fede14 - got cpw.mods.cl.ModuleClassLoader@4af46df3
[22Jun2025 03:47:44.130] [main/DEBUG] [net.minecraftforge.fml.javafmlmod.FMLModContainer/LOADING]: Creating FMLModContainer instance for it.hurts.octostudios.nerb.forge.NERBForge
[22Jun2025 03:47:44.131] [main/DEBUG] [net.minecraftforge.fml.javafmlmod.FMLJavaModLanguageProvider/LOADING]: Loading FMLModContainer from classloader cpw.mods.modlauncher.TransformingClassLoader@17fede14 - got cpw.mods.cl.ModuleClassLoader@4af46df3
[22Jun2025 03:47:44.131] [main/DEBUG] [net.minecraftforge.fml.javafmlmod.FMLModContainer/LOADING]: Creating FMLModContainer instance for malte0811.ferritecore.ModMainForge
[22Jun2025 03:47:44.131] [main/DEBUG] [net.minecraftforge.fml.javafmlmod.FMLJavaModLanguageProvider/LOADING]: Loading FMLModContainer from classloader cpw.mods.modlauncher.TransformingClassLoader@17fede14 - got cpw.mods.cl.ModuleClassLoader@4af46df3
[22Jun2025 03:47:44.131] [main/DEBUG] [net.minecraftforge.fml.javafmlmod.FMLModContainer/LOADING]: Creating FMLModContainer instance for com.cupboard.Cupboard
[22Jun2025 03:47:44.132] [main/DEBUG] [net.minecraftforge.fml.javafmlmod.FMLJavaModLanguageProvider/LOADING]: Loading FMLModContainer from classloader cpw.mods.modlauncher.TransformingClassLoader@17fede14 - got cpw.mods.cl.ModuleClassLoader@4af46df3
[22Jun2025 03:47:44.133] [main/DEBUG] [net.minecraftforge.fml.javafmlmod.FMLModContainer/LOADING]: Creating FMLModContainer instance for com.yungnickyoung.minecraft.betterendisland.BetterEndIslandForge
[22Jun2025 03:47:44.133] [main/DEBUG] [net.minecraftforge.fml.javafmlmod.FMLJavaModLanguageProvider/LOADING]: Loading FMLModContainer from classloader cpw.mods.modlauncher.TransformingClassLoader@17fede14 - got cpw.mods.cl.ModuleClassLoader@4af46df3
[22Jun2025 03:47:44.134] [main/DEBUG] [net.minecraftforge.fml.javafmlmod.FMLModContainer/LOADING]: Creating FMLModContainer instance for fuzs.puzzleslib.impl.PuzzlesLibForge
[22Jun2025 03:47:44.134] [main/DEBUG] [net.minecraftforge.fml.javafmlmod.FMLJavaModLanguageProvider/LOADING]: Loading FMLModContainer from classloader cpw.mods.modlauncher.TransformingClassLoader@17fede14 - got cpw.mods.cl.ModuleClassLoader@4af46df3
[22Jun2025 03:47:44.134] [main/DEBUG] [net.minecraftforge.fml.javafmlmod.FMLModContainer/LOADING]: Creating FMLModContainer instance for fr.rakambda.fallingtree.forge.FallingTree
[22Jun2025 03:47:44.135] [main/DEBUG] [net.minecraftforge.fml.javafmlmod.FMLJavaModLanguageProvider/LOADING]: Loading FMLModContainer from classloader cpw.mods.modlauncher.TransformingClassLoader@17fede14 - got cpw.mods.cl.ModuleClassLoader@4af46df3
[22Jun2025 03:47:44.135] [main/DEBUG] [net.minecraftforge.fml.javafmlmod.FMLModContainer/LOADING]: Creating FMLModContainer instance for dev.xkmc.l2library.init.L2Library
[22Jun2025 03:47:44.137] [main/DEBUG] [net.minecraftforge.fml.javafmlmod.FMLJavaModLanguageProvider/LOADING]: Loading FMLModContainer from classloader cpw.mods.modlauncher.TransformingClassLoader@17fede14 - got cpw.mods.cl.ModuleClassLoader@4af46df3
[22Jun2025 03:47:44.137] [main/DEBUG] [net.minecraftforge.fml.javafmlmod.FMLModContainer/LOADING]: Creating FMLModContainer instance for dev.xkmc.l2tabs.init.L2Tabs
[22Jun2025 03:47:44.138] [main/DEBUG] [net.minecraftforge.fml.javafmlmod.FMLJavaModLanguageProvider/LOADING]: Loading FMLModContainer from classloader cpw.mods.modlauncher.TransformingClassLoader@17fede14 - got cpw.mods.cl.ModuleClassLoader@4af46df3
[22Jun2025 03:47:44.138] [main/DEBUG] [net.minecraftforge.fml.javafmlmod.FMLModContainer/LOADING]: Creating FMLModContainer instance for dev.xkmc.l2complements.init.L2Complements
[22Jun2025 03:47:44.139] [main/DEBUG] [net.minecraftforge.fml.javafmlmod.FMLJavaModLanguageProvider/LOADING]: Loading FMLModContainer from classloader cpw.mods.modlauncher.TransformingClassLoader@17fede14 - got cpw.mods.cl.ModuleClassLoader@4af46df3
[22Jun2025 03:47:44.139] [main/DEBUG] [net.minecraftforge.fml.javafmlmod.FMLModContainer/LOADING]: Creating FMLModContainer instance for dev.xkmc.l2weaponry.init.L2Weaponry
[22Jun2025 03:47:44.140] [main/DEBUG] [net.minecraftforge.fml.javafmlmod.FMLJavaModLanguageProvider/LOADING]: Loading FMLModContainer from classloader cpw.mods.modlauncher.TransformingClassLoader@17fede14 - got cpw.mods.cl.ModuleClassLoader@4af46df3
[22Jun2025 03:47:44.140] [main/DEBUG] [net.minecraftforge.fml.javafmlmod.FMLModContainer/LOADING]: Creating FMLModContainer instance for dev.xkmc.l2screentracker.init.L2ScreenTracker
[22Jun2025 03:47:44.141] [main/DEBUG] [net.minecraftforge.fml.javafmlmod.FMLJavaModLanguageProvider/LOADING]: Loading FMLModContainer from classloader cpw.mods.modlauncher.TransformingClassLoader@17fede14 - got cpw.mods.cl.ModuleClassLoader@4af46df3
[22Jun2025 03:47:44.141] [main/DEBUG] [net.minecraftforge.fml.javafmlmod.FMLModContainer/LOADING]: Creating FMLModContainer instance for dev.xkmc.l2damagetracker.init.L2DamageTracker
[22Jun2025 03:47:44.142] [main/DEBUG] [net.minecraftforge.fml.javafmlmod.FMLJavaModLanguageProvider/LOADING]: Loading FMLModContainer from classloader cpw.mods.modlauncher.TransformingClassLoader@17fede14 - got cpw.mods.cl.ModuleClassLoader@4af46df3
[22Jun2025 03:47:44.142] [main/DEBUG] [net.minecraftforge.fml.javafmlmod.FMLModContainer/LOADING]: Creating FMLModContainer instance for dev.xkmc.l2itemselector.init.L2ItemSelector
[22Jun2025 03:47:44.142] [main/DEBUG] [net.minecraftforge.fml.javafmlmod.FMLJavaModLanguageProvider/LOADING]: Loading FMLModContainer from classloader cpw.mods.modlauncher.TransformingClassLoader@17fede14 - got cpw.mods.cl.ModuleClassLoader@4af46df3
[22Jun2025 03:47:44.143] [main/DEBUG] [net.minecraftforge.fml.javafmlmod.FMLModContainer/LOADING]: Creating FMLModContainer instance for net.fexcraft.mod.fsmmshop.FSMMShop
[22Jun2025 03:47:44.144] [main/DEBUG] [net.minecraftforge.fml.javafmlmod.FMLJavaModLanguageProvider/LOADING]: Loading FMLModContainer from classloader cpw.mods.modlauncher.TransformingClassLoader@17fede14 - got cpw.mods.cl.ModuleClassLoader@4af46df3
[22Jun2025 03:47:44.144] [main/DEBUG] [net.minecraftforge.fml.javafmlmod.FMLModContainer/LOADING]: Creating FMLModContainer instance for fuzs.enchantinginfuser.EnchantingInfuserForge
[22Jun2025 03:47:44.144] [main/DEBUG] [net.minecraftforge.fml.javafmlmod.FMLJavaModLanguageProvider/LOADING]: Loading FMLModContainer from classloader cpw.mods.modlauncher.TransformingClassLoader@17fede14 - got cpw.mods.cl.ModuleClassLoader@4af46df3
[22Jun2025 03:47:44.144] [main/DEBUG] [net.minecraftforge.fml.javafmlmod.FMLModContainer/LOADING]: Creating FMLModContainer instance for com.natamus.healingcampfire.ModForge
[22Jun2025 03:47:44.145] [main/DEBUG] [net.minecraftforge.fml.javafmlmod.FMLJavaModLanguageProvider/LOADING]: Loading FMLModContainer from classloader cpw.mods.modlauncher.TransformingClassLoader@17fede14 - got cpw.mods.cl.ModuleClassLoader@4af46df3
[22Jun2025 03:47:44.145] [main/DEBUG] [net.minecraftforge.fml.javafmlmod.FMLModContainer/LOADING]: Creating FMLModContainer instance for com.yungnickyoung.minecraft.betterjungletemples.BetterJungleTemplesForge
[22Jun2025 03:47:44.314] [modloading-worker-0/DEBUG] [net.minecraftforge.fml.javafmlmod.AutomaticEventSubscriber/LOADING]: Attempting to inject @EventBusSubscriber classes into the eventbus for geckolib
[22Jun2025 03:47:44.325] [modloading-worker-0/DEBUG] [net.minecraftforge.fml.javafmlmod.AutomaticEventSubscriber/LOADING]: Auto-subscribing software.bernie.example.GeckoLibMod to FORGE
[22Jun2025 03:47:44.335] [modloading-worker-0/DEBUG] [net.minecraftforge.fml.javafmlmod.AutomaticEventSubscriber/LOADING]: Auto-subscribing software.bernie.example.CommonListener to MOD
[22Jun2025 03:47:44.341] [modloading-worker-0/DEBUG] [mixin/]: Mixing MixinLevelEvent from architectury.mixins.json into net.minecraftforge.event.level.LevelEvent
[22Jun2025 03:47:44.362] [modloading-worker-0/DEBUG] [net.minecraftforge.fml.javafmlmod.AutomaticEventSubscriber/LOADING]: Attempting to inject @EventBusSubscriber classes into the eventbus for rotten_flesh_to_leather
[22Jun2025 03:47:44.365] [modloading-worker-0/DEBUG] [net.minecraftforge.fml.javafmlmod.AutomaticEventSubscriber/LOADING]: Attempting to inject @EventBusSubscriber classes into the eventbus for limitedchunks
[22Jun2025 03:47:44.366] [modloading-worker-0/DEBUG] [mixin/]: Mixing MixinCaelusApi from caelus.mixins.json into top.theillusivec4.caelus.api.CaelusApi
[22Jun2025 03:47:44.376] [modloading-worker-0/DEBUG] [mixin/]: Mixing perf.forge_registry_lambda.RegistryObjectMixin from modernfix-forge.mixins.json into net.minecraftforge.registries.RegistryObject
[22Jun2025 03:47:44.389] [modloading-worker-0/DEBUG] [net.minecraftforge.fml.javafmlmod.AutomaticEventSubscriber/LOADING]: Attempting to inject @EventBusSubscriber classes into the eventbus for connectivity
[22Jun2025 03:47:44.403] [modloading-worker-0/DEBUG] [net.minecraftforge.fml.javafmlmod.AutomaticEventSubscriber/LOADING]: Attempting to inject @EventBusSubscriber classes into the eventbus for caelus
[22Jun2025 03:47:44.437] [modloading-worker-0/DEBUG] [net.minecraftforge.fml.config.ConfigTracker/CONFIG]: Config file sophisticatedcore-common.toml for sophisticatedcore tracking
[22Jun2025 03:47:44.437] [modloading-worker-0/DEBUG] [net.minecraftforge.fml.config.ConfigTracker/CONFIG]: Config file sophisticatedcore-client.toml for sophisticatedcore tracking
[22Jun2025 03:47:44.448] [modloading-worker-0/DEBUG] [SpectreLib/CONFIG]: Config file colytra-server.toml for colytra added to tracking
[22Jun2025 03:47:44.456] [modloading-worker-0/DEBUG] [mixin/]: Mixing ServerResourcesMixin from fastsuite.mixins.json into net.minecraft.server.ReloadableServerResources
[22Jun2025 03:47:44.454] [modloading-worker-0/DEBUG] [net.minecraftforge.fml.javafmlmod.AutomaticEventSubscriber/LOADING]: Attempting to inject @EventBusSubscriber classes into the eventbus for colytra
[22Jun2025 03:47:44.459] [modloading-worker-0/DEBUG] [mixin/]: Mixing ServerResourcesMixin from placebo.mixins.json into net.minecraft.server.ReloadableServerResources
[22Jun2025 03:47:44.488] [modloading-worker-0/DEBUG] [mixin/]: Mixing accessor.RecipeManagerAccessor from farmersdelight.mixins.json into net.minecraft.world.item.crafting.RecipeManager
[22Jun2025 03:47:44.489] [modloading-worker-0/DEBUG] [mixin/]: Mixing perf.datapack_reload_exceptions.RecipeManagerMixin from modernfix-forge.mixins.json into net.minecraft.world.item.crafting.RecipeManager
[22Jun2025 03:47:44.550] [modloading-worker-0/DEBUG] [net.minecraftforge.fml.javafmlmod.AutomaticEventSubscriber/LOADING]: Attempting to inject @EventBusSubscriber classes into the eventbus for sophisticatedcore
[22Jun2025 03:47:44.549] [modloading-worker-0/INFO] [Collective/]: [Collective] JSON file 'entity_names.json' generation requested by mod 'villagernames'.
[22Jun2025 03:47:44.564] [modloading-worker-0/DEBUG] [net.minecraftforge.fml.javafmlmod.AutomaticEventSubscriber/LOADING]: Attempting to inject @EventBusSubscriber classes into the eventbus for villagernames
[22Jun2025 03:47:44.574] [modloading-worker-0/DEBUG] [net.minecraftforge.fml.javafmlmod.AutomaticEventSubscriber/LOADING]: Attempting to inject @EventBusSubscriber classes into the eventbus for fastsuite
[22Jun2025 03:47:44.581] [modloading-worker-0/DEBUG] [net.minecraftforge.fml.javafmlmod.AutomaticEventSubscriber/LOADING]: Attempting to inject @EventBusSubscriber classes into the eventbus for mcwpaintings
[22Jun2025 03:47:44.585] [modloading-worker-0/DEBUG] [net.minecraftforge.fml.javafmlmod.AutomaticEventSubscriber/LOADING]: Auto-subscribing com.mcwpaintings.kikoz.MacawsPaintings to MOD
[22Jun2025 03:47:44.587] [modloading-worker-0/DEBUG] [net.minecraftforge.fml.javafmlmod.AutomaticEventSubscriber/LOADING]: Attempting to inject @EventBusSubscriber classes into the eventbus for fastasyncworldsave
[22Jun2025 03:47:44.588] [modloading-worker-0/DEBUG] [net.minecraftforge.fml.config.ConfigTracker/CONFIG]: Config file journeymap-server.toml for journeymap tracking
[22Jun2025 03:47:44.589] [modloading-worker-0/DEBUG] [net.minecraftforge.fml.javafmlmod.AutomaticEventSubscriber/LOADING]: Attempting to inject @EventBusSubscriber classes into the eventbus for journeymap
[22Jun2025 03:47:44.595] [modloading-worker-0/DEBUG] [net.minecraftforge.fml.javafmlmod.AutomaticEventSubscriber/LOADING]: Auto-subscribing journeymap.common.config.forge.ForgeConfig to MOD
[22Jun2025 03:47:44.596] [modloading-worker-0/DEBUG] [net.minecraftforge.fml.javafmlmod.AutomaticEventSubscriber/LOADING]: Auto-subscribing journeymap.common.Journeymap to FORGE
[22Jun2025 03:47:44.604] [modloading-worker-0/DEBUG] [net.minecraftforge.fml.javafmlmod.AutomaticEventSubscriber/LOADING]: Attempting to inject @EventBusSubscriber classes into the eventbus for placebo
[22Jun2025 03:47:44.605] [modloading-worker-0/DEBUG] [net.minecraftforge.fml.javafmlmod.AutomaticEventSubscriber/LOADING]: Auto-subscribing dev.shadowsoffire.placebo.util.PlaceboTaskQueue to FORGE
[22Jun2025 03:47:44.624] [modloading-worker-0/DEBUG] [net.minecraftforge.fml.config.ConfigTracker/CONFIG]: Config file jei-server.toml for jei tracking
[22Jun2025 03:47:44.629] [modloading-worker-0/DEBUG] [net.minecraftforge.fml.javafmlmod.AutomaticEventSubscriber/LOADING]: Attempting to inject @EventBusSubscriber classes into the eventbus for jei
[22Jun2025 03:47:44.633] [modloading-worker-0/DEBUG] [net.minecraftforge.fml.config.ConfigTracker/CONFIG]: Config file modernfix-common.toml for modernfix tracking
[22Jun2025 03:47:44.640] [modloading-worker-0/DEBUG] [net.minecraftforge.fml.javafmlmod.AutomaticEventSubscriber/LOADING]: Attempting to inject @EventBusSubscriber classes into the eventbus for modernfix
[22Jun2025 03:47:44.643] [modloading-worker-0/DEBUG] [net.minecraftforge.fml.javafmlmod.AutomaticEventSubscriber/LOADING]: Attempting to inject @EventBusSubscriber classes into the eventbus for mixinextras
[22Jun2025 03:47:44.702] [modloading-worker-0/DEBUG] [betterfortresses/]: Loaded com.yungnickyoung.minecraft.betterfortresses.services.ForgePlatformHelper@695031a6 for service interface com.yungnickyoung.minecraft.betterfortresses.services.IPlatformHelper
[22Jun2025 03:47:44.709] [modloading-worker-0/DEBUG] [betterfortresses/]: Loaded com.yungnickyoung.minecraft.betterfortresses.services.ForgeModulesLoader@20e79711 for service interface com.yungnickyoung.minecraft.betterfortresses.services.IModulesLoader
[22Jun2025 03:47:44.709] [modloading-worker-0/DEBUG] [betterfortresses/]: Loaded com.yungnickyoung.minecraft.betterfortresses.services.ForgeProcessorProvider@59e71369 for service interface com.yungnickyoung.minecraft.betterfortresses.services.IProcessorProvider
[22Jun2025 03:47:44.948] [modloading-worker-0/DEBUG] [net.minecraftforge.fml.config.ConfigTracker/CONFIG]: Config file sophisticatedbackpacks-server.toml for sophisticatedbackpacks tracking
[22Jun2025 03:47:44.948] [modloading-worker-0/DEBUG] [net.minecraftforge.fml.config.ConfigTracker/CONFIG]: Config file sophisticatedbackpacks-common.toml for sophisticatedbackpacks tracking
[22Jun2025 03:47:44.975] [modloading-worker-0/DEBUG] [net.minecraftforge.fml.javafmlmod.AutomaticEventSubscriber/LOADING]: Attempting to inject @EventBusSubscriber classes into the eventbus for yungsapi
[22Jun2025 03:47:44.975] [modloading-worker-0/DEBUG] [net.minecraftforge.fml.javafmlmod.AutomaticEventSubscriber/LOADING]: Attempting to inject @EventBusSubscriber classes into the eventbus for starlight
[22Jun2025 03:47:45.133] [modloading-worker-0/DEBUG] [net.minecraftforge.fml.javafmlmod.AutomaticEventSubscriber/LOADING]: Attempting to inject @EventBusSubscriber classes into the eventbus for oceanic_delight
[22Jun2025 03:47:45.133] [modloading-worker-0/DEBUG] [net.minecraftforge.fml.javafmlmod.AutomaticEventSubscriber/LOADING]: Auto-subscribing net.mcreator.oceanicdelight.recipes.brewing.MiningFatigueRecipeBrewingRecipe to MOD
[22Jun2025 03:47:45.141] [modloading-worker-0/DEBUG] [net.minecraftforge.fml.javafmlmod.AutomaticEventSubscriber/LOADING]: Auto-subscribing net.mcreator.oceanicdelight.recipes.brewing.MiningFatigueLongerBrewingRecipe to MOD
[22Jun2025 03:47:45.147] [modloading-worker-0/DEBUG] [net.minecraftforge.fml.javafmlmod.AutomaticEventSubscriber/LOADING]: Auto-subscribing net.mcreator.oceanicdelight.recipes.brewing.MiningFatigueHigherBrewingRecipe to MOD
[22Jun2025 03:47:45.149] [modloading-worker-0/DEBUG] [net.minecraftforge.fml.javafmlmod.AutomaticEventSubscriber/LOADING]: Auto-subscribing net.mcreator.oceanicdelight.init.OceanicDelightModTrades to FORGE
[22Jun2025 03:47:45.157] [modloading-worker-0/DEBUG] [net.minecraftforge.fml.javafmlmod.AutomaticEventSubscriber/LOADING]: Auto-subscribing net.mcreator.oceanicdelight.init.OceanicDelightModLootModifier to MOD
[22Jun2025 03:47:45.164] [modloading-worker-0/DEBUG] [net.minecraftforge.fml.javafmlmod.AutomaticEventSubscriber/LOADING]: Auto-subscribing net.mcreator.oceanicdelight.init.OceanicDelightModCompostableItems to MOD
[22Jun2025 03:47:45.173] [modloading-worker-0/DEBUG] [net.minecraftforge.fml.javafmlmod.AutomaticEventSubscriber/LOADING]: Attempting to inject @EventBusSubscriber classes into the eventbus for memoryleakfix
[22Jun2025 03:47:45.174] [modloading-worker-0/DEBUG] [net.minecraftforge.fml.javafmlmod.AutomaticEventSubscriber/LOADING]: Attempting to inject @EventBusSubscriber classes into the eventbus for puzzlesaccessapi
[22Jun2025 03:47:45.213] [modloading-worker-0/DEBUG] [net.minecraftforge.fml.config.ConfigTracker/CONFIG]: Config file betterfortresses-forge-1_20.toml for betterfortresses tracking
[22Jun2025 03:47:45.220] [modloading-worker-0/DEBUG] [net.minecraftforge.fml.javafmlmod.AutomaticEventSubscriber/LOADING]: Attempting to inject @EventBusSubscriber classes into the eventbus for betterfortresses
[22Jun2025 03:47:45.224] [modloading-worker-0/DEBUG] [net.minecraftforge.fml.javafmlmod.AutomaticEventSubscriber/LOADING]: Attempting to inject @EventBusSubscriber classes into the eventbus for cloth_config
[22Jun2025 03:47:45.252] [modloading-worker-0/DEBUG] [net.minecraftforge.versions.forge.ForgeVersion/CORE]: Forge Version package package net.minecraftforge.versions.forge, Forge, version 47.3 from cpw.mods.modlauncher.TransformingClassLoader@17fede14
[22Jun2025 03:47:45.253] [modloading-worker-0/DEBUG] [net.minecraftforge.versions.forge.ForgeVersion/CORE]: Found Forge version 47.3.7
[22Jun2025 03:47:45.254] [modloading-worker-0/DEBUG] [net.minecraftforge.versions.forge.ForgeVersion/CORE]: Found Forge spec 47.3
[22Jun2025 03:47:45.254] [modloading-worker-0/DEBUG] [net.minecraftforge.versions.forge.ForgeVersion/CORE]: Found Forge group net.minecraftforge
[22Jun2025 03:47:45.256] [modloading-worker-0/DEBUG] [net.minecraftforge.versions.mcp.MCPVersion/CORE]: MCP Version package package net.minecraftforge.versions.mcp, Minecraft, version 1.20.1 from cpw.mods.modlauncher.TransformingClassLoader@17fede14
[22Jun2025 03:47:45.256] [modloading-worker-0/DEBUG] [net.minecraftforge.versions.mcp.MCPVersion/CORE]: Found MC version information 1.20.1
[22Jun2025 03:47:45.256] [modloading-worker-0/DEBUG] [net.minecraftforge.versions.mcp.MCPVersion/CORE]: Found MCP version information 20230612.114412
[22Jun2025 03:47:45.256] [modloading-worker-0/INFO] [net.minecraftforge.common.ForgeMod/FORGEMOD]: Forge mod loading, version 47.3.7, for MC 1.20.1 with MCP 20230612.114412
[22Jun2025 03:47:45.257] [modloading-worker-0/INFO] [net.minecraftforge.common.MinecraftForge/FORGE]: MinecraftForge v47.3.7 Initialized
[22Jun2025 03:47:45.298] [modloading-worker-0/DEBUG] [net.minecraftforge.common.ForgeMod/FORGEMOD]: Loading Network data for FML net version: FML3
[22Jun2025 03:47:45.323] [modloading-worker-0/DEBUG] [net.minecraftforge.fml.javafmlmod.AutomaticEventSubscriber/LOADING]: Attempting to inject @EventBusSubscriber classes into the eventbus for sophisticatedbackpacks
[22Jun2025 03:47:45.327] [modloading-worker-0/DEBUG] [net.minecraftforge.fml.config.ConfigTracker/CONFIG]: Config file forge-client.toml for forge tracking
[22Jun2025 03:47:45.327] [modloading-worker-0/DEBUG] [net.minecraftforge.fml.config.ConfigTracker/CONFIG]: Config file forge-server.toml for forge tracking
[22Jun2025 03:47:45.327] [modloading-worker-0/DEBUG] [net.minecraftforge.fml.ModLoadingContext/]: Attempted to register an empty config for type COMMON on mod forge
[22Jun2025 03:47:45.334] [modloading-worker-0/DEBUG] [net.minecraftforge.fml.javafmlmod.AutomaticEventSubscriber/LOADING]: Attempting to inject @EventBusSubscriber classes into the eventbus for more_slabs_stairs_and_walls
[22Jun2025 03:47:45.372] [modloading-worker-0/DEBUG] [net.minecraftforge.fml.javafmlmod.AutomaticEventSubscriber/LOADING]: Attempting to inject @EventBusSubscriber classes into the eventbus for forge
[22Jun2025 03:47:45.375] [modloading-worker-0/DEBUG] [net.minecraftforge.fml.javafmlmod.AutomaticEventSubscriber/LOADING]: Auto-subscribing net.minecraftforge.common.ForgeSpawnEggItem$CommonHandler to MOD
[22Jun2025 03:47:45.383] [modloading-worker-0/DEBUG] [net.minecraftforge.fml.javafmlmod.AutomaticEventSubscriber/LOADING]: Attempting to inject @EventBusSubscriber classes into the eventbus for smoothchunk
[22Jun2025 03:47:45.411] [modloading-worker-0/DEBUG] [net.minecraftforge.fml.config.ConfigTracker/CONFIG]: Config file farmersdelight-common.toml for farmersdelight tracking
[22Jun2025 03:47:45.411] [modloading-worker-0/DEBUG] [net.minecraftforge.fml.config.ConfigTracker/CONFIG]: Config file farmersdelight-client.toml for farmersdelight tracking
[22Jun2025 03:47:45.614] [modloading-worker-0/DEBUG] [net.minecraftforge.fml.javafmlmod.AutomaticEventSubscriber/LOADING]: Attempting to inject @EventBusSubscriber classes into the eventbus for enemyexpansion
[22Jun2025 03:47:45.615] [modloading-worker-0/DEBUG] [net.minecraftforge.fml.javafmlmod.AutomaticEventSubscriber/LOADING]: Auto-subscribing net.mcreator.enemyexpansion.recipes.brewing.ScorpionTailPotionBrewingRecipe to MOD
[22Jun2025 03:47:45.617] [modloading-worker-0/DEBUG] [net.minecraftforge.fml.javafmlmod.AutomaticEventSubscriber/LOADING]: Auto-subscribing net.mcreator.enemyexpansion.recipes.brewing.NightVisionPotionBrewingRecipe to MOD
[22Jun2025 03:47:45.622] [modloading-worker-0/DEBUG] [net.minecraftforge.fml.javafmlmod.AutomaticEventSubscriber/LOADING]: Auto-subscribing net.mcreator.enemyexpansion.recipes.brewing.HealingEyePotionRecipeBrewingRecipe to MOD
[22Jun2025 03:47:45.625] [modloading-worker-0/DEBUG] [net.minecraftforge.fml.javafmlmod.AutomaticEventSubscriber/LOADING]: Auto-subscribing net.mcreator.enemyexpansion.procedures.WaspHostileSetProcedure to FORGE
[22Jun2025 03:47:45.634] [modloading-worker-0/DEBUG] [net.minecraftforge.fml.javafmlmod.AutomaticEventSubscriber/LOADING]: Auto-subscribing net.mcreator.enemyexpansion.procedures.VampireSpawnProcedure to FORGE
[22Jun2025 03:47:45.639] [modloading-worker-0/DEBUG] [net.minecraftforge.fml.javafmlmod.AutomaticEventSubscriber/LOADING]: Auto-subscribing net.mcreator.enemyexpansion.procedures.VampireAttackProcedure to FORGE
[22Jun2025 03:47:45.645] [modloading-worker-0/DEBUG] [net.minecraftforge.fml.javafmlmod.AutomaticEventSubscriber/LOADING]: Auto-subscribing net.mcreator.enemyexpansion.procedures.SpawnsFliesOnDeathProcedure to FORGE
[22Jun2025 03:47:45.647] [modloading-worker-0/DEBUG] [net.minecraftforge.fml.javafmlmod.AutomaticEventSubscriber/LOADING]: Auto-subscribing net.mcreator.enemyexpansion.procedures.SilverheadHatProcedure to FORGE
[22Jun2025 03:47:45.651] [modloading-worker-0/DEBUG] [net.minecraftforge.fml.javafmlmod.AutomaticEventSubscriber/LOADING]: Auto-subscribing net.mcreator.enemyexpansion.procedures.SilverheadDeathProcedure to FORGE
[22Jun2025 03:47:45.653] [modloading-worker-0/DEBUG] [net.minecraftforge.fml.javafmlmod.AutomaticEventSubscriber/LOADING]: Auto-subscribing net.mcreator.enemyexpansion.procedures.SilverfriendsStartProcedure to FORGE
[22Jun2025 03:47:45.657] [modloading-worker-0/DEBUG] [net.minecraftforge.fml.javafmlmod.AutomaticEventSubscriber/LOADING]: Auto-subscribing net.mcreator.enemyexpansion.procedures.ScorpionHurtProcedure to FORGE
[22Jun2025 03:47:45.657] [modloading-worker-0/DEBUG] [net.minecraftforge.fml.javafmlmod.AutomaticEventSubscriber/LOADING]: Auto-subscribing net.mcreator.enemyexpansion.procedures.PhantomEyeDropFromPhantomProcedure to FORGE
[22Jun2025 03:47:45.658] [modloading-worker-0/DEBUG] [net.minecraftforge.fml.javafmlmod.AutomaticEventSubscriber/LOADING]: Auto-subscribing net.mcreator.enemyexpansion.procedures.OvertimeKnockedOutProcedure to FORGE
[22Jun2025 03:47:45.662] [modloading-worker-0/DEBUG] [net.minecraftforge.fml.javafmlmod.AutomaticEventSubscriber/LOADING]: Auto-subscribing net.mcreator.enemyexpansion.procedures.OvertimeForAllProcedure to FORGE
[22Jun2025 03:47:45.664] [modloading-worker-0/DEBUG] [net.minecraftforge.fml.javafmlmod.AutomaticEventSubscriber/LOADING]: Auto-subscribing net.mcreator.enemyexpansion.procedures.NoBabyZombiesProcedure to FORGE
[22Jun2025 03:47:45.671] [modloading-worker-0/DEBUG] [net.minecraftforge.fml.javafmlmod.AutomaticEventSubscriber/LOADING]: Auto-subscribing net.mcreator.enemyexpansion.procedures.MeatureTamingProcedure to FORGE
[22Jun2025 03:47:45.676] [modloading-worker-0/DEBUG] [net.minecraftforge.fml.javafmlmod.AutomaticEventSubscriber/LOADING]: Auto-subscribing net.mcreator.enemyexpansion.procedures.MeatheadDeathProcedure to FORGE
[22Jun2025 03:47:45.679] [modloading-worker-0/DEBUG] [net.minecraftforge.fml.javafmlmod.AutomaticEventSubscriber/LOADING]: Auto-subscribing net.mcreator.enemyexpansion.procedures.LadybugHurtProcedure to FORGE
[22Jun2025 03:47:45.680] [modloading-worker-0/DEBUG] [net.minecraftforge.fml.javafmlmod.AutomaticEventSubscriber/LOADING]: Auto-subscribing net.mcreator.enemyexpansion.procedures.KillMobAdvancementProcedure to FORGE
[22Jun2025 03:47:45.684] [modloading-worker-0/DEBUG] [net.minecraftforge.fml.javafmlmod.AutomaticEventSubscriber/LOADING]: Auto-subscribing net.mcreator.enemyexpansion.procedures.IntruderSpeedUpProcedure to FORGE
[22Jun2025 03:47:45.686] [modloading-worker-0/DEBUG] [net.minecraftforge.fml.javafmlmod.AutomaticEventSubscriber/LOADING]: Auto-subscribing net.mcreator.enemyexpansion.procedures.HorseheadDeathProcedure to FORGE
[22Jun2025 03:47:45.687] [modloading-worker-0/DEBUG] [net.minecraftforge.fml.javafmlmod.AutomaticEventSubscriber/LOADING]: Auto-subscribing net.mcreator.enemyexpansion.procedures.HeadbiterDeathProcedure to FORGE
[22Jun2025 03:47:45.689] [modloading-worker-0/DEBUG] [net.minecraftforge.fml.javafmlmod.AutomaticEventSubscriber/LOADING]: Auto-subscribing net.mcreator.enemyexpansion.procedures.GoblinStealProcedure to FORGE
[22Jun2025 03:47:45.692] [modloading-worker-0/DEBUG] [net.minecraftforge.fml.javafmlmod.AutomaticEventSubscriber/LOADING]: Auto-subscribing net.mcreator.enemyexpansion.procedures.FlutterflyHurtProcedure to FORGE
[22Jun2025 03:47:45.694] [modloading-worker-0/DEBUG] [net.minecraftforge.fml.javafmlmod.AutomaticEventSubscriber/LOADING]: Auto-subscribing net.mcreator.enemyexpansion.procedures.FliesFromZombiesProcedure to FORGE
[22Jun2025 03:47:45.696] [modloading-worker-0/DEBUG] [net.minecraftforge.fml.javafmlmod.AutomaticEventSubscriber/LOADING]: Auto-subscribing net.mcreator.enemyexpansion.procedures.FallerNukedProcedure to FORGE
[22Jun2025 03:47:45.699] [modloading-worker-0/DEBUG] [net.minecraftforge.fml.javafmlmod.AutomaticEventSubscriber/LOADING]: Auto-subscribing net.mcreator.enemyexpansion.network.StarvedGUISlotMessage to MOD
[22Jun2025 03:47:45.701] [modloading-worker-0/DEBUG] [net.minecraftforge.fml.javafmlmod.AutomaticEventSubscriber/LOADING]: Auto-subscribing net.mcreator.enemyexpansion.init.EntityAnimationFactory to FORGE
[22Jun2025 03:47:45.708] [modloading-worker-0/DEBUG] [net.minecraftforge.fml.javafmlmod.AutomaticEventSubscriber/LOADING]: Auto-subscribing net.mcreator.enemyexpansion.init.EnemyexpansionModTabs to MOD
[22Jun2025 03:47:45.709] [modloading-worker-0/DEBUG] [net.minecraftforge.fml.javafmlmod.AutomaticEventSubscriber/LOADING]: Auto-subscribing net.mcreator.enemyexpansion.init.EnemyexpansionModEntities to MOD
[22Jun2025 03:47:45.711] [modloading-worker-0/DEBUG] [net.minecraftforge.fml.javafmlmod.AutomaticEventSubscriber/LOADING]: Auto-subscribing net.mcreator.enemyexpansion.init.EnemyexpansionModConfigs to MOD
[22Jun2025 03:47:45.732] [modloading-worker-0/DEBUG] [net.minecraftforge.fml.javafmlmod.AutomaticEventSubscriber/LOADING]: Attempting to inject @EventBusSubscriber classes into the eventbus for farmersdelight
[22Jun2025 03:47:45.732] [modloading-worker-0/DEBUG] [net.minecraftforge.fml.javafmlmod.AutomaticEventSubscriber/LOADING]: Auto-subscribing vectorwing.farmersdelight.data.DataGenerators to MOD
[22Jun2025 03:47:45.734] [modloading-worker-0/DEBUG] [net.minecraftforge.fml.config.ConfigTracker/CONFIG]: Config file skinnedlanterns-common.toml for skinnedlanterns tracking
[22Jun2025 03:47:45.735] [modloading-worker-0/DEBUG] [net.minecraftforge.fml.javafmlmod.AutomaticEventSubscriber/LOADING]: Auto-subscribing vectorwing.farmersdelight.common.item.SkilletItem$SkilletEvents to FORGE
[22Jun2025 03:47:45.742] [modloading-worker-0/DEBUG] [net.minecraftforge.fml.javafmlmod.AutomaticEventSubscriber/LOADING]: Auto-subscribing vectorwing.farmersdelight.common.item.KnifeItem$KnifeEvents to FORGE
[22Jun2025 03:47:45.751] [modloading-worker-0/DEBUG] [net.minecraftforge.fml.javafmlmod.AutomaticEventSubscriber/LOADING]: Auto-subscribing vectorwing.farmersdelight.common.item.HorseFeedItem$HorseFeedEvent to FORGE
[22Jun2025 03:47:45.753] [modloading-worker-0/DEBUG] [net.minecraftforge.fml.javafmlmod.AutomaticEventSubscriber/LOADING]: Auto-subscribing vectorwing.farmersdelight.common.item.enchantment.BackstabbingEnchantment$BackstabbingEvent to FORGE
[22Jun2025 03:47:45.754] [modloading-worker-0/DEBUG] [net.minecraftforge.fml.javafmlmod.AutomaticEventSubscriber/LOADING]: Auto-subscribing vectorwing.farmersdelight.common.item.DogFoodItem$DogFoodEvent to FORGE
[22Jun2025 03:47:45.757] [modloading-worker-0/DEBUG] [net.minecraftforge.fml.javafmlmod.AutomaticEventSubscriber/LOADING]: Auto-subscribing vectorwing.farmersdelight.common.event.VillagerEvents to FORGE
[22Jun2025 03:47:45.761] [modloading-worker-0/DEBUG] [net.minecraftforge.fml.javafmlmod.AutomaticEventSubscriber/LOADING]: Auto-subscribing vectorwing.farmersdelight.common.event.SetupEvents to MOD
[22Jun2025 03:47:45.767] [modloading-worker-0/DEBUG] [net.minecraftforge.fml.javafmlmod.AutomaticEventSubscriber/LOADING]: Auto-subscribing vectorwing.farmersdelight.common.event.MappingEvents to FORGE
[22Jun2025 03:47:45.770] [modloading-worker-0/DEBUG] [net.minecraftforge.fml.javafmlmod.AutomaticEventSubscriber/LOADING]: Auto-subscribing vectorwing.farmersdelight.common.event.CommonEvents to FORGE
[22Jun2025 03:47:45.777] [modloading-worker-0/DEBUG] [net.minecraftforge.fml.javafmlmod.AutomaticEventSubscriber/LOADING]: Auto-subscribing vectorwing.farmersdelight.common.block.CuttingBoardBlock$ToolCarvingEvent to FORGE
[22Jun2025 03:47:45.849] [modloading-worker-0/DEBUG] [net.minecraftforge.fml.javafmlmod.AutomaticEventSubscriber/LOADING]: Attempting to inject @EventBusSubscriber classes into the eventbus for skinnedlanterns
[22Jun2025 03:47:45.849] [modloading-worker-0/DEBUG] [net.minecraftforge.fml.javafmlmod.AutomaticEventSubscriber/LOADING]: Auto-subscribing at.nuxnux.skinnedlanterns.config.Config to FORGE
[22Jun2025 03:47:45.871] [modloading-worker-0/DEBUG] [net.minecraftforge.fml.javafmlmod.AutomaticEventSubscriber/LOADING]: Attempting to inject @EventBusSubscriber classes into the eventbus for fcl
[22Jun2025 03:47:45.873] [modloading-worker-0/DEBUG] [net.minecraftforge.fml.javafmlmod.AutomaticEventSubscriber/LOADING]: Attempting to inject @EventBusSubscriber classes into the eventbus for spectrelib
[22Jun2025 03:47:45.874] [modloading-worker-0/DEBUG] [Ksyxis/]: Ksyxis: ModernFix's 'removeSpawnChunks' option is: false
[22Jun2025 03:47:45.875] [modloading-worker-0/INFO] [Ksyxis/]: Ksyxis: Booting... (platform: Forge, manual: false)
[22Jun2025 03:47:45.875] [modloading-worker-0/INFO] [Ksyxis/]: Ksyxis: Found Mixin library. (version: 0.8.5)
[22Jun2025 03:47:45.875] [modloading-worker-0/INFO] [Ksyxis/]: Ksyxis: Ready. As always, this mod will speed up your world loading and might or might not break it. (0 ms)
[22Jun2025 03:47:45.876] [modloading-worker-0/DEBUG] [net.minecraftforge.fml.javafmlmod.AutomaticEventSubscriber/LOADING]: Attempting to inject @EventBusSubscriber classes into the eventbus for ksyxis
[22Jun2025 03:47:45.878] [modloading-worker-0/INFO] [Collective/]: Loading Collective version 8.1.
[22Jun2025 03:47:45.934] [modloading-worker-0/DEBUG] [net.minecraftforge.fml.javafmlmod.AutomaticEventSubscriber/LOADING]: Attempting to inject @EventBusSubscriber classes into the eventbus for collective
[22Jun2025 03:47:45.934] [modloading-worker-0/DEBUG] [net.minecraftforge.fml.javafmlmod.AutomaticEventSubscriber/LOADING]: Auto-subscribing com.natamus.collective.forge.events.RegisterCollectiveForgeEvents to FORGE
[22Jun2025 03:47:45.943] [modloading-worker-0/INFO] [com.autovw.advancednetherite.AdvancedNetherite/]: Initializing platform helper for Advanced Netherite!
[22Jun2025 03:47:45.945] [modloading-worker-0/DEBUG] [net.minecraftforge.fml.javafmlmod.AutomaticEventSubscriber/LOADING]: Attempting to inject @EventBusSubscriber classes into the eventbus for fsmm
[22Jun2025 03:47:45.945] [modloading-worker-0/DEBUG] [net.minecraftforge.fml.javafmlmod.AutomaticEventSubscriber/LOADING]: Auto-subscribing net.fexcraft.mod.fsmm.event.WorldEvents to FORGE
[22Jun2025 03:47:45.950] [modloading-worker-0/DEBUG] [net.minecraftforge.fml.javafmlmod.AutomaticEventSubscriber/LOADING]: Auto-subscribing net.fexcraft.mod.fsmm.event.PlayerEvents to FORGE
[22Jun2025 03:47:45.968] [modloading-worker-0/DEBUG] [net.minecraftforge.fml.config.ConfigTracker/CONFIG]: Config file advancednetherite-client.toml for advancednetherite tracking
[22Jun2025 03:47:45.968] [modloading-worker-0/DEBUG] [net.minecraftforge.fml.config.ConfigTracker/CONFIG]: Config file advancednetherite-common.toml for advancednetherite tracking
[22Jun2025 03:47:45.968] [modloading-worker-0/DEBUG] [net.minecraftforge.fml.config.ConfigTracker/CONFIG]: Config file advancednetherite-server.toml for advancednetherite tracking
[22Jun2025 03:47:45.972] [modloading-worker-0/DEBUG] [net.minecraftforge.fml.config.ConfigTracker/CONFIG]: Config file storagedrawers-common.toml for storagedrawers tracking
[22Jun2025 03:47:45.976] [modloading-worker-0/DEBUG] [net.minecraftforge.fml.config.ConfigTracker/CONFIG]: Config file storagedrawers-client.toml for storagedrawers tracking
[22Jun2025 03:47:45.992] [modloading-worker-0/DEBUG] [net.minecraftforge.fml.javafmlmod.AutomaticEventSubscriber/LOADING]: Attempting to inject @EventBusSubscriber classes into the eventbus for advancednetherite
[22Jun2025 03:47:45.994] [modloading-worker-0/DEBUG] [net.minecraftforge.fml.javafmlmod.AutomaticEventSubscriber/LOADING]: Auto-subscribing com.autovw.advancednetherite.datagen.ModDataGenerator to MOD
[22Jun2025 03:47:45.997] [modloading-worker-0/DEBUG] [net.minecraftforge.fml.javafmlmod.AutomaticEventSubscriber/LOADING]: Auto-subscribing com.autovw.advancednetherite.common.EventHandler to FORGE
[22Jun2025 03:47:46.001] [modloading-worker-0/DEBUG] [net.minecraftforge.fml.javafmlmod.AutomaticEventSubscriber/LOADING]: Auto-subscribing com.autovw.advancednetherite.AdvancedNetheriteTab to MOD
[22Jun2025 03:47:46.139] [modloading-worker-0/DEBUG] [net.minecraftforge.fml.config.ConfigTracker/CONFIG]: Config file parcool-server.toml for parcool tracking
[22Jun2025 03:47:46.161] [modloading-worker-0/DEBUG] [net.minecraftforge.fml.javafmlmod.AutomaticEventSubscriber/LOADING]: Attempting to inject @EventBusSubscriber classes into the eventbus for storagedrawers
[22Jun2025 03:47:46.166] [modloading-worker-0/DEBUG] [net.minecraftforge.fml.javafmlmod.AutomaticEventSubscriber/LOADING]: Auto-subscribing com.jaquadro.minecraft.storagedrawers.core.CommonEventBusSubscriber to FORGE
[22Jun2025 03:47:46.177] [modloading-worker-0/DEBUG] [betterstrongholds/]: Loaded com.yungnickyoung.minecraft.betterstrongholds.services.ForgePlatformHelper@583ac9e for service interface com.yungnickyoung.minecraft.betterstrongholds.services.IPlatformHelper
[22Jun2025 03:47:46.180] [modloading-worker-0/DEBUG] [betterstrongholds/]: Loaded com.yungnickyoung.minecraft.betterstrongholds.services.ForgeModulesLoader@19bdda23 for service interface com.yungnickyoung.minecraft.betterstrongholds.services.IModulesLoader
[22Jun2025 03:47:46.181] [modloading-worker-0/DEBUG] [betterstrongholds/]: Loaded com.yungnickyoung.minecraft.betterstrongholds.services.ForgeProcessorProvider@7f2731cd for service interface com.yungnickyoung.minecraft.betterstrongholds.services.IProcessorProvider
[22Jun2025 03:47:46.188] [modloading-worker-0/DEBUG] [net.minecraftforge.fml.config.ConfigTracker/CONFIG]: Config file parcool-client.toml for parcool tracking
[22Jun2025 03:47:46.189] [modloading-worker-0/DEBUG] [net.minecraftforge.fml.javafmlmod.AutomaticEventSubscriber/LOADING]: Attempting to inject @EventBusSubscriber classes into the eventbus for parcool
[22Jun2025 03:47:46.192] [modloading-worker-0/DEBUG] [net.minecraftforge.fml.config.ConfigTracker/CONFIG]: Config file rusticdelight-common.toml for rusticdelight tracking
[22Jun2025 03:47:46.262] [modloading-worker-0/DEBUG] [net.minecraftforge.fml.javafmlmod.AutomaticEventSubscriber/LOADING]: Attempting to inject @EventBusSubscriber classes into the eventbus for rusticdelight
[22Jun2025 03:47:46.263] [modloading-worker-0/DEBUG] [net.minecraftforge.fml.javafmlmod.AutomaticEventSubscriber/LOADING]: Auto-subscribing com.phantomwing.rusticdelight.event.ModEvents to FORGE
[22Jun2025 03:47:46.267] [modloading-worker-0/DEBUG] [net.minecraftforge.fml.javafmlmod.AutomaticEventSubscriber/LOADING]: Auto-subscribing com.phantomwing.rusticdelight.datagen.DataGenerators to MOD
[22Jun2025 03:47:46.353] [modloading-worker-0/DEBUG] [mixin/]: Mixing accessor.LootTableForgeAccessor from puzzleslib.forge.mixins.json into net.minecraft.world.level.storage.loot.LootTable
[22Jun2025 03:47:46.411] [modloading-worker-0/DEBUG] [net.minecraftforge.fml.javafmlmod.AutomaticEventSubscriber/LOADING]: Attempting to inject @EventBusSubscriber classes into the eventbus for architectury
[22Jun2025 03:47:46.412] [modloading-worker-0/DEBUG] [net.minecraftforge.fml.javafmlmod.AutomaticEventSubscriber/LOADING]: Auto-subscribing dev.architectury.registry.level.entity.trade.forge.TradeRegistryImpl to FORGE
[22Jun2025 03:47:46.420] [modloading-worker-0/DEBUG] [net.minecraftforge.fml.javafmlmod.AutomaticEventSubscriber/LOADING]: Auto-subscribing dev.architectury.registry.forge.ReloadListenerRegistryImpl to FORGE
[22Jun2025 03:47:46.423] [modloading-worker-0/DEBUG] [net.minecraftforge.fml.javafmlmod.AutomaticEventSubscriber/LOADING]: Auto-subscribing dev.architectury.networking.forge.NetworkManagerImpl to FORGE
[22Jun2025 03:47:46.440] [modloading-worker-0/INFO] [dev.architectury.networking.forge.NetworkManagerImpl/]: Registering C2S receiver with id architectury:sync_ids
[22Jun2025 03:47:46.471] [modloading-worker-0/DEBUG] [net.minecraftforge.fml.javafmlmod.AutomaticEventSubscriber/LOADING]: Attempting to inject @EventBusSubscriber classes into the eventbus for octolib
[22Jun2025 03:47:46.479] [modloading-worker-0/DEBUG] [net.minecraftforge.fml.javafmlmod.AutomaticEventSubscriber/LOADING]: Attempting to inject @EventBusSubscriber classes into the eventbus for nerb
[22Jun2025 03:47:46.481] [modloading-worker-0/DEBUG] [net.minecraftforge.fml.javafmlmod.AutomaticEventSubscriber/LOADING]: Attempting to inject @EventBusSubscriber classes into the eventbus for ferritecore
[22Jun2025 03:47:46.485] [modloading-worker-0/INFO] [com.cupboard.Cupboard/]: Loaded config for: cupboard.json
[22Jun2025 03:47:46.493] [modloading-worker-0/DEBUG] [net.minecraftforge.fml.javafmlmod.AutomaticEventSubscriber/LOADING]: Attempting to inject @EventBusSubscriber classes into the eventbus for cupboard
[22Jun2025 03:47:46.500] [modloading-worker-0/DEBUG] [betterendisland/]: Loaded com.yungnickyoung.minecraft.betterendisland.services.ForgePlatformHelper@41d37c4c for service interface com.yungnickyoung.minecraft.betterendisland.services.IPlatformHelper
[22Jun2025 03:47:46.504] [modloading-worker-0/DEBUG] [betterendisland/]: Loaded com.yungnickyoung.minecraft.betterendisland.services.ForgeModulesLoader@1d19fbd9 for service interface com.yungnickyoung.minecraft.betterendisland.services.IModulesLoader
[22Jun2025 03:47:46.507] [modloading-worker-0/DEBUG] [net.minecraftforge.fml.config.ConfigTracker/CONFIG]: Config file betterendisland-forge-1_20.toml for betterendisland tracking
[22Jun2025 03:47:46.508] [modloading-worker-0/DEBUG] [net.minecraftforge.fml.javafmlmod.AutomaticEventSubscriber/LOADING]: Attempting to inject @EventBusSubscriber classes into the eventbus for betterendisland
[22Jun2025 03:47:46.508] [modloading-worker-0/DEBUG] [net.minecraftforge.fml.javafmlmod.AutomaticEventSubscriber/LOADING]: Attempting to inject @EventBusSubscriber classes into the eventbus for puzzleslib
[22Jun2025 03:47:46.509] [modloading-worker-0/DEBUG] [net.minecraftforge.fml.javafmlmod.AutomaticEventSubscriber/LOADING]: Auto-subscribing fuzs.puzzleslib.impl.PuzzlesLibForge to MOD
[22Jun2025 03:47:46.584] [modloading-worker-0/INFO] [Puzzles Lib/]: Constructing common components for puzzleslib:main
[22Jun2025 03:47:46.594] [modloading-worker-0/DEBUG] [net.minecraftforge.fml.config.ConfigTracker/CONFIG]: Config file betterstrongholds-forge-1_20.toml for betterstrongholds tracking
[22Jun2025 03:47:46.595] [modloading-worker-0/DEBUG] [net.minecraftforge.fml.javafmlmod.AutomaticEventSubscriber/LOADING]: Attempting to inject @EventBusSubscriber classes into the eventbus for betterstrongholds
[22Jun2025 03:47:46.750] [modloading-worker-0/DEBUG] [net.minecraftforge.fml.javafmlmod.AutomaticEventSubscriber/LOADING]: Attempting to inject @EventBusSubscriber classes into the eventbus for fallingtree
[22Jun2025 03:47:46.783] [modloading-worker-0/DEBUG] [net.minecraftforge.fml.config.ConfigTracker/CONFIG]: Config file l2_configs/l2tabs-client.toml for l2tabs tracking
[22Jun2025 03:47:46.785] [modloading-worker-0/DEBUG] [net.minecraftforge.fml.config.ConfigTracker/CONFIG]: Config file l2_configs/l2tabs-common.toml for l2tabs tracking
[22Jun2025 03:47:46.829] [modloading-worker-0/DEBUG] [net.minecraftforge.fml.javafmlmod.AutomaticEventSubscriber/LOADING]: Attempting to inject @EventBusSubscriber classes into the eventbus for l2tabs
[22Jun2025 03:47:46.830] [modloading-worker-0/DEBUG] [net.minecraftforge.fml.javafmlmod.AutomaticEventSubscriber/LOADING]: Auto-subscribing dev.xkmc.l2tabs.init.L2Tabs to MOD
[22Jun2025 03:47:46.856] [modloading-worker-0/DEBUG] [com.tterrag.registrate.AbstractRegistrate/REGISTRATE.REGISTER]: Captured registration for entry l2library:enchantments_low of type minecraft:creative_mode_tab
[22Jun2025 03:47:46.859] [modloading-worker-0/DEBUG] [com.tterrag.registrate.AbstractRegistrate/REGISTRATE.REGISTER]: Captured registration for entry l2library:enchantments_max of type minecraft:creative_mode_tab
[22Jun2025 03:47:46.861] [modloading-worker-0/DEBUG] [com.tterrag.registrate.AbstractRegistrate/REGISTRATE.REGISTER]: Captured registration for entry l2library:l2complements of type minecraft:creative_mode_tab
[22Jun2025 03:47:46.868] [modloading-worker-0/DEBUG] [net.minecraftforge.fml.config.ConfigTracker/CONFIG]: Config file l2_configs/l2library-client.toml for l2library tracking
[22Jun2025 03:47:46.870] [modloading-worker-0/DEBUG] [net.minecraftforge.fml.config.ConfigTracker/CONFIG]: Config file l2_configs/l2library-common.toml for l2library tracking
[22Jun2025 03:47:46.891] [modloading-worker-0/DEBUG] [mixin/]: Mixing TagsProviderForgeMixin from puzzleslib.forge.mixins.json into net.minecraft.data.tags.TagsProvider
[22Jun2025 03:47:46.900] [modloading-worker-0/DEBUG] [net.minecraftforge.fml.javafmlmod.AutomaticEventSubscriber/LOADING]: Attempting to inject @EventBusSubscriber classes into the eventbus for l2library
[22Jun2025 03:47:46.901] [modloading-worker-0/DEBUG] [net.minecraftforge.fml.javafmlmod.AutomaticEventSubscriber/LOADING]: Auto-subscribing dev.xkmc.l2library.init.events.GeneralEventHandler to FORGE
[22Jun2025 03:47:46.901] [modloading-worker-0/DEBUG] [net.minecraftforge.fml.javafmlmod.AutomaticEventSubscriber/LOADING]: Auto-subscribing dev.xkmc.l2library.init.events.EffectSyncEvents to FORGE
[22Jun2025 03:47:46.922] [modloading-worker-0/DEBUG] [net.minecraftforge.fml.javafmlmod.AutomaticEventSubscriber/LOADING]: Auto-subscribing dev.xkmc.l2library.init.events.BaseCapabilityEvents to FORGE
[22Jun2025 03:47:46.934] [modloading-worker-0/DEBUG] [com.tterrag.registrate.AbstractRegistrate/REGISTRATE.REGISTER]: Captured registration for entry l2complements:eternal_anvil of type minecraft:item
[22Jun2025 03:47:46.934] [modloading-worker-0/DEBUG] [com.tterrag.registrate.AbstractRegistrate/REGISTRATE.REGISTER]: Captured registration for entry l2complements:eternal_anvil of type minecraft:block
[22Jun2025 03:47:46.936] [modloading-worker-0/DEBUG] [net.minecraftforge.fml.javafmlmod.AutomaticEventSubscriber/LOADING]: Auto-subscribing dev.xkmc.l2library.init.L2Library to MOD
[22Jun2025 03:47:46.943] [modloading-worker-0/DEBUG] [com.tterrag.registrate.AbstractRegistrate/REGISTRATE.REGISTER]: Captured registration for entry l2library:weaponry of type minecraft:creative_mode_tab
[22Jun2025 03:47:46.944] [modloading-worker-0/DEBUG] [com.tterrag.registrate.AbstractRegistrate/REGISTRATE.REGISTER]: Captured registration for entry l2weaponry:shield_defense of type minecraft:attribute
[22Jun2025 03:47:46.945] [modloading-worker-0/DEBUG] [com.tterrag.registrate.AbstractRegistrate/REGISTRATE.REGISTER]: Captured registration for entry l2weaponry:reflect_time of type minecraft:attribute
[22Jun2025 03:47:46.946] [modloading-worker-0/DEBUG] [com.tterrag.registrate.AbstractRegistrate/REGISTRATE.REGISTER]: Captured registration for entry l2weaponry:reinforced_handle of type minecraft:item
[22Jun2025 03:47:46.959] [modloading-worker-0/DEBUG] [com.tterrag.registrate.AbstractRegistrate/REGISTRATE.REGISTER]: Captured registration for entry l2complements:totemic_gold_block of type minecraft:item
[22Jun2025 03:47:46.960] [modloading-worker-0/DEBUG] [com.tterrag.registrate.AbstractRegistrate/REGISTRATE.REGISTER]: Captured registration for entry l2complements:totemic_gold_block of type minecraft:block
[22Jun2025 03:47:46.960] [modloading-worker-0/DEBUG] [com.tterrag.registrate.AbstractRegistrate/REGISTRATE.REGISTER]: Captured registration for entry l2complements:poseidite_block of type minecraft:item
[22Jun2025 03:47:46.961] [modloading-worker-0/DEBUG] [com.tterrag.registrate.AbstractRegistrate/REGISTRATE.REGISTER]: Captured registration for entry l2complements:poseidite_block of type minecraft:block
[22Jun2025 03:47:46.961] [modloading-worker-0/DEBUG] [com.tterrag.registrate.AbstractRegistrate/REGISTRATE.REGISTER]: Captured registration for entry l2complements:shulkerate_block of type minecraft:item
[22Jun2025 03:47:46.961] [modloading-worker-0/DEBUG] [com.tterrag.registrate.AbstractRegistrate/REGISTRATE.REGISTER]: Captured registration for entry l2complements:shulkerate_block of type minecraft:block
[22Jun2025 03:47:46.961] [modloading-worker-0/DEBUG] [com.tterrag.registrate.AbstractRegistrate/REGISTRATE.REGISTER]: Captured registration for entry l2complements:sculkium_block of type minecraft:item
[22Jun2025 03:47:46.961] [modloading-worker-0/DEBUG] [com.tterrag.registrate.AbstractRegistrate/REGISTRATE.REGISTER]: Captured registration for entry l2complements:sculkium_block of type minecraft:block
[22Jun2025 03:47:46.961] [modloading-worker-0/DEBUG] [com.tterrag.registrate.AbstractRegistrate/REGISTRATE.REGISTER]: Captured registration for entry l2complements:eternium_block of type minecraft:item
[22Jun2025 03:47:46.961] [modloading-worker-0/DEBUG] [com.tterrag.registrate.AbstractRegistrate/REGISTRATE.REGISTER]: Captured registration for entry l2complements:eternium_block of type minecraft:block
[22Jun2025 03:47:46.962] [modloading-worker-0/DEBUG] [com.tterrag.registrate.AbstractRegistrate/REGISTRATE.REGISTER]: Captured registration for entry l2complements:totemic_gold_ingot of type minecraft:item
[22Jun2025 03:47:46.963] [modloading-worker-0/DEBUG] [com.tterrag.registrate.AbstractRegistrate/REGISTRATE.REGISTER]: Captured registration for entry l2complements:poseidite_ingot of type minecraft:item
[22Jun2025 03:47:46.963] [modloading-worker-0/DEBUG] [com.tterrag.registrate.AbstractRegistrate/REGISTRATE.REGISTER]: Captured registration for entry l2complements:shulkerate_ingot of type minecraft:item
[22Jun2025 03:47:46.964] [modloading-worker-0/DEBUG] [com.tterrag.registrate.AbstractRegistrate/REGISTRATE.REGISTER]: Captured registration for entry l2complements:sculkium_ingot of type minecraft:item
[22Jun2025 03:47:46.964] [modloading-worker-0/DEBUG] [com.tterrag.registrate.AbstractRegistrate/REGISTRATE.REGISTER]: Captured registration for entry l2complements:eternium_ingot of type minecraft:item
[22Jun2025 03:47:46.964] [modloading-worker-0/DEBUG] [com.tterrag.registrate.AbstractRegistrate/REGISTRATE.REGISTER]: Captured registration for entry l2complements:totemic_gold_nugget of type minecraft:item
[22Jun2025 03:47:46.964] [modloading-worker-0/DEBUG] [com.tterrag.registrate.AbstractRegistrate/REGISTRATE.REGISTER]: Captured registration for entry l2complements:poseidite_nugget of type minecraft:item
[22Jun2025 03:47:46.965] [modloading-worker-0/DEBUG] [com.tterrag.registrate.AbstractRegistrate/REGISTRATE.REGISTER]: Captured registration for entry l2complements:shulkerate_nugget of type minecraft:item
[22Jun2025 03:47:46.965] [modloading-worker-0/DEBUG] [com.tterrag.registrate.AbstractRegistrate/REGISTRATE.REGISTER]: Captured registration for entry l2complements:sculkium_nugget of type minecraft:item
[22Jun2025 03:47:46.966] [modloading-worker-0/DEBUG] [com.tterrag.registrate.AbstractRegistrate/REGISTRATE.REGISTER]: Captured registration for entry l2complements:eternium_nugget of type minecraft:item
[22Jun2025 03:47:46.971] [modloading-worker-0/DEBUG] [com.tterrag.registrate.AbstractRegistrate/REGISTRATE.REGISTER]: Captured registration for entry l2complements:wind_capture_bottle of type minecraft:item
[22Jun2025 03:47:46.973] [modloading-worker-0/DEBUG] [com.tterrag.registrate.AbstractRegistrate/REGISTRATE.REGISTER]: Captured registration for entry l2complements:void_eye of type minecraft:item
[22Jun2025 03:47:46.976] [modloading-worker-0/DEBUG] [com.tterrag.registrate.AbstractRegistrate/REGISTRATE.REGISTER]: Captured registration for entry l2complements:captured_wind of type minecraft:item
[22Jun2025 03:47:46.976] [modloading-worker-0/DEBUG] [com.tterrag.registrate.AbstractRegistrate/REGISTRATE.REGISTER]: Captured registration for entry l2complements:captured_shulker_bullet of type minecraft:item
[22Jun2025 03:47:46.978] [modloading-worker-0/DEBUG] [com.tterrag.registrate.AbstractRegistrate/REGISTRATE.REGISTER]: Captured registration for entry l2complements:sun_membrane of type minecraft:item
[22Jun2025 03:47:46.979] [modloading-worker-0/DEBUG] [com.tterrag.registrate.AbstractRegistrate/REGISTRATE.REGISTER]: Captured registration for entry l2complements:explosion_shard of type minecraft:item
[22Jun2025 03:47:46.980] [modloading-worker-0/DEBUG] [com.tterrag.registrate.AbstractRegistrate/REGISTRATE.REGISTER]: Captured registration for entry l2complements:hard_ice of type minecraft:item
[22Jun2025 03:47:46.980] [modloading-worker-0/DEBUG] [com.tterrag.registrate.AbstractRegistrate/REGISTRATE.REGISTER]: Captured registration for entry l2complements:soul_flame of type minecraft:item
[22Jun2025 03:47:46.982] [modloading-worker-0/DEBUG] [com.tterrag.registrate.AbstractRegistrate/REGISTRATE.REGISTER]: Captured registration for entry l2complements:storm_core of type minecraft:item
[22Jun2025 03:47:46.982] [modloading-worker-0/DEBUG] [com.tterrag.registrate.AbstractRegistrate/REGISTRATE.REGISTER]: Captured registration for entry l2complements:blackstone_core of type minecraft:item
[22Jun2025 03:47:46.984] [modloading-worker-0/DEBUG] [com.tterrag.registrate.AbstractRegistrate/REGISTRATE.REGISTER]: Captured registration for entry l2complements:resonant_feather of type minecraft:item
[22Jun2025 03:47:46.984] [modloading-worker-0/DEBUG] [com.tterrag.registrate.AbstractRegistrate/REGISTRATE.REGISTER]: Captured registration for entry l2complements:space_shard of type minecraft:item
[22Jun2025 03:47:46.985] [modloading-worker-0/DEBUG] [com.tterrag.registrate.AbstractRegistrate/REGISTRATE.REGISTER]: Captured registration for entry l2complements:warden_bone_shard of type minecraft:item
[22Jun2025 03:47:46.986] [modloading-worker-0/DEBUG] [com.tterrag.registrate.AbstractRegistrate/REGISTRATE.REGISTER]: Captured registration for entry l2complements:guardian_eye of type minecraft:item
[22Jun2025 03:47:46.989] [modloading-worker-0/DEBUG] [com.tterrag.registrate.AbstractRegistrate/REGISTRATE.REGISTER]: Captured registration for entry l2complements:heirophant_green of type minecraft:item
[22Jun2025 03:47:46.989] [modloading-worker-0/DEBUG] [com.tterrag.registrate.AbstractRegistrate/REGISTRATE.REGISTER]: Captured registration for entry l2complements:cursed_droplet of type minecraft:item
[22Jun2025 03:47:46.989] [modloading-worker-0/DEBUG] [com.tterrag.registrate.AbstractRegistrate/REGISTRATE.REGISTER]: Captured registration for entry l2complements:life_essence of type minecraft:item
[22Jun2025 03:47:46.990] [modloading-worker-0/DEBUG] [com.tterrag.registrate.AbstractRegistrate/REGISTRATE.REGISTER]: Captured registration for entry l2complements:force_field of type minecraft:item
[22Jun2025 03:47:46.993] [modloading-worker-0/DEBUG] [com.tterrag.registrate.AbstractRegistrate/REGISTRATE.REGISTER]: Captured registration for entry l2complements:guardian_rune of type minecraft:item
[22Jun2025 03:47:46.994] [modloading-worker-0/DEBUG] [com.tterrag.registrate.AbstractRegistrate/REGISTRATE.REGISTER]: Captured registration for entry l2complements:piglin_rune of type minecraft:item
[22Jun2025 03:47:46.997] [modloading-worker-0/DEBUG] [com.tterrag.registrate.AbstractRegistrate/REGISTRATE.REGISTER]: Captured registration for entry l2complements:fragile_warp_stone of type minecraft:item
[22Jun2025 03:47:46.995] [modloading-worker-0/DEBUG] [com.tterrag.registrate.AbstractRegistrate/REGISTRATE.REGISTER]: Captured registration for entry l2weaponry:vampire_desire of type minecraft:item
[22Jun2025 03:47:46.999] [modloading-worker-0/DEBUG] [com.tterrag.registrate.AbstractRegistrate/REGISTRATE.REGISTER]: Captured registration for entry l2complements:reinforced_warp_stone of type minecraft:item
[22Jun2025 03:47:47.002] [modloading-worker-0/DEBUG] [com.tterrag.registrate.AbstractRegistrate/REGISTRATE.REGISTER]: Captured registration for entry l2complements:totem_of_dream of type minecraft:item
[22Jun2025 03:47:47.002] [modloading-worker-0/DEBUG] [com.tterrag.registrate.AbstractRegistrate/REGISTRATE.REGISTER]: Captured registration for entry l2weaponry:claw_of_determination of type minecraft:item
[22Jun2025 03:47:47.004] [modloading-worker-0/DEBUG] [com.tterrag.registrate.AbstractRegistrate/REGISTRATE.REGISTER]: Captured registration for entry l2complements:totem_of_the_sea of type minecraft:item
[22Jun2025 03:47:47.006] [modloading-worker-0/DEBUG] [com.tterrag.registrate.AbstractRegistrate/REGISTRATE.REGISTER]: Captured registration for entry l2complements:eternal_totem_of_dream of type minecraft:item
[22Jun2025 03:47:47.005] [modloading-worker-0/DEBUG] [com.tterrag.registrate.AbstractRegistrate/REGISTRATE.REGISTER]: Captured registration for entry l2weaponry:shadow_hunter of type minecraft:item
[22Jun2025 03:47:47.007] [modloading-worker-0/DEBUG] [com.tterrag.registrate.AbstractRegistrate/REGISTRATE.REGISTER]: Captured registration for entry l2weaponry:abyss_shock of type minecraft:item
[22Jun2025 03:47:47.008] [modloading-worker-0/DEBUG] [com.tterrag.registrate.AbstractRegistrate/REGISTRATE.REGISTER]: Captured registration for entry l2complements:soul_fire_charge of type minecraft:item
[22Jun2025 03:47:47.010] [modloading-worker-0/DEBUG] [com.tterrag.registrate.AbstractRegistrate/REGISTRATE.REGISTER]: Captured registration for entry l2complements:strong_fire_charge of type minecraft:item
[22Jun2025 03:47:47.010] [modloading-worker-0/DEBUG] [com.tterrag.registrate.AbstractRegistrate/REGISTRATE.REGISTER]: Captured registration for entry l2weaponry:shadow_shredder of type minecraft:item
[22Jun2025 03:47:47.013] [modloading-worker-0/DEBUG] [com.tterrag.registrate.AbstractRegistrate/REGISTRATE.REGISTER]: Captured registration for entry l2complements:black_fire_charge of type minecraft:item
[22Jun2025 03:47:47.016] [modloading-worker-0/DEBUG] [com.tterrag.registrate.AbstractRegistrate/REGISTRATE.REGISTER]: Captured registration for entry l2weaponry:abyss_resonance of type minecraft:item
[22Jun2025 03:47:47.017] [modloading-worker-0/DEBUG] [com.tterrag.registrate.AbstractRegistrate/REGISTRATE.REGISTER]: Captured registration for entry l2weaponry:blade_of_illusion of type minecraft:item
[22Jun2025 03:47:47.019] [modloading-worker-0/DEBUG] [com.tterrag.registrate.AbstractRegistrate/REGISTRATE.REGISTER]: Captured registration for entry l2weaponry:barbaric_hallow of type minecraft:item
[22Jun2025 03:47:47.019] [modloading-worker-0/DEBUG] [com.tterrag.registrate.AbstractRegistrate/REGISTRATE.REGISTER]: Captured registration for entry l2complements:sonic_shooter of type minecraft:item
[22Jun2025 03:47:47.020] [modloading-worker-0/DEBUG] [com.tterrag.registrate.AbstractRegistrate/REGISTRATE.REGISTER]: Captured registration for entry l2weaponry:hammer_of_incarceration of type minecraft:item
[22Jun2025 03:47:47.021] [modloading-worker-0/DEBUG] [com.tterrag.registrate.AbstractRegistrate/REGISTRATE.REGISTER]: Captured registration for entry l2weaponry:abyss_echo of type minecraft:item
[22Jun2025 03:47:47.022] [modloading-worker-0/DEBUG] [com.tterrag.registrate.AbstractRegistrate/REGISTRATE.REGISTER]: Captured registration for entry l2weaponry:dogmatic_punishment of type minecraft:item
[22Jun2025 03:47:47.025] [modloading-worker-0/DEBUG] [com.tterrag.registrate.AbstractRegistrate/REGISTRATE.REGISTER]: Captured registration for entry l2weaponry:axe_of_cursed_flame of type minecraft:item
[22Jun2025 03:47:47.026] [modloading-worker-0/DEBUG] [com.tterrag.registrate.AbstractRegistrate/REGISTRATE.REGISTER]: Captured registration for entry l2weaponry:abyss_terror of type minecraft:item
[22Jun2025 03:47:47.027] [modloading-worker-0/DEBUG] [com.tterrag.registrate.AbstractRegistrate/REGISTRATE.REGISTER]: Captured registration for entry l2weaponry:dogmatic_standoff of type minecraft:item
[22Jun2025 03:47:47.028] [modloading-worker-0/DEBUG] [com.tterrag.registrate.AbstractRegistrate/REGISTRATE.REGISTER]: Captured registration for entry l2weaponry:death_scythe of type minecraft:item
[22Jun2025 03:47:47.029] [modloading-worker-0/DEBUG] [com.tterrag.registrate.AbstractRegistrate/REGISTRATE.REGISTER]: Captured registration for entry l2weaponry:spear_of_winter_storm of type minecraft:item
[22Jun2025 03:47:47.030] [modloading-worker-0/DEBUG] [com.tterrag.registrate.AbstractRegistrate/REGISTRATE.REGISTER]: Captured registration for entry l2complements:hellfire_wand of type minecraft:item
[22Jun2025 03:47:47.031] [modloading-worker-0/DEBUG] [com.tterrag.registrate.AbstractRegistrate/REGISTRATE.REGISTER]: Captured registration for entry l2complements:diffusion_wand of type minecraft:item
[22Jun2025 03:47:47.032] [modloading-worker-0/DEBUG] [com.tterrag.registrate.AbstractRegistrate/REGISTRATE.REGISTER]: Captured registration for entry l2weaponry:haunting_demon_of_the_end of type minecraft:item
[22Jun2025 03:47:47.034] [modloading-worker-0/DEBUG] [com.tterrag.registrate.AbstractRegistrate/REGISTRATE.REGISTER]: Captured registration for entry l2weaponry:poseidon_madness of type minecraft:item
[22Jun2025 03:47:47.034] [modloading-worker-0/DEBUG] [com.tterrag.registrate.AbstractRegistrate/REGISTRATE.REGISTER]: Captured registration for entry l2complements:winterstorm_wand of type minecraft:item
[22Jun2025 03:47:47.036] [modloading-worker-0/DEBUG] [com.tterrag.registrate.AbstractRegistrate/REGISTRATE.REGISTER]: Captured registration for entry l2complements:totemic_carrot of type minecraft:item
[22Jun2025 03:47:47.037] [modloading-worker-0/DEBUG] [com.tterrag.registrate.AbstractRegistrate/REGISTRATE.REGISTER]: Captured registration for entry l2complements:enchanted_totemic_carrot of type minecraft:item
[22Jun2025 03:47:47.038] [modloading-worker-0/DEBUG] [com.tterrag.registrate.AbstractRegistrate/REGISTRATE.REGISTER]: Captured registration for entry l2complements:totemic_apple of type minecraft:item
[22Jun2025 03:47:47.038] [modloading-worker-0/DEBUG] [com.tterrag.registrate.AbstractRegistrate/REGISTRATE.REGISTER]: Captured registration for entry l2complements:enchanted_totemic_apple of type minecraft:item
[22Jun2025 03:47:47.039] [modloading-worker-0/DEBUG] [com.tterrag.registrate.AbstractRegistrate/REGISTRATE.REGISTER]: Captured registration for entry l2complements:totemic_gold_helmet of type minecraft:item
[22Jun2025 03:47:47.038] [modloading-worker-0/DEBUG] [com.tterrag.registrate.AbstractRegistrate/REGISTRATE.REGISTER]: Captured registration for entry l2weaponry:void_escape of type minecraft:item
[22Jun2025 03:47:47.041] [modloading-worker-0/DEBUG] [com.tterrag.registrate.AbstractRegistrate/REGISTRATE.REGISTER]: Captured registration for entry l2complements:totemic_gold_chestplate of type minecraft:item
[22Jun2025 03:47:47.041] [modloading-worker-0/DEBUG] [com.tterrag.registrate.AbstractRegistrate/REGISTRATE.REGISTER]: Captured registration for entry l2complements:totemic_gold_leggings of type minecraft:item
[22Jun2025 03:47:47.042] [modloading-worker-0/DEBUG] [com.tterrag.registrate.AbstractRegistrate/REGISTRATE.REGISTER]: Captured registration for entry l2complements:totemic_gold_boots of type minecraft:item
[22Jun2025 03:47:47.054] [modloading-worker-0/DEBUG] [com.tterrag.registrate.AbstractRegistrate/REGISTRATE.REGISTER]: Captured registration for entry l2weaponry:iron_claw of type minecraft:item
[22Jun2025 03:47:47.055] [modloading-worker-0/DEBUG] [com.tterrag.registrate.AbstractRegistrate/REGISTRATE.REGISTER]: Captured registration for entry l2weaponry:gold_claw of type minecraft:item
[22Jun2025 03:47:47.055] [modloading-worker-0/DEBUG] [com.tterrag.registrate.AbstractRegistrate/REGISTRATE.REGISTER]: Captured registration for entry l2weaponry:diamond_claw of type minecraft:item
[22Jun2025 03:47:47.055] [modloading-worker-0/DEBUG] [com.tterrag.registrate.AbstractRegistrate/REGISTRATE.REGISTER]: Captured registration for entry l2weaponry:netherite_claw of type minecraft:item
[22Jun2025 03:47:47.057] [modloading-worker-0/DEBUG] [com.tterrag.registrate.AbstractRegistrate/REGISTRATE.REGISTER]: Captured registration for entry l2weaponry:totemic_gold_claw of type minecraft:item
[22Jun2025 03:47:47.058] [modloading-worker-0/DEBUG] [com.tterrag.registrate.AbstractRegistrate/REGISTRATE.REGISTER]: Captured registration for entry l2weaponry:poseidite_claw of type minecraft:item
[22Jun2025 03:47:47.058] [modloading-worker-0/DEBUG] [com.tterrag.registrate.AbstractRegistrate/REGISTRATE.REGISTER]: Captured registration for entry l2weaponry:shulkerate_claw of type minecraft:item
[22Jun2025 03:47:47.058] [modloading-worker-0/DEBUG] [com.tterrag.registrate.AbstractRegistrate/REGISTRATE.REGISTER]: Captured registration for entry l2weaponry:sculkium_claw of type minecraft:item
[22Jun2025 03:47:47.058] [modloading-worker-0/DEBUG] [com.tterrag.registrate.AbstractRegistrate/REGISTRATE.REGISTER]: Captured registration for entry l2weaponry:eternium_claw of type minecraft:item
[22Jun2025 03:47:47.058] [modloading-worker-0/DEBUG] [com.tterrag.registrate.AbstractRegistrate/REGISTRATE.REGISTER]: Captured registration for entry l2weaponry:iron_dagger of type minecraft:item
[22Jun2025 03:47:47.059] [modloading-worker-0/DEBUG] [com.tterrag.registrate.AbstractRegistrate/REGISTRATE.REGISTER]: Captured registration for entry l2weaponry:gold_dagger of type minecraft:item
[22Jun2025 03:47:47.059] [modloading-worker-0/DEBUG] [com.tterrag.registrate.AbstractRegistrate/REGISTRATE.REGISTER]: Captured registration for entry l2weaponry:diamond_dagger of type minecraft:item
[22Jun2025 03:47:47.059] [modloading-worker-0/DEBUG] [com.tterrag.registrate.AbstractRegistrate/REGISTRATE.REGISTER]: Captured registration for entry l2weaponry:netherite_dagger of type minecraft:item
[22Jun2025 03:47:47.059] [modloading-worker-0/DEBUG] [com.tterrag.registrate.AbstractRegistrate/REGISTRATE.REGISTER]: Captured registration for entry l2weaponry:totemic_gold_dagger of type minecraft:item
[22Jun2025 03:47:47.059] [modloading-worker-0/DEBUG] [com.tterrag.registrate.AbstractRegistrate/REGISTRATE.REGISTER]: Captured registration for entry l2weaponry:poseidite_dagger of type minecraft:item
[22Jun2025 03:47:47.059] [modloading-worker-0/DEBUG] [com.tterrag.registrate.AbstractRegistrate/REGISTRATE.REGISTER]: Captured registration for entry l2weaponry:shulkerate_dagger of type minecraft:item
[22Jun2025 03:47:47.059] [modloading-worker-0/DEBUG] [com.tterrag.registrate.AbstractRegistrate/REGISTRATE.REGISTER]: Captured registration for entry l2weaponry:sculkium_dagger of type minecraft:item
[22Jun2025 03:47:47.060] [modloading-worker-0/DEBUG] [com.tterrag.registrate.AbstractRegistrate/REGISTRATE.REGISTER]: Captured registration for entry l2weaponry:eternium_dagger of type minecraft:item
[22Jun2025 03:47:47.061] [modloading-worker-0/DEBUG] [com.tterrag.registrate.AbstractRegistrate/REGISTRATE.REGISTER]: Captured registration for entry l2weaponry:iron_machete of type minecraft:item
[22Jun2025 03:47:47.061] [modloading-worker-0/DEBUG] [com.tterrag.registrate.AbstractRegistrate/REGISTRATE.REGISTER]: Captured registration for entry l2weaponry:gold_machete of type minecraft:item
[22Jun2025 03:47:47.061] [modloading-worker-0/DEBUG] [com.tterrag.registrate.AbstractRegistrate/REGISTRATE.REGISTER]: Captured registration for entry l2weaponry:diamond_machete of type minecraft:item
[22Jun2025 03:47:47.061] [modloading-worker-0/DEBUG] [com.tterrag.registrate.AbstractRegistrate/REGISTRATE.REGISTER]: Captured registration for entry l2weaponry:netherite_machete of type minecraft:item
[22Jun2025 03:47:47.062] [modloading-worker-0/DEBUG] [com.tterrag.registrate.AbstractRegistrate/REGISTRATE.REGISTER]: Captured registration for entry l2weaponry:totemic_gold_machete of type minecraft:item
[22Jun2025 03:47:47.062] [modloading-worker-0/DEBUG] [com.tterrag.registrate.AbstractRegistrate/REGISTRATE.REGISTER]: Captured registration for entry l2weaponry:poseidite_machete of type minecraft:item
[22Jun2025 03:47:47.062] [modloading-worker-0/DEBUG] [com.tterrag.registrate.AbstractRegistrate/REGISTRATE.REGISTER]: Captured registration for entry l2weaponry:shulkerate_machete of type minecraft:item
[22Jun2025 03:47:47.062] [modloading-worker-0/DEBUG] [com.tterrag.registrate.AbstractRegistrate/REGISTRATE.REGISTER]: Captured registration for entry l2weaponry:sculkium_machete of type minecraft:item
[22Jun2025 03:47:47.063] [modloading-worker-0/DEBUG] [com.tterrag.registrate.AbstractRegistrate/REGISTRATE.REGISTER]: Captured registration for entry l2weaponry:eternium_machete of type minecraft:item
[22Jun2025 03:47:47.063] [modloading-worker-0/DEBUG] [com.tterrag.registrate.AbstractRegistrate/REGISTRATE.REGISTER]: Captured registration for entry l2weaponry:iron_throwing_axe of type minecraft:item
[22Jun2025 03:47:47.063] [modloading-worker-0/DEBUG] [com.tterrag.registrate.AbstractRegistrate/REGISTRATE.REGISTER]: Captured registration for entry l2weaponry:gold_throwing_axe of type minecraft:item
[22Jun2025 03:47:47.064] [modloading-worker-0/DEBUG] [com.tterrag.registrate.AbstractRegistrate/REGISTRATE.REGISTER]: Captured registration for entry l2weaponry:diamond_throwing_axe of type minecraft:item
[22Jun2025 03:47:47.064] [modloading-worker-0/DEBUG] [com.tterrag.registrate.AbstractRegistrate/REGISTRATE.REGISTER]: Captured registration for entry l2weaponry:netherite_throwing_axe of type minecraft:item
[22Jun2025 03:47:47.064] [modloading-worker-0/DEBUG] [com.tterrag.registrate.AbstractRegistrate/REGISTRATE.REGISTER]: Captured registration for entry l2weaponry:totemic_gold_throwing_axe of type minecraft:item
[22Jun2025 03:47:47.064] [modloading-worker-0/DEBUG] [com.tterrag.registrate.AbstractRegistrate/REGISTRATE.REGISTER]: Captured registration for entry l2weaponry:poseidite_throwing_axe of type minecraft:item
[22Jun2025 03:47:47.065] [modloading-worker-0/DEBUG] [com.tterrag.registrate.AbstractRegistrate/REGISTRATE.REGISTER]: Captured registration for entry l2weaponry:shulkerate_throwing_axe of type minecraft:item
[22Jun2025 03:47:47.065] [modloading-worker-0/DEBUG] [com.tterrag.registrate.AbstractRegistrate/REGISTRATE.REGISTER]: Captured registration for entry l2weaponry:sculkium_throwing_axe of type minecraft:item
[22Jun2025 03:47:47.065] [modloading-worker-0/DEBUG] [com.tterrag.registrate.AbstractRegistrate/REGISTRATE.REGISTER]: Captured registration for entry l2weaponry:eternium_throwing_axe of type minecraft:item
[22Jun2025 03:47:47.065] [modloading-worker-0/DEBUG] [com.tterrag.registrate.AbstractRegistrate/REGISTRATE.REGISTER]: Captured registration for entry l2weaponry:iron_hammer of type minecraft:item
[22Jun2025 03:47:47.065] [modloading-worker-0/DEBUG] [com.tterrag.registrate.AbstractRegistrate/REGISTRATE.REGISTER]: Captured registration for entry l2weaponry:gold_hammer of type minecraft:item
[22Jun2025 03:47:47.066] [modloading-worker-0/DEBUG] [com.tterrag.registrate.AbstractRegistrate/REGISTRATE.REGISTER]: Captured registration for entry l2weaponry:diamond_hammer of type minecraft:item
[22Jun2025 03:47:47.066] [modloading-worker-0/DEBUG] [com.tterrag.registrate.AbstractRegistrate/REGISTRATE.REGISTER]: Captured registration for entry l2weaponry:netherite_hammer of type minecraft:item
[22Jun2025 03:47:47.066] [modloading-worker-0/DEBUG] [com.tterrag.registrate.AbstractRegistrate/REGISTRATE.REGISTER]: Captured registration for entry l2weaponry:totemic_gold_hammer of type minecraft:item
[22Jun2025 03:47:47.066] [modloading-worker-0/DEBUG] [com.tterrag.registrate.AbstractRegistrate/REGISTRATE.REGISTER]: Captured registration for entry l2weaponry:poseidite_hammer of type minecraft:item
[22Jun2025 03:47:47.067] [modloading-worker-0/DEBUG] [com.tterrag.registrate.AbstractRegistrate/REGISTRATE.REGISTER]: Captured registration for entry l2weaponry:shulkerate_hammer of type minecraft:item
[22Jun2025 03:47:47.068] [modloading-worker-0/DEBUG] [com.tterrag.registrate.AbstractRegistrate/REGISTRATE.REGISTER]: Captured registration for entry l2weaponry:sculkium_hammer of type minecraft:item
[22Jun2025 03:47:47.068] [modloading-worker-0/DEBUG] [com.tterrag.registrate.AbstractRegistrate/REGISTRATE.REGISTER]: Captured registration for entry l2weaponry:eternium_hammer of type minecraft:item
[22Jun2025 03:47:47.068] [modloading-worker-0/DEBUG] [com.tterrag.registrate.AbstractRegistrate/REGISTRATE.REGISTER]: Captured registration for entry l2weaponry:iron_battle_axe of type minecraft:item
[22Jun2025 03:47:47.068] [modloading-worker-0/DEBUG] [com.tterrag.registrate.AbstractRegistrate/REGISTRATE.REGISTER]: Captured registration for entry l2weaponry:gold_battle_axe of type minecraft:item
[22Jun2025 03:47:47.069] [modloading-worker-0/DEBUG] [com.tterrag.registrate.AbstractRegistrate/REGISTRATE.REGISTER]: Captured registration for entry l2weaponry:diamond_battle_axe of type minecraft:item
[22Jun2025 03:47:47.069] [modloading-worker-0/DEBUG] [com.tterrag.registrate.AbstractRegistrate/REGISTRATE.REGISTER]: Captured registration for entry l2weaponry:netherite_battle_axe of type minecraft:item
[22Jun2025 03:47:47.068] [modloading-worker-0/DEBUG] [com.tterrag.registrate.AbstractRegistrate/REGISTRATE.REGISTER]: Captured registration for entry l2complements:totemic_gold_sword of type minecraft:item
[22Jun2025 03:47:47.069] [modloading-worker-0/DEBUG] [com.tterrag.registrate.AbstractRegistrate/REGISTRATE.REGISTER]: Captured registration for entry l2complements:totemic_gold_axe of type minecraft:item
[22Jun2025 03:47:47.070] [modloading-worker-0/DEBUG] [com.tterrag.registrate.AbstractRegistrate/REGISTRATE.REGISTER]: Captured registration for entry l2complements:totemic_gold_shovel of type minecraft:item
[22Jun2025 03:47:47.069] [modloading-worker-0/DEBUG] [com.tterrag.registrate.AbstractRegistrate/REGISTRATE.REGISTER]: Captured registration for entry l2weaponry:totemic_gold_battle_axe of type minecraft:item
[22Jun2025 03:47:47.070] [modloading-worker-0/DEBUG] [com.tterrag.registrate.AbstractRegistrate/REGISTRATE.REGISTER]: Captured registration for entry l2weaponry:poseidite_battle_axe of type minecraft:item
[22Jun2025 03:47:47.070] [modloading-worker-0/DEBUG] [com.tterrag.registrate.AbstractRegistrate/REGISTRATE.REGISTER]: Captured registration for entry l2weaponry:shulkerate_battle_axe of type minecraft:item
[22Jun2025 03:47:47.070] [modloading-worker-0/DEBUG] [com.tterrag.registrate.AbstractRegistrate/REGISTRATE.REGISTER]: Captured registration for entry l2weaponry:sculkium_battle_axe of type minecraft:item
[22Jun2025 03:47:47.070] [modloading-worker-0/DEBUG] [com.tterrag.registrate.AbstractRegistrate/REGISTRATE.REGISTER]: Captured registration for entry l2complements:totemic_gold_pickaxe of type minecraft:item
[22Jun2025 03:47:47.070] [modloading-worker-0/DEBUG] [com.tterrag.registrate.AbstractRegistrate/REGISTRATE.REGISTER]: Captured registration for entry l2complements:totemic_gold_hoe of type minecraft:item
[22Jun2025 03:47:47.071] [modloading-worker-0/DEBUG] [com.tterrag.registrate.AbstractRegistrate/REGISTRATE.REGISTER]: Captured registration for entry l2complements:poseidite_helmet of type minecraft:item
[22Jun2025 03:47:47.071] [modloading-worker-0/DEBUG] [com.tterrag.registrate.AbstractRegistrate/REGISTRATE.REGISTER]: Captured registration for entry l2complements:poseidite_chestplate of type minecraft:item
[22Jun2025 03:47:47.071] [modloading-worker-0/DEBUG] [com.tterrag.registrate.AbstractRegistrate/REGISTRATE.REGISTER]: Captured registration for entry l2complements:poseidite_leggings of type minecraft:item
[22Jun2025 03:47:47.071] [modloading-worker-0/DEBUG] [com.tterrag.registrate.AbstractRegistrate/REGISTRATE.REGISTER]: Captured registration for entry l2weaponry:eternium_battle_axe of type minecraft:item
[22Jun2025 03:47:47.071] [modloading-worker-0/DEBUG] [com.tterrag.registrate.AbstractRegistrate/REGISTRATE.REGISTER]: Captured registration for entry l2weaponry:iron_scythe of type minecraft:item
[22Jun2025 03:47:47.072] [modloading-worker-0/DEBUG] [com.tterrag.registrate.AbstractRegistrate/REGISTRATE.REGISTER]: Captured registration for entry l2weaponry:gold_scythe of type minecraft:item
[22Jun2025 03:47:47.072] [modloading-worker-0/DEBUG] [com.tterrag.registrate.AbstractRegistrate/REGISTRATE.REGISTER]: Captured registration for entry l2complements:poseidite_boots of type minecraft:item
[22Jun2025 03:47:47.072] [modloading-worker-0/DEBUG] [com.tterrag.registrate.AbstractRegistrate/REGISTRATE.REGISTER]: Captured registration for entry l2weaponry:diamond_scythe of type minecraft:item
[22Jun2025 03:47:47.072] [modloading-worker-0/DEBUG] [com.tterrag.registrate.AbstractRegistrate/REGISTRATE.REGISTER]: Captured registration for entry l2complements:poseidite_sword of type minecraft:item
[22Jun2025 03:47:47.073] [modloading-worker-0/DEBUG] [com.tterrag.registrate.AbstractRegistrate/REGISTRATE.REGISTER]: Captured registration for entry l2complements:poseidite_axe of type minecraft:item
[22Jun2025 03:47:47.072] [modloading-worker-0/DEBUG] [com.tterrag.registrate.AbstractRegistrate/REGISTRATE.REGISTER]: Captured registration for entry l2weaponry:netherite_scythe of type minecraft:item
[22Jun2025 03:47:47.073] [modloading-worker-0/DEBUG] [com.tterrag.registrate.AbstractRegistrate/REGISTRATE.REGISTER]: Captured registration for entry l2weaponry:totemic_gold_scythe of type minecraft:item
[22Jun2025 03:47:47.073] [modloading-worker-0/DEBUG] [com.tterrag.registrate.AbstractRegistrate/REGISTRATE.REGISTER]: Captured registration for entry l2complements:poseidite_shovel of type minecraft:item
[22Jun2025 03:47:47.073] [modloading-worker-0/DEBUG] [com.tterrag.registrate.AbstractRegistrate/REGISTRATE.REGISTER]: Captured registration for entry l2complements:poseidite_pickaxe of type minecraft:item
[22Jun2025 03:47:47.074] [modloading-worker-0/DEBUG] [com.tterrag.registrate.AbstractRegistrate/REGISTRATE.REGISTER]: Captured registration for entry l2complements:poseidite_hoe of type minecraft:item
[22Jun2025 03:47:47.074] [modloading-worker-0/DEBUG] [com.tterrag.registrate.AbstractRegistrate/REGISTRATE.REGISTER]: Captured registration for entry l2weaponry:poseidite_scythe of type minecraft:item
[22Jun2025 03:47:47.074] [modloading-worker-0/DEBUG] [com.tterrag.registrate.AbstractRegistrate/REGISTRATE.REGISTER]: Captured registration for entry l2weaponry:shulkerate_scythe of type minecraft:item
[22Jun2025 03:47:47.074] [modloading-worker-0/DEBUG] [com.tterrag.registrate.AbstractRegistrate/REGISTRATE.REGISTER]: Captured registration for entry l2complements:shulkerate_helmet of type minecraft:item
[22Jun2025 03:47:47.075] [modloading-worker-0/DEBUG] [com.tterrag.registrate.AbstractRegistrate/REGISTRATE.REGISTER]: Captured registration for entry l2complements:shulkerate_chestplate of type minecraft:item
[22Jun2025 03:47:47.075] [modloading-worker-0/DEBUG] [com.tterrag.registrate.AbstractRegistrate/REGISTRATE.REGISTER]: Captured registration for entry l2weaponry:sculkium_scythe of type minecraft:item
[22Jun2025 03:47:47.075] [modloading-worker-0/DEBUG] [com.tterrag.registrate.AbstractRegistrate/REGISTRATE.REGISTER]: Captured registration for entry l2weaponry:eternium_scythe of type minecraft:item
[22Jun2025 03:47:47.075] [modloading-worker-0/DEBUG] [com.tterrag.registrate.AbstractRegistrate/REGISTRATE.REGISTER]: Captured registration for entry l2complements:shulkerate_leggings of type minecraft:item
[22Jun2025 03:47:47.075] [modloading-worker-0/DEBUG] [com.tterrag.registrate.AbstractRegistrate/REGISTRATE.REGISTER]: Captured registration for entry l2complements:shulkerate_boots of type minecraft:item
[22Jun2025 03:47:47.075] [modloading-worker-0/DEBUG] [com.tterrag.registrate.AbstractRegistrate/REGISTRATE.REGISTER]: Captured registration for entry l2complements:shulkerate_sword of type minecraft:item
[22Jun2025 03:47:47.075] [modloading-worker-0/DEBUG] [com.tterrag.registrate.AbstractRegistrate/REGISTRATE.REGISTER]: Captured registration for entry l2weaponry:iron_spear of type minecraft:item
[22Jun2025 03:47:47.075] [modloading-worker-0/DEBUG] [com.tterrag.registrate.AbstractRegistrate/REGISTRATE.REGISTER]: Captured registration for entry l2weaponry:gold_spear of type minecraft:item
[22Jun2025 03:47:47.076] [modloading-worker-0/DEBUG] [com.tterrag.registrate.AbstractRegistrate/REGISTRATE.REGISTER]: Captured registration for entry l2weaponry:diamond_spear of type minecraft:item
[22Jun2025 03:47:47.076] [modloading-worker-0/DEBUG] [com.tterrag.registrate.AbstractRegistrate/REGISTRATE.REGISTER]: Captured registration for entry l2complements:shulkerate_axe of type minecraft:item
[22Jun2025 03:47:47.076] [modloading-worker-0/DEBUG] [com.tterrag.registrate.AbstractRegistrate/REGISTRATE.REGISTER]: Captured registration for entry l2complements:shulkerate_shovel of type minecraft:item
[22Jun2025 03:47:47.076] [modloading-worker-0/DEBUG] [com.tterrag.registrate.AbstractRegistrate/REGISTRATE.REGISTER]: Captured registration for entry l2complements:shulkerate_pickaxe of type minecraft:item
[22Jun2025 03:47:47.076] [modloading-worker-0/DEBUG] [com.tterrag.registrate.AbstractRegistrate/REGISTRATE.REGISTER]: Captured registration for entry l2weaponry:netherite_spear of type minecraft:item
[22Jun2025 03:47:47.076] [modloading-worker-0/DEBUG] [com.tterrag.registrate.AbstractRegistrate/REGISTRATE.REGISTER]: Captured registration for entry l2weaponry:totemic_gold_spear of type minecraft:item
[22Jun2025 03:47:47.076] [modloading-worker-0/DEBUG] [com.tterrag.registrate.AbstractRegistrate/REGISTRATE.REGISTER]: Captured registration for entry l2complements:shulkerate_hoe of type minecraft:item
[22Jun2025 03:47:47.077] [modloading-worker-0/DEBUG] [com.tterrag.registrate.AbstractRegistrate/REGISTRATE.REGISTER]: Captured registration for entry l2weaponry:poseidite_spear of type minecraft:item
[22Jun2025 03:47:47.077] [modloading-worker-0/DEBUG] [com.tterrag.registrate.AbstractRegistrate/REGISTRATE.REGISTER]: Captured registration for entry l2weaponry:shulkerate_spear of type minecraft:item
[22Jun2025 03:47:47.077] [modloading-worker-0/DEBUG] [com.tterrag.registrate.AbstractRegistrate/REGISTRATE.REGISTER]: Captured registration for entry l2weaponry:sculkium_spear of type minecraft:item
[22Jun2025 03:47:47.077] [modloading-worker-0/DEBUG] [com.tterrag.registrate.AbstractRegistrate/REGISTRATE.REGISTER]: Captured registration for entry l2weaponry:eternium_spear of type minecraft:item
[22Jun2025 03:47:47.077] [modloading-worker-0/DEBUG] [com.tterrag.registrate.AbstractRegistrate/REGISTRATE.REGISTER]: Captured registration for entry l2weaponry:iron_javelin of type minecraft:item
[22Jun2025 03:47:47.077] [modloading-worker-0/DEBUG] [com.tterrag.registrate.AbstractRegistrate/REGISTRATE.REGISTER]: Captured registration for entry l2complements:sculkium_helmet of type minecraft:item
[22Jun2025 03:47:47.078] [modloading-worker-0/DEBUG] [com.tterrag.registrate.AbstractRegistrate/REGISTRATE.REGISTER]: Captured registration for entry l2complements:sculkium_chestplate of type minecraft:item
[22Jun2025 03:47:47.078] [modloading-worker-0/DEBUG] [com.tterrag.registrate.AbstractRegistrate/REGISTRATE.REGISTER]: Captured registration for entry l2weaponry:gold_javelin of type minecraft:item
[22Jun2025 03:47:47.078] [modloading-worker-0/DEBUG] [com.tterrag.registrate.AbstractRegistrate/REGISTRATE.REGISTER]: Captured registration for entry l2weaponry:diamond_javelin of type minecraft:item
[22Jun2025 03:47:47.078] [modloading-worker-0/DEBUG] [com.tterrag.registrate.AbstractRegistrate/REGISTRATE.REGISTER]: Captured registration for entry l2complements:sculkium_leggings of type minecraft:item
[22Jun2025 03:47:47.078] [modloading-worker-0/DEBUG] [com.tterrag.registrate.AbstractRegistrate/REGISTRATE.REGISTER]: Captured registration for entry l2complements:sculkium_boots of type minecraft:item
[22Jun2025 03:47:47.078] [modloading-worker-0/DEBUG] [com.tterrag.registrate.AbstractRegistrate/REGISTRATE.REGISTER]: Captured registration for entry l2complements:sculkium_sword of type minecraft:item
[22Jun2025 03:47:47.078] [modloading-worker-0/DEBUG] [com.tterrag.registrate.AbstractRegistrate/REGISTRATE.REGISTER]: Captured registration for entry l2weaponry:netherite_javelin of type minecraft:item
[22Jun2025 03:47:47.079] [modloading-worker-0/DEBUG] [com.tterrag.registrate.AbstractRegistrate/REGISTRATE.REGISTER]: Captured registration for entry l2weaponry:totemic_gold_javelin of type minecraft:item
[22Jun2025 03:47:47.079] [modloading-worker-0/DEBUG] [com.tterrag.registrate.AbstractRegistrate/REGISTRATE.REGISTER]: Captured registration for entry l2weaponry:poseidite_javelin of type minecraft:item
[22Jun2025 03:47:47.079] [modloading-worker-0/DEBUG] [com.tterrag.registrate.AbstractRegistrate/REGISTRATE.REGISTER]: Captured registration for entry l2complements:sculkium_axe of type minecraft:item
[22Jun2025 03:47:47.079] [modloading-worker-0/DEBUG] [com.tterrag.registrate.AbstractRegistrate/REGISTRATE.REGISTER]: Captured registration for entry l2complements:sculkium_shovel of type minecraft:item
[22Jun2025 03:47:47.079] [modloading-worker-0/DEBUG] [com.tterrag.registrate.AbstractRegistrate/REGISTRATE.REGISTER]: Captured registration for entry l2complements:sculkium_pickaxe of type minecraft:item
[22Jun2025 03:47:47.079] [modloading-worker-0/DEBUG] [com.tterrag.registrate.AbstractRegistrate/REGISTRATE.REGISTER]: Captured registration for entry l2weaponry:shulkerate_javelin of type minecraft:item
[22Jun2025 03:47:47.079] [modloading-worker-0/DEBUG] [com.tterrag.registrate.AbstractRegistrate/REGISTRATE.REGISTER]: Captured registration for entry l2weaponry:sculkium_javelin of type minecraft:item
[22Jun2025 03:47:47.079] [modloading-worker-0/DEBUG] [com.tterrag.registrate.AbstractRegistrate/REGISTRATE.REGISTER]: Captured registration for entry l2complements:sculkium_hoe of type minecraft:item
[22Jun2025 03:47:47.080] [modloading-worker-0/DEBUG] [com.tterrag.registrate.AbstractRegistrate/REGISTRATE.REGISTER]: Captured registration for entry l2complements:eternium_helmet of type minecraft:item
[22Jun2025 03:47:47.080] [modloading-worker-0/DEBUG] [com.tterrag.registrate.AbstractRegistrate/REGISTRATE.REGISTER]: Captured registration for entry l2complements:eternium_chestplate of type minecraft:item
[22Jun2025 03:47:47.080] [modloading-worker-0/DEBUG] [com.tterrag.registrate.AbstractRegistrate/REGISTRATE.REGISTER]: Captured registration for entry l2weaponry:eternium_javelin of type minecraft:item
[22Jun2025 03:47:47.080] [modloading-worker-0/DEBUG] [com.tterrag.registrate.AbstractRegistrate/REGISTRATE.REGISTER]: Captured registration for entry l2weaponry:iron_round_shield of type minecraft:item
[22Jun2025 03:47:47.080] [modloading-worker-0/DEBUG] [com.tterrag.registrate.AbstractRegistrate/REGISTRATE.REGISTER]: Captured registration for entry l2weaponry:gold_round_shield of type minecraft:item
[22Jun2025 03:47:47.080] [modloading-worker-0/DEBUG] [com.tterrag.registrate.AbstractRegistrate/REGISTRATE.REGISTER]: Captured registration for entry l2complements:eternium_leggings of type minecraft:item
[22Jun2025 03:47:47.080] [modloading-worker-0/DEBUG] [com.tterrag.registrate.AbstractRegistrate/REGISTRATE.REGISTER]: Captured registration for entry l2complements:eternium_boots of type minecraft:item
[22Jun2025 03:47:47.081] [modloading-worker-0/DEBUG] [com.tterrag.registrate.AbstractRegistrate/REGISTRATE.REGISTER]: Captured registration for entry l2complements:eternium_sword of type minecraft:item
[22Jun2025 03:47:47.080] [modloading-worker-0/DEBUG] [com.tterrag.registrate.AbstractRegistrate/REGISTRATE.REGISTER]: Captured registration for entry l2weaponry:diamond_round_shield of type minecraft:item
[22Jun2025 03:47:47.081] [modloading-worker-0/DEBUG] [com.tterrag.registrate.AbstractRegistrate/REGISTRATE.REGISTER]: Captured registration for entry l2weaponry:netherite_round_shield of type minecraft:item
[22Jun2025 03:47:47.081] [modloading-worker-0/DEBUG] [com.tterrag.registrate.AbstractRegistrate/REGISTRATE.REGISTER]: Captured registration for entry l2complements:eternium_axe of type minecraft:item
[22Jun2025 03:47:47.081] [modloading-worker-0/DEBUG] [com.tterrag.registrate.AbstractRegistrate/REGISTRATE.REGISTER]: Captured registration for entry l2complements:eternium_shovel of type minecraft:item
[22Jun2025 03:47:47.081] [modloading-worker-0/DEBUG] [com.tterrag.registrate.AbstractRegistrate/REGISTRATE.REGISTER]: Captured registration for entry l2complements:eternium_pickaxe of type minecraft:item
[22Jun2025 03:47:47.082] [modloading-worker-0/DEBUG] [com.tterrag.registrate.AbstractRegistrate/REGISTRATE.REGISTER]: Captured registration for entry l2complements:eternium_hoe of type minecraft:item
[22Jun2025 03:47:47.081] [modloading-worker-0/DEBUG] [com.tterrag.registrate.AbstractRegistrate/REGISTRATE.REGISTER]: Captured registration for entry l2weaponry:totemic_gold_round_shield of type minecraft:item
[22Jun2025 03:47:47.083] [modloading-worker-0/DEBUG] [com.tterrag.registrate.AbstractRegistrate/REGISTRATE.REGISTER]: Captured registration for entry l2weaponry:poseidite_round_shield of type minecraft:item
[22Jun2025 03:47:47.084] [modloading-worker-0/DEBUG] [com.tterrag.registrate.AbstractRegistrate/REGISTRATE.REGISTER]: Captured registration for entry l2weaponry:shulkerate_round_shield of type minecraft:item
[22Jun2025 03:47:47.084] [modloading-worker-0/DEBUG] [com.tterrag.registrate.AbstractRegistrate/REGISTRATE.REGISTER]: Captured registration for entry l2weaponry:sculkium_round_shield of type minecraft:item
[22Jun2025 03:47:47.084] [modloading-worker-0/DEBUG] [com.tterrag.registrate.AbstractRegistrate/REGISTRATE.REGISTER]: Captured registration for entry l2weaponry:eternium_round_shield of type minecraft:item
[22Jun2025 03:47:47.084] [modloading-worker-0/DEBUG] [com.tterrag.registrate.AbstractRegistrate/REGISTRATE.REGISTER]: Captured registration for entry l2weaponry:iron_plate_shield of type minecraft:item
[22Jun2025 03:47:47.084] [modloading-worker-0/DEBUG] [com.tterrag.registrate.AbstractRegistrate/REGISTRATE.REGISTER]: Captured registration for entry l2weaponry:gold_plate_shield of type minecraft:item
[22Jun2025 03:47:47.084] [modloading-worker-0/DEBUG] [com.tterrag.registrate.AbstractRegistrate/REGISTRATE.REGISTER]: Captured registration for entry l2weaponry:diamond_plate_shield of type minecraft:item
[22Jun2025 03:47:47.084] [modloading-worker-0/DEBUG] [com.tterrag.registrate.AbstractRegistrate/REGISTRATE.REGISTER]: Captured registration for entry l2weaponry:netherite_plate_shield of type minecraft:item
[22Jun2025 03:47:47.084] [modloading-worker-0/DEBUG] [com.tterrag.registrate.AbstractRegistrate/REGISTRATE.REGISTER]: Captured registration for entry l2weaponry:totemic_gold_plate_shield of type minecraft:item
[22Jun2025 03:47:47.084] [modloading-worker-0/DEBUG] [com.tterrag.registrate.AbstractRegistrate/REGISTRATE.REGISTER]: Captured registration for entry l2weaponry:poseidite_plate_shield of type minecraft:item
[22Jun2025 03:47:47.085] [modloading-worker-0/DEBUG] [com.tterrag.registrate.AbstractRegistrate/REGISTRATE.REGISTER]: Captured registration for entry l2weaponry:shulkerate_plate_shield of type minecraft:item
[22Jun2025 03:47:47.085] [modloading-worker-0/DEBUG] [com.tterrag.registrate.AbstractRegistrate/REGISTRATE.REGISTER]: Captured registration for entry l2weaponry:sculkium_plate_shield of type minecraft:item
[22Jun2025 03:47:47.085] [modloading-worker-0/DEBUG] [com.tterrag.registrate.AbstractRegistrate/REGISTRATE.REGISTER]: Captured registration for entry l2weaponry:eternium_plate_shield of type minecraft:item
[22Jun2025 03:47:47.085] [modloading-worker-0/DEBUG] [com.tterrag.registrate.AbstractRegistrate/REGISTRATE.REGISTER]: Captured registration for entry l2weaponry:iron_nunchaku of type minecraft:item
[22Jun2025 03:47:47.086] [modloading-worker-0/DEBUG] [com.tterrag.registrate.AbstractRegistrate/REGISTRATE.REGISTER]: Captured registration for entry l2weaponry:gold_nunchaku of type minecraft:item
[22Jun2025 03:47:47.086] [modloading-worker-0/DEBUG] [com.tterrag.registrate.AbstractRegistrate/REGISTRATE.REGISTER]: Captured registration for entry l2weaponry:diamond_nunchaku of type minecraft:item
[22Jun2025 03:47:47.087] [modloading-worker-0/DEBUG] [com.tterrag.registrate.AbstractRegistrate/REGISTRATE.REGISTER]: Captured registration for entry l2weaponry:netherite_nunchaku of type minecraft:item
[22Jun2025 03:47:47.087] [modloading-worker-0/DEBUG] [com.tterrag.registrate.AbstractRegistrate/REGISTRATE.REGISTER]: Captured registration for entry l2weaponry:totemic_gold_nunchaku of type minecraft:item
[22Jun2025 03:47:47.088] [modloading-worker-0/DEBUG] [com.tterrag.registrate.AbstractRegistrate/REGISTRATE.REGISTER]: Captured registration for entry l2weaponry:poseidite_nunchaku of type minecraft:item
[22Jun2025 03:47:47.089] [modloading-worker-0/DEBUG] [com.tterrag.registrate.AbstractRegistrate/REGISTRATE.REGISTER]: Captured registration for entry l2weaponry:shulkerate_nunchaku of type minecraft:item
[22Jun2025 03:47:47.089] [modloading-worker-0/DEBUG] [com.tterrag.registrate.AbstractRegistrate/REGISTRATE.REGISTER]: Captured registration for entry l2weaponry:sculkium_nunchaku of type minecraft:item
[22Jun2025 03:47:47.089] [modloading-worker-0/DEBUG] [com.tterrag.registrate.AbstractRegistrate/REGISTRATE.REGISTER]: Captured registration for entry l2weaponry:eternium_nunchaku of type minecraft:item
[22Jun2025 03:47:47.093] [modloading-worker-0/DEBUG] [com.tterrag.registrate.AbstractRegistrate/REGISTRATE.REGISTER]: Captured registration for entry l2complements:shulker_armor of type minecraft:enchantment
[22Jun2025 03:47:47.093] [modloading-worker-0/DEBUG] [com.tterrag.registrate.AbstractRegistrate/REGISTRATE.REGISTER]: Captured registration for entry l2complements:ender_mask of type minecraft:enchantment
[22Jun2025 03:47:47.094] [modloading-worker-0/DEBUG] [com.tterrag.registrate.AbstractRegistrate/REGISTRATE.REGISTER]: Captured registration for entry l2complements:shinny of type minecraft:enchantment
[22Jun2025 03:47:47.095] [modloading-worker-0/DEBUG] [com.tterrag.registrate.AbstractRegistrate/REGISTRATE.REGISTER]: Captured registration for entry l2complements:snow_walker of type minecraft:enchantment
[22Jun2025 03:47:47.097] [modloading-worker-0/DEBUG] [com.tterrag.registrate.AbstractRegistrate/REGISTRATE.REGISTER]: Captured registration for entry l2complements:stable_body of type minecraft:enchantment
[22Jun2025 03:47:47.098] [modloading-worker-0/DEBUG] [com.tterrag.registrate.AbstractRegistrate/REGISTRATE.REGISTER]: Captured registration for entry l2complements:ender_reach of type minecraft:enchantment
[22Jun2025 03:47:47.103] [modloading-worker-0/DEBUG] [com.tterrag.registrate.AbstractRegistrate/REGISTRATE.REGISTER]: Captured registration for entry l2weaponry:throwing_axe of type minecraft:entity_type
[22Jun2025 03:47:47.106] [modloading-worker-0/DEBUG] [com.tterrag.registrate.AbstractRegistrate/REGISTRATE.REGISTER]: Captured registration for entry l2complements:durable_armor of type minecraft:enchantment
[22Jun2025 03:47:47.107] [modloading-worker-0/DEBUG] [com.tterrag.registrate.AbstractRegistrate/REGISTRATE.REGISTER]: Captured registration for entry l2complements:smelt of type minecraft:enchantment
[22Jun2025 03:47:47.107] [modloading-worker-0/DEBUG] [com.tterrag.registrate.AbstractRegistrate/REGISTRATE.REGISTER]: Captured registration for entry l2complements:life_mending of type minecraft:enchantment
[22Jun2025 03:47:47.109] [modloading-worker-0/DEBUG] [com.tterrag.registrate.AbstractRegistrate/REGISTRATE.REGISTER]: Captured registration for entry l2complements:life_sync of type minecraft:enchantment
[22Jun2025 03:47:47.109] [modloading-worker-0/DEBUG] [com.tterrag.registrate.AbstractRegistrate/REGISTRATE.REGISTER]: Captured registration for entry l2weaponry:javelin of type minecraft:entity_type
[22Jun2025 03:47:47.110] [modloading-worker-0/DEBUG] [com.tterrag.registrate.AbstractRegistrate/REGISTRATE.REGISTER]: Captured registration for entry l2complements:safeguard of type minecraft:enchantment
[22Jun2025 03:47:47.111] [modloading-worker-0/DEBUG] [com.tterrag.registrate.AbstractRegistrate/REGISTRATE.REGISTER]: Captured registration for entry l2complements:hardened of type minecraft:enchantment
[22Jun2025 03:47:47.111] [modloading-worker-0/DEBUG] [com.tterrag.registrate.AbstractRegistrate/REGISTRATE.REGISTER]: Captured registration for entry l2complements:dampened of type minecraft:enchantment
[22Jun2025 03:47:47.112] [modloading-worker-0/DEBUG] [com.tterrag.registrate.AbstractRegistrate/REGISTRATE.REGISTER]: Captured registration for entry l2complements:soul_bound of type minecraft:enchantment
[22Jun2025 03:47:47.117] [modloading-worker-0/DEBUG] [com.tterrag.registrate.AbstractRegistrate/REGISTRATE.REGISTER]: Captured registration for entry l2complements:eternal of type minecraft:enchantment
[22Jun2025 03:47:47.120] [modloading-worker-0/DEBUG] [com.tterrag.registrate.AbstractRegistrate/REGISTRATE.REGISTER]: Captured registration for entry l2complements:wind_sweep of type minecraft:enchantment
[22Jun2025 03:47:47.123] [modloading-worker-0/DEBUG] [com.tterrag.registrate.AbstractRegistrate/REGISTRATE.REGISTER]: Captured registration for entry l2complements:ice_blade of type minecraft:enchantment
[22Jun2025 03:47:47.124] [modloading-worker-0/DEBUG] [com.tterrag.registrate.AbstractRegistrate/REGISTRATE.REGISTER]: Captured registration for entry l2complements:soul_flame_blade of type minecraft:enchantment
[22Jun2025 03:47:47.128] [modloading-worker-0/DEBUG] [com.tterrag.registrate.AbstractRegistrate/REGISTRATE.REGISTER]: Captured registration for entry l2complements:cursed_blade of type minecraft:enchantment
[22Jun2025 03:47:47.129] [modloading-worker-0/DEBUG] [com.tterrag.registrate.AbstractRegistrate/REGISTRATE.REGISTER]: Captured registration for entry l2complements:sharp_blade of type minecraft:enchantment
[22Jun2025 03:47:47.133] [modloading-worker-0/DEBUG] [com.tterrag.registrate.AbstractRegistrate/REGISTRATE.REGISTER]: Captured registration for entry l2complements:ice_thorn of type minecraft:enchantment
[22Jun2025 03:47:47.135] [modloading-worker-0/DEBUG] [com.tterrag.registrate.AbstractRegistrate/REGISTRATE.REGISTER]: Captured registration for entry l2complements:soul_flame_thorn of type minecraft:enchantment
[22Jun2025 03:47:47.138] [modloading-worker-0/DEBUG] [com.tterrag.registrate.AbstractRegistrate/REGISTRATE.REGISTER]: Captured registration for entry l2complements:void_touch of type minecraft:enchantment
[22Jun2025 03:47:47.141] [modloading-worker-0/DEBUG] [com.tterrag.registrate.AbstractRegistrate/REGISTRATE.REGISTER]: Captured registration for entry l2complements:projectile_reject of type minecraft:enchantment
[22Jun2025 03:47:47.141] [modloading-worker-0/DEBUG] [com.tterrag.registrate.AbstractRegistrate/REGISTRATE.REGISTER]: Captured registration for entry l2complements:fire_reject of type minecraft:enchantment
[22Jun2025 03:47:47.141] [modloading-worker-0/DEBUG] [com.tterrag.registrate.AbstractRegistrate/REGISTRATE.REGISTER]: Captured registration for entry l2complements:environment_reject of type minecraft:enchantment
[22Jun2025 03:47:47.141] [modloading-worker-0/DEBUG] [com.tterrag.registrate.AbstractRegistrate/REGISTRATE.REGISTER]: Captured registration for entry l2complements:explosion_reject of type minecraft:enchantment
[22Jun2025 03:47:47.141] [modloading-worker-0/DEBUG] [com.tterrag.registrate.AbstractRegistrate/REGISTRATE.REGISTER]: Captured registration for entry l2complements:magic_reject of type minecraft:enchantment
[22Jun2025 03:47:47.141] [modloading-worker-0/DEBUG] [com.tterrag.registrate.AbstractRegistrate/REGISTRATE.REGISTER]: Captured registration for entry l2complements:invincible of type minecraft:enchantment
[22Jun2025 03:47:47.142] [modloading-worker-0/DEBUG] [com.tterrag.registrate.AbstractRegistrate/REGISTRATE.REGISTER]: Captured registration for entry l2complements:owner_protection of type minecraft:enchantment
[22Jun2025 03:47:47.143] [modloading-worker-0/DEBUG] [com.tterrag.registrate.AbstractRegistrate/REGISTRATE.REGISTER]: Captured registration for entry l2complements:cubic_digging of type minecraft:enchantment
[22Jun2025 03:47:47.145] [modloading-worker-0/DEBUG] [com.tterrag.registrate.AbstractRegistrate/REGISTRATE.REGISTER]: Captured registration for entry l2complements:plane_digging of type minecraft:enchantment
[22Jun2025 03:47:47.146] [modloading-worker-0/DEBUG] [com.tterrag.registrate.AbstractRegistrate/REGISTRATE.REGISTER]: Captured registration for entry l2complements:drill_digging of type minecraft:enchantment
[22Jun2025 03:47:47.146] [modloading-worker-0/DEBUG] [com.tterrag.registrate.AbstractRegistrate/REGISTRATE.REGISTER]: Captured registration for entry l2complements:vien_mining of type minecraft:enchantment
[22Jun2025 03:47:47.146] [modloading-worker-0/DEBUG] [com.tterrag.registrate.AbstractRegistrate/REGISTRATE.REGISTER]: Captured registration for entry l2complements:tree_chopping of type minecraft:enchantment
[22Jun2025 03:47:47.147] [modloading-worker-0/DEBUG] [com.tterrag.registrate.AbstractRegistrate/REGISTRATE.REGISTER]: Captured registration for entry l2complements:cubic_eater of type minecraft:enchantment
[22Jun2025 03:47:47.147] [modloading-worker-0/DEBUG] [com.tterrag.registrate.AbstractRegistrate/REGISTRATE.REGISTER]: Captured registration for entry l2complements:plane_eater of type minecraft:enchantment
[22Jun2025 03:47:47.147] [modloading-worker-0/DEBUG] [net.minecraftforge.fml.ModLoadingContext/]: Attempted to register an empty config for type CLIENT on mod l2weaponry using file name l2_configs/l2weaponry-client.toml
[22Jun2025 03:47:47.149] [modloading-worker-0/DEBUG] [net.minecraftforge.fml.config.ConfigTracker/CONFIG]: Config file l2_configs/l2weaponry-common.toml for l2weaponry tracking
[22Jun2025 03:47:47.155] [modloading-worker-0/DEBUG] [com.tterrag.registrate.AbstractRegistrate/REGISTRATE.REGISTER]: Captured registration for entry l2complements:emerald_splash of type minecraft:mob_effect
[22Jun2025 03:47:47.157] [modloading-worker-0/DEBUG] [com.tterrag.registrate.AbstractRegistrate/REGISTRATE.REGISTER]: Captured registration for entry l2complements:flame of type minecraft:mob_effect
[22Jun2025 03:47:47.154] [modloading-worker-0/DEBUG] [com.tterrag.registrate.AbstractRegistrate/REGISTRATE.REGISTER]: Captured registration for entry l2weaponry:ender_hand of type minecraft:enchantment
[22Jun2025 03:47:47.157] [modloading-worker-0/DEBUG] [com.tterrag.registrate.AbstractRegistrate/REGISTRATE.REGISTER]: Captured registration for entry l2weaponry:projection of type minecraft:enchantment
[22Jun2025 03:47:47.158] [modloading-worker-0/DEBUG] [com.tterrag.registrate.AbstractRegistrate/REGISTRATE.REGISTER]: Captured registration for entry l2weaponry:instant_shot of type minecraft:enchantment
[22Jun2025 03:47:47.159] [modloading-worker-0/DEBUG] [com.tterrag.registrate.AbstractRegistrate/REGISTRATE.REGISTER]: Captured registration for entry l2weaponry:stealth of type minecraft:enchantment
[22Jun2025 03:47:47.158] [modloading-worker-0/DEBUG] [com.tterrag.registrate.AbstractRegistrate/REGISTRATE.REGISTER]: Captured registration for entry l2complements:frozen of type minecraft:mob_effect
[22Jun2025 03:47:47.160] [modloading-worker-0/DEBUG] [com.tterrag.registrate.AbstractRegistrate/REGISTRATE.REGISTER]: Captured registration for entry l2complements:armor_reduce of type minecraft:mob_effect
[22Jun2025 03:47:47.163] [modloading-worker-0/DEBUG] [com.tterrag.registrate.AbstractRegistrate/REGISTRATE.REGISTER]: Captured registration for entry l2weaponry:heavy of type minecraft:enchantment
[22Jun2025 03:47:47.163] [modloading-worker-0/DEBUG] [com.tterrag.registrate.AbstractRegistrate/REGISTRATE.REGISTER]: Captured registration for entry l2complements:stone_cage of type minecraft:mob_effect
[22Jun2025 03:47:47.164] [modloading-worker-0/DEBUG] [com.tterrag.registrate.AbstractRegistrate/REGISTRATE.REGISTER]: Captured registration for entry l2weaponry:hard_shield of type minecraft:enchantment
[22Jun2025 03:47:47.164] [modloading-worker-0/DEBUG] [com.tterrag.registrate.AbstractRegistrate/REGISTRATE.REGISTER]: Captured registration for entry l2complements:curse of type minecraft:mob_effect
[22Jun2025 03:47:47.169] [modloading-worker-0/DEBUG] [com.tterrag.registrate.AbstractRegistrate/REGISTRATE.REGISTER]: Captured registration for entry l2complements:bleed of type minecraft:mob_effect
[22Jun2025 03:47:47.167] [modloading-worker-0/DEBUG] [com.tterrag.registrate.AbstractRegistrate/REGISTRATE.REGISTER]: Captured registration for entry l2weaponry:heavy_shield of type minecraft:enchantment
[22Jun2025 03:47:47.170] [modloading-worker-0/DEBUG] [com.tterrag.registrate.AbstractRegistrate/REGISTRATE.REGISTER]: Captured registration for entry l2weaponry:energized_will of type minecraft:enchantment
[22Jun2025 03:47:47.171] [modloading-worker-0/DEBUG] [com.tterrag.registrate.AbstractRegistrate/REGISTRATE.REGISTER]: Captured registration for entry l2weaponry:raised_spirit of type minecraft:enchantment
[22Jun2025 03:47:47.173] [modloading-worker-0/DEBUG] [com.tterrag.registrate.AbstractRegistrate/REGISTRATE.REGISTER]: Captured registration for entry l2weaponry:ghost_slash of type minecraft:enchantment
[22Jun2025 03:47:47.172] [modloading-worker-0/DEBUG] [com.tterrag.registrate.AbstractRegistrate/REGISTRATE.REGISTER]: Captured registration for entry l2complements:cleanse of type minecraft:mob_effect
[22Jun2025 03:47:47.175] [modloading-worker-0/DEBUG] [com.tterrag.registrate.AbstractRegistrate/REGISTRATE.REGISTER]: Captured registration for entry l2complements:flame of type minecraft:potion
[22Jun2025 03:47:47.176] [modloading-worker-0/DEBUG] [com.tterrag.registrate.AbstractRegistrate/REGISTRATE.REGISTER]: Captured registration for entry l2weaponry:claw_shielding of type minecraft:enchantment
[22Jun2025 03:47:47.177] [modloading-worker-0/DEBUG] [com.tterrag.registrate.AbstractRegistrate/REGISTRATE.REGISTER]: Captured registration for entry l2complements:long_flame of type minecraft:potion
[22Jun2025 03:47:47.178] [modloading-worker-0/DEBUG] [com.tterrag.registrate.AbstractRegistrate/REGISTRATE.REGISTER]: Captured registration for entry l2complements:strong_flame of type minecraft:potion
[22Jun2025 03:47:47.179] [modloading-worker-0/DEBUG] [com.tterrag.registrate.AbstractRegistrate/REGISTRATE.REGISTER]: Captured registration for entry l2complements:frozen of type minecraft:potion
[22Jun2025 03:47:47.182] [modloading-worker-0/DEBUG] [com.tterrag.registrate.AbstractRegistrate/REGISTRATE.REGISTER]: Captured registration for entry l2complements:long_frozen of type minecraft:potion
[22Jun2025 03:47:47.185] [modloading-worker-0/DEBUG] [com.tterrag.registrate.AbstractRegistrate/REGISTRATE.REGISTER]: Captured registration for entry l2complements:stone_cage of type minecraft:potion
[22Jun2025 03:47:47.185] [modloading-worker-0/DEBUG] [com.tterrag.registrate.AbstractRegistrate/REGISTRATE.REGISTER]: Captured registration for entry l2complements:long_stone_cage of type minecraft:potion
[22Jun2025 03:47:47.186] [modloading-worker-0/DEBUG] [com.tterrag.registrate.AbstractRegistrate/REGISTRATE.REGISTER]: Captured registration for entry l2complements:curse of type minecraft:potion
[22Jun2025 03:47:47.187] [modloading-worker-0/DEBUG] [com.tterrag.registrate.AbstractRegistrate/REGISTRATE.REGISTER]: Captured registration for entry l2complements:long_curse of type minecraft:potion
[22Jun2025 03:47:47.189] [modloading-worker-0/DEBUG] [com.tterrag.registrate.AbstractRegistrate/REGISTRATE.REGISTER]: Captured registration for entry l2complements:cleanse of type minecraft:potion
[22Jun2025 03:47:47.191] [modloading-worker-0/DEBUG] [com.tterrag.registrate.AbstractRegistrate/REGISTRATE.REGISTER]: Captured registration for entry l2complements:long_cleanse of type minecraft:potion
[22Jun2025 03:47:47.192] [modloading-worker-0/DEBUG] [com.tterrag.registrate.AbstractRegistrate/REGISTRATE.REGISTER]: Captured registration for entry l2complements:armor_reduce of type minecraft:potion
[22Jun2025 03:47:47.195] [modloading-worker-0/DEBUG] [com.tterrag.registrate.AbstractRegistrate/REGISTRATE.REGISTER]: Captured registration for entry l2complements:long_armor_reduce of type minecraft:potion
[22Jun2025 03:47:47.195] [modloading-worker-0/DEBUG] [com.tterrag.registrate.AbstractRegistrate/REGISTRATE.REGISTER]: Captured registration for entry l2complements:strong_armor_reduce of type minecraft:potion
[22Jun2025 03:47:47.198] [modloading-worker-0/DEBUG] [net.minecraftforge.fml.javafmlmod.AutomaticEventSubscriber/LOADING]: Attempting to inject @EventBusSubscriber classes into the eventbus for l2weaponry
[22Jun2025 03:47:47.199] [modloading-worker-0/DEBUG] [com.tterrag.registrate.AbstractRegistrate/REGISTRATE.REGISTER]: Captured registration for entry l2complements:levitation of type minecraft:potion
[22Jun2025 03:47:47.199] [modloading-worker-0/DEBUG] [com.tterrag.registrate.AbstractRegistrate/REGISTRATE.REGISTER]: Captured registration for entry l2complements:long_levitation of type minecraft:potion
[22Jun2025 03:47:47.200] [modloading-worker-0/DEBUG] [com.tterrag.registrate.AbstractRegistrate/REGISTRATE.REGISTER]: Captured registration for entry l2complements:resistance of type minecraft:potion
[22Jun2025 03:47:47.200] [modloading-worker-0/DEBUG] [net.minecraftforge.fml.javafmlmod.AutomaticEventSubscriber/LOADING]: Auto-subscribing dev.xkmc.l2weaponry.init.L2Weaponry to MOD
[22Jun2025 03:47:47.202] [modloading-worker-0/DEBUG] [net.minecraftforge.fml.javafmlmod.AutomaticEventSubscriber/LOADING]: Auto-subscribing dev.xkmc.l2weaponry.events.LWGeneralEvents to FORGE
[22Jun2025 03:47:47.202] [modloading-worker-0/DEBUG] [com.tterrag.registrate.AbstractRegistrate/REGISTRATE.REGISTER]: Captured registration for entry l2complements:long_resistance of type minecraft:potion
[22Jun2025 03:47:47.202] [modloading-worker-0/DEBUG] [com.tterrag.registrate.AbstractRegistrate/REGISTRATE.REGISTER]: Captured registration for entry l2complements:strong_resistance of type minecraft:potion
[22Jun2025 03:47:47.203] [modloading-worker-0/DEBUG] [com.tterrag.registrate.AbstractRegistrate/REGISTRATE.REGISTER]: Captured registration for entry l2complements:emerald_splash of type minecraft:potion
[22Jun2025 03:47:47.204] [modloading-worker-0/DEBUG] [com.tterrag.registrate.AbstractRegistrate/REGISTRATE.REGISTER]: Captured registration for entry l2complements:long_emerald_splash of type minecraft:potion
[22Jun2025 03:47:47.204] [modloading-worker-0/DEBUG] [com.tterrag.registrate.AbstractRegistrate/REGISTRATE.REGISTER]: Captured registration for entry l2complements:strong_emerald_splash of type minecraft:potion
[22Jun2025 03:47:47.207] [modloading-worker-0/DEBUG] [com.tterrag.registrate.AbstractRegistrate/REGISTRATE.REGISTER]: Captured registration for entry l2complements:emerald_splash of type minecraft:particle_type
[22Jun2025 03:47:47.217] [modloading-worker-0/DEBUG] [com.tterrag.registrate.AbstractRegistrate/REGISTRATE.REGISTER]: Captured registration for entry l2complements:soul_fire_charge of type minecraft:entity_type
[22Jun2025 03:47:47.218] [modloading-worker-0/DEBUG] [com.tterrag.registrate.AbstractRegistrate/REGISTRATE.REGISTER]: Captured registration for entry l2complements:strong_fire_charge of type minecraft:entity_type
[22Jun2025 03:47:47.220] [modloading-worker-0/DEBUG] [net.minecraftforge.fml.config.ConfigTracker/CONFIG]: Config file l2_configs/l2screentracker-client.toml for l2screentracker tracking
[22Jun2025 03:47:47.220] [modloading-worker-0/DEBUG] [net.minecraftforge.fml.config.ConfigTracker/CONFIG]: Config file l2_configs/l2screentracker-common.toml for l2screentracker tracking
[22Jun2025 03:47:47.222] [modloading-worker-0/DEBUG] [com.tterrag.registrate.AbstractRegistrate/REGISTRATE.REGISTER]: Captured registration for entry l2complements:black_fire_charge of type minecraft:entity_type
[22Jun2025 03:47:47.228] [modloading-worker-0/DEBUG] [com.tterrag.registrate.AbstractRegistrate/REGISTRATE.REGISTER]: Captured registration for entry l2complements:burnt of type minecraft:recipe_type
[22Jun2025 03:47:47.229] [modloading-worker-0/DEBUG] [com.tterrag.registrate.AbstractRegistrate/REGISTRATE.REGISTER]: Captured registration for entry l2complements:diffusion of type minecraft:recipe_type
[22Jun2025 03:47:47.230] [modloading-worker-0/DEBUG] [com.tterrag.registrate.AbstractRegistrate/REGISTRATE.REGISTER]: Captured registration for entry l2complements:burnt of type minecraft:recipe_serializer
[22Jun2025 03:47:47.232] [modloading-worker-0/DEBUG] [com.tterrag.registrate.AbstractRegistrate/REGISTRATE.REGISTER]: Captured registration for entry l2complements:diffusion of type minecraft:recipe_serializer
[22Jun2025 03:47:47.241] [modloading-worker-0/DEBUG] [net.minecraftforge.fml.config.ConfigTracker/CONFIG]: Config file l2_configs/l2complements-client.toml for l2complements tracking
[22Jun2025 03:47:47.246] [modloading-worker-0/DEBUG] [net.minecraftforge.fml.config.ConfigTracker/CONFIG]: Config file l2_configs/l2complements-common.toml for l2complements tracking
[22Jun2025 03:47:47.249] [modloading-worker-0/DEBUG] [com.tterrag.registrate.AbstractRegistrate/REGISTRATE.REGISTER]: Captured registration for entry l2screentracker:inventory of type l2screentracker:item_source
[22Jun2025 03:47:47.250] [modloading-worker-0/DEBUG] [com.tterrag.registrate.AbstractRegistrate/REGISTRATE.REGISTER]: Captured registration for entry l2screentracker:ender of type l2screentracker:item_source
[22Jun2025 03:47:47.252] [modloading-worker-0/DEBUG] [com.tterrag.registrate.AbstractRegistrate/REGISTRATE.REGISTER]: Captured registration for entry l2screentracker:inventory of type l2screentracker:tracked_entry_type
[22Jun2025 03:47:47.257] [modloading-worker-0/DEBUG] [com.tterrag.registrate.AbstractRegistrate/REGISTRATE.REGISTER]: Captured registration for entry l2screentracker:ender of type l2screentracker:tracked_entry_type
[22Jun2025 03:47:47.259] [modloading-worker-0/DEBUG] [com.tterrag.registrate.AbstractRegistrate/REGISTRATE.REGISTER]: Captured registration for entry l2screentracker:quick_access of type l2screentracker:tracked_entry_type
[22Jun2025 03:47:47.260] [modloading-worker-0/DEBUG] [com.tterrag.registrate.AbstractRegistrate/REGISTRATE.REGISTER]: Captured registration for entry l2screentracker:menu_provider of type l2screentracker:tracked_entry_type
[22Jun2025 03:47:47.267] [modloading-worker-0/DEBUG] [net.minecraftforge.fml.javafmlmod.AutomaticEventSubscriber/LOADING]: Attempting to inject @EventBusSubscriber classes into the eventbus for l2complements
[22Jun2025 03:47:47.267] [modloading-worker-0/DEBUG] [net.minecraftforge.fml.javafmlmod.AutomaticEventSubscriber/LOADING]: Auto-subscribing dev.xkmc.l2complements.init.L2Complements to MOD
[22Jun2025 03:47:47.268] [modloading-worker-0/DEBUG] [net.minecraftforge.fml.javafmlmod.AutomaticEventSubscriber/LOADING]: Auto-subscribing dev.xkmc.l2complements.events.SpecialEquipmentEvents to FORGE
[22Jun2025 03:47:47.271] [modloading-worker-0/DEBUG] [mixin/]: Mixing accessor.CriteriaTriggersAccessor from yungsapi.mixins.json into net.minecraft.advancements.CriteriaTriggers
[22Jun2025 03:47:47.271] [modloading-worker-0/DEBUG] [mixin/]: Renaming @Accessor method getValues()Ljava/util/Map; to getValues_$md$1cdd9f$0 in yungsapi.mixins.json:accessor.CriteriaTriggersAccessor
[22Jun2025 03:47:47.285] [modloading-worker-0/DEBUG] [net.minecraftforge.fml.javafmlmod.AutomaticEventSubscriber/LOADING]: Auto-subscribing dev.xkmc.l2complements.events.MaterialEventHandler to FORGE
[22Jun2025 03:47:47.292] [modloading-worker-0/DEBUG] [net.minecraftforge.fml.javafmlmod.AutomaticEventSubscriber/LOADING]: Auto-subscribing dev.xkmc.l2complements.events.MagicEventHandler to FORGE
[22Jun2025 03:47:47.317] [modloading-worker-0/DEBUG] [net.minecraftforge.fml.javafmlmod.AutomaticEventSubscriber/LOADING]: Auto-subscribing dev.xkmc.l2complements.events.ItemUseEventHandler to FORGE
[22Jun2025 03:47:47.332] [modloading-worker-0/DEBUG] [com.tterrag.registrate.AbstractRegistrate/REGISTRATE.REGISTER]: Captured registration for entry l2damagetracker:crit_rate of type minecraft:attribute
[22Jun2025 03:47:47.332] [modloading-worker-0/DEBUG] [com.tterrag.registrate.AbstractRegistrate/REGISTRATE.REGISTER]: Captured registration for entry l2damagetracker:crit_damage of type minecraft:attribute
[22Jun2025 03:47:47.334] [modloading-worker-0/DEBUG] [com.tterrag.registrate.AbstractRegistrate/REGISTRATE.REGISTER]: Captured registration for entry l2damagetracker:bow_strength of type minecraft:attribute
[22Jun2025 03:47:47.334] [modloading-worker-0/DEBUG] [com.tterrag.registrate.AbstractRegistrate/REGISTRATE.REGISTER]: Captured registration for entry l2damagetracker:explosion_damage of type minecraft:attribute
[22Jun2025 03:47:47.335] [modloading-worker-0/DEBUG] [com.tterrag.registrate.AbstractRegistrate/REGISTRATE.REGISTER]: Captured registration for entry l2damagetracker:fire_damage of type minecraft:attribute
[22Jun2025 03:47:47.335] [modloading-worker-0/DEBUG] [com.tterrag.registrate.AbstractRegistrate/REGISTRATE.REGISTER]: Captured registration for entry l2damagetracker:magic_damage of type minecraft:attribute
[22Jun2025 03:47:47.335] [modloading-worker-0/DEBUG] [com.tterrag.registrate.AbstractRegistrate/REGISTRATE.REGISTER]: Captured registration for entry l2damagetracker:damage_absorption of type minecraft:attribute
[22Jun2025 03:47:47.335] [modloading-worker-0/DEBUG] [com.tterrag.registrate.AbstractRegistrate/REGISTRATE.REGISTER]: Captured registration for entry l2damagetracker:damage_reduction of type minecraft:attribute
[22Jun2025 03:47:47.348] [modloading-worker-0/DEBUG] [net.minecraftforge.fml.ModLoadingContext/]: Attempted to register an empty config for type CLIENT on mod l2damagetracker using file name l2_configs/l2damagetracker-client.toml
[22Jun2025 03:47:47.350] [modloading-worker-0/DEBUG] [net.minecraftforge.fml.config.ConfigTracker/CONFIG]: Config file l2_configs/l2damagetracker-common.toml for l2damagetracker tracking
[22Jun2025 03:47:47.359] [modloading-worker-0/DEBUG] [net.minecraftforge.fml.javafmlmod.AutomaticEventSubscriber/LOADING]: Attempting to inject @EventBusSubscriber classes into the eventbus for l2damagetracker
[22Jun2025 03:47:47.359] [modloading-worker-0/DEBUG] [net.minecraftforge.fml.javafmlmod.AutomaticEventSubscriber/LOADING]: Auto-subscribing dev.xkmc.l2damagetracker.events.GeneralEventHandler to FORGE
[22Jun2025 03:47:47.364] [modloading-worker-0/DEBUG] [net.minecraftforge.fml.javafmlmod.AutomaticEventSubscriber/LOADING]: Auto-subscribing dev.xkmc.l2damagetracker.contents.attack.AttackEventHandler to FORGE
[22Jun2025 03:47:47.383] [modloading-worker-0/DEBUG] [net.minecraftforge.fml.javafmlmod.AutomaticEventSubscriber/LOADING]: Auto-subscribing dev.xkmc.l2damagetracker.init.L2DamageTracker to MOD
[22Jun2025 03:47:47.391] [modloading-worker-0/DEBUG] [net.minecraftforge.fml.javafmlmod.AutomaticEventSubscriber/LOADING]: Attempting to inject @EventBusSubscriber classes into the eventbus for l2screentracker
[22Jun2025 03:47:47.391] [modloading-worker-0/DEBUG] [net.minecraftforge.fml.javafmlmod.AutomaticEventSubscriber/LOADING]: Auto-subscribing dev.xkmc.l2screentracker.init.L2ScreenTracker to MOD
[22Jun2025 03:47:47.394] [modloading-worker-0/DEBUG] [net.minecraftforge.fml.ModLoadingContext/]: Attempted to register an empty config for type CLIENT on mod l2itemselector using file name l2_configs/l2itemselector-client.toml
[22Jun2025 03:47:47.394] [modloading-worker-0/DEBUG] [net.minecraftforge.fml.ModLoadingContext/]: Attempted to register an empty config for type COMMON on mod l2itemselector using file name l2_configs/l2itemselector-common.toml
[22Jun2025 03:47:47.399] [modloading-worker-0/DEBUG] [net.minecraftforge.fml.javafmlmod.AutomaticEventSubscriber/LOADING]: Attempting to inject @EventBusSubscriber classes into the eventbus for fsmmshop
[22Jun2025 03:47:47.399] [modloading-worker-0/DEBUG] [net.minecraftforge.fml.javafmlmod.AutomaticEventSubscriber/LOADING]: Attempting to inject @EventBusSubscriber classes into the eventbus for enchantinginfuser
[22Jun2025 03:47:47.400] [modloading-worker-0/DEBUG] [net.minecraftforge.fml.javafmlmod.AutomaticEventSubscriber/LOADING]: Auto-subscribing fuzs.enchantinginfuser.EnchantingInfuserForge to MOD
[22Jun2025 03:47:47.401] [modloading-worker-0/DEBUG] [net.minecraftforge.fml.javafmlmod.AutomaticEventSubscriber/LOADING]: Attempting to inject @EventBusSubscriber classes into the eventbus for l2itemselector
[22Jun2025 03:47:47.401] [modloading-worker-0/DEBUG] [net.minecraftforge.fml.javafmlmod.AutomaticEventSubscriber/LOADING]: Auto-subscribing dev.xkmc.l2itemselector.events.GeneralEventHandler to FORGE
[22Jun2025 03:47:47.403] [modloading-worker-0/DEBUG] [net.minecraftforge.fml.javafmlmod.AutomaticEventSubscriber/LOADING]: Auto-subscribing dev.xkmc.l2itemselector.init.L2ItemSelector to MOD
[22Jun2025 03:47:47.414] [modloading-worker-0/DEBUG] [net.minecraftforge.fml.javafmlmod.AutomaticEventSubscriber/LOADING]: Attempting to inject @EventBusSubscriber classes into the eventbus for healingcampfire
[22Jun2025 03:47:47.425] [modloading-worker-0/DEBUG] [betterjungletemples/]: Loaded com.yungnickyoung.minecraft.betterjungletemples.services.ForgePlatformHelper@77498f9c for service interface com.yungnickyoung.minecraft.betterjungletemples.services.IPlatformHelper
[22Jun2025 03:47:47.426] [modloading-worker-0/DEBUG] [betterjungletemples/]: Loaded com.yungnickyoung.minecraft.betterjungletemples.services.ForgeModulesLoader@3881c9 for service interface com.yungnickyoung.minecraft.betterjungletemples.services.IModulesLoader
[22Jun2025 03:47:47.426] [modloading-worker-0/DEBUG] [betterjungletemples/]: Loaded com.yungnickyoung.minecraft.betterjungletemples.services.ForgeProcessorProvider@5e9c59cc for service interface com.yungnickyoung.minecraft.betterjungletemples.services.IProcessorProvider
[22Jun2025 03:47:47.428] [modloading-worker-0/INFO] [Puzzles Lib/]: Constructing common components for enchantinginfuser:main
[22Jun2025 03:47:47.432] [modloading-worker-0/DEBUG] [net.minecraftforge.fml.config.ConfigTracker/CONFIG]: Config file betterjungletemples-forge-1_20.toml for betterjungletemples tracking
[22Jun2025 03:47:47.435] [modloading-worker-0/DEBUG] [net.minecraftforge.fml.javafmlmod.AutomaticEventSubscriber/LOADING]: Attempting to inject @EventBusSubscriber classes into the eventbus for betterjungletemples
[22Jun2025 03:47:47.452] [modloading-worker-0/DEBUG] [net.minecraftforge.fml.config.ConfigTracker/CONFIG]: Config file enchantinginfuser-server.toml for enchantinginfuser tracking
[22Jun2025 03:47:47.467] [main/DEBUG] [net.minecraftforge.fml.DeferredWorkQueue/LOADING]: Dispatching synchronous work for work queue CONSTRUCT: 2 jobs
[22Jun2025 03:47:47.473] [main/DEBUG] [net.minecraftforge.fml.config.ConfigTracker/CONFIG]: Config file enemyexpansion.toml for enemyexpansion tracking
[22Jun2025 03:47:47.474] [main/DEBUG] [net.minecraftforge.fml.DeferredWorkQueue/LOADING]: Synchronous work queue completed in 5.561 ms
[22Jun2025 03:47:47.610] [main/DEBUG] [SpectreLib/CONFIG]: Loading global configs
[22Jun2025 03:47:47.620] [main/DEBUG] [SpectreLib/]: Loaded com.illusivesoulworks.spectrelib.platform.ForgeConfigHelper@31b5db46 for service interface com.illusivesoulworks.spectrelib.platform.services.IConfigHelper
[22Jun2025 03:47:47.621] [main/DEBUG] [SpectreLib/CONFIG]: Built TOML config for /workspaces/MQSX/servidor_minecraft/config/colytra-server.toml
[22Jun2025 03:47:47.621] [main/DEBUG] [SpectreLib/CONFIG]: Loaded TOML config file /workspaces/MQSX/servidor_minecraft/config/colytra-server.toml
[22Jun2025 03:47:48.135] [main/DEBUG] [net.minecraftforge.common.capabilities.CapabilityManager/CAPABILITIES]: Attempting to automatically register: Lnet/minecraftforge/energy/IEnergyStorage;
[22Jun2025 03:47:48.135] [main/DEBUG] [net.minecraftforge.common.capabilities.CapabilityManager/CAPABILITIES]: Attempting to automatically register: Lnet/minecraftforge/fluids/capability/IFluidHandler;
[22Jun2025 03:47:48.135] [main/DEBUG] [net.minecraftforge.common.capabilities.CapabilityManager/CAPABILITIES]: Attempting to automatically register: Lnet/minecraftforge/fluids/capability/IFluidHandlerItem;
[22Jun2025 03:47:48.136] [main/DEBUG] [net.minecraftforge.common.capabilities.CapabilityManager/CAPABILITIES]: Attempting to automatically register: Lnet/minecraftforge/items/IItemHandler;
[22Jun2025 03:47:50.053] [main/DEBUG] [com.tterrag.registrate.AbstractRegistrate/REGISTRATE.REGISTER]: (l2complements) Registering 6 known objects of type minecraft:block
[22Jun2025 03:47:50.056] [main/DEBUG] [com.tterrag.registrate.AbstractRegistrate/REGISTRATE.REGISTER]: Registered l2complements:eternal_anvil to registry minecraft:block
[22Jun2025 03:47:50.056] [main/DEBUG] [com.tterrag.registrate.AbstractRegistrate/REGISTRATE.REGISTER]: Registered l2complements:totemic_gold_block to registry minecraft:block
[22Jun2025 03:47:50.056] [main/DEBUG] [com.tterrag.registrate.AbstractRegistrate/REGISTRATE.REGISTER]: Registered l2complements:poseidite_block to registry minecraft:block
[22Jun2025 03:47:50.056] [main/DEBUG] [com.tterrag.registrate.AbstractRegistrate/REGISTRATE.REGISTER]: Registered l2complements:shulkerate_block to registry minecraft:block
[22Jun2025 03:47:50.057] [main/DEBUG] [com.tterrag.registrate.AbstractRegistrate/REGISTRATE.REGISTER]: Registered l2complements:sculkium_block to registry minecraft:block
[22Jun2025 03:47:50.057] [main/DEBUG] [com.tterrag.registrate.AbstractRegistrate/REGISTRATE.REGISTER]: Registered l2complements:eternium_block to registry minecraft:block
[22Jun2025 03:47:50.071] [main/DEBUG] [com.tterrag.registrate.AbstractRegistrate/REGISTRATE.REGISTER]: (l2weaponry) Registering 2 known objects of type minecraft:attribute
[22Jun2025 03:47:50.071] [main/DEBUG] [com.tterrag.registrate.AbstractRegistrate/REGISTRATE.REGISTER]: Registered l2weaponry:shield_defense to registry minecraft:attribute
[22Jun2025 03:47:50.071] [main/DEBUG] [com.tterrag.registrate.AbstractRegistrate/REGISTRATE.REGISTER]: Registered l2weaponry:reflect_time to registry minecraft:attribute
[22Jun2025 03:47:50.071] [main/DEBUG] [com.tterrag.registrate.AbstractRegistrate/REGISTRATE.REGISTER]: (l2damagetracker) Registering 8 known objects of type minecraft:attribute
[22Jun2025 03:47:50.071] [main/DEBUG] [com.tterrag.registrate.AbstractRegistrate/REGISTRATE.REGISTER]: Registered l2damagetracker:crit_rate to registry minecraft:attribute
[22Jun2025 03:47:50.072] [main/DEBUG] [com.tterrag.registrate.AbstractRegistrate/REGISTRATE.REGISTER]: Registered l2damagetracker:crit_damage to registry minecraft:attribute
[22Jun2025 03:47:50.072] [main/DEBUG] [com.tterrag.registrate.AbstractRegistrate/REGISTRATE.REGISTER]: Registered l2damagetracker:bow_strength to registry minecraft:attribute
[22Jun2025 03:47:50.072] [main/DEBUG] [com.tterrag.registrate.AbstractRegistrate/REGISTRATE.REGISTER]: Registered l2damagetracker:explosion_damage to registry minecraft:attribute
[22Jun2025 03:47:50.072] [main/DEBUG] [com.tterrag.registrate.AbstractRegistrate/REGISTRATE.REGISTER]: Registered l2damagetracker:fire_damage to registry minecraft:attribute
[22Jun2025 03:47:50.072] [main/DEBUG] [com.tterrag.registrate.AbstractRegistrate/REGISTRATE.REGISTER]: Registered l2damagetracker:magic_damage to registry minecraft:attribute
[22Jun2025 03:47:50.072] [main/DEBUG] [com.tterrag.registrate.AbstractRegistrate/REGISTRATE.REGISTER]: Registered l2damagetracker:damage_absorption to registry minecraft:attribute
[22Jun2025 03:47:50.073] [main/DEBUG] [com.tterrag.registrate.AbstractRegistrate/REGISTRATE.REGISTER]: Registered l2damagetracker:damage_reduction to registry minecraft:attribute
[22Jun2025 03:47:50.081] [main/DEBUG] [com.tterrag.registrate.AbstractRegistrate/REGISTRATE.REGISTER]: (l2complements) Registering 8 known objects of type minecraft:mob_effect
[22Jun2025 03:47:50.082] [main/DEBUG] [com.tterrag.registrate.AbstractRegistrate/REGISTRATE.REGISTER]: Registered l2complements:emerald_splash to registry minecraft:mob_effect
[22Jun2025 03:47:50.082] [main/DEBUG] [com.tterrag.registrate.AbstractRegistrate/REGISTRATE.REGISTER]: Registered l2complements:flame to registry minecraft:mob_effect
[22Jun2025 03:47:50.083] [main/DEBUG] [com.tterrag.registrate.AbstractRegistrate/REGISTRATE.REGISTER]: Registered l2complements:frozen to registry minecraft:mob_effect
[22Jun2025 03:47:50.083] [main/DEBUG] [com.tterrag.registrate.AbstractRegistrate/REGISTRATE.REGISTER]: Registered l2complements:armor_reduce to registry minecraft:mob_effect
[22Jun2025 03:47:50.083] [main/DEBUG] [com.tterrag.registrate.AbstractRegistrate/REGISTRATE.REGISTER]: Registered l2complements:stone_cage to registry minecraft:mob_effect
[22Jun2025 03:47:50.083] [main/DEBUG] [com.tterrag.registrate.AbstractRegistrate/REGISTRATE.REGISTER]: Registered l2complements:curse to registry minecraft:mob_effect
[22Jun2025 03:47:50.084] [main/DEBUG] [com.tterrag.registrate.AbstractRegistrate/REGISTRATE.REGISTER]: Registered l2complements:bleed to registry minecraft:mob_effect
[22Jun2025 03:47:50.084] [main/DEBUG] [com.tterrag.registrate.AbstractRegistrate/REGISTRATE.REGISTER]: Registered l2complements:cleanse to registry minecraft:mob_effect
[22Jun2025 03:47:50.088] [main/DEBUG] [com.tterrag.registrate.AbstractRegistrate/REGISTRATE.REGISTER]: (l2complements) Registering 1 known objects of type minecraft:particle_type
[22Jun2025 03:47:50.088] [main/DEBUG] [com.tterrag.registrate.AbstractRegistrate/REGISTRATE.REGISTER]: Registered l2complements:emerald_splash to registry minecraft:particle_type
[22Jun2025 03:47:50.203] [main/DEBUG] [com.tterrag.registrate.AbstractRegistrate/REGISTRATE.REGISTER]: (l2complements) Registering 97 known objects of type minecraft:item
[22Jun2025 03:47:50.204] [main/DEBUG] [com.tterrag.registrate.AbstractRegistrate/REGISTRATE.REGISTER]: Registered l2complements:eternal_anvil to registry minecraft:item
[22Jun2025 03:47:50.204] [main/DEBUG] [com.tterrag.registrate.AbstractRegistrate/REGISTRATE.REGISTER]: Registered l2complements:totemic_gold_block to registry minecraft:item
[22Jun2025 03:47:50.204] [main/DEBUG] [com.tterrag.registrate.AbstractRegistrate/REGISTRATE.REGISTER]: Registered l2complements:poseidite_block to registry minecraft:item
[22Jun2025 03:47:50.205] [main/DEBUG] [com.tterrag.registrate.AbstractRegistrate/REGISTRATE.REGISTER]: Registered l2complements:shulkerate_block to registry minecraft:item
[22Jun2025 03:47:50.205] [main/DEBUG] [com.tterrag.registrate.AbstractRegistrate/REGISTRATE.REGISTER]: Registered l2complements:sculkium_block to registry minecraft:item
[22Jun2025 03:47:50.205] [main/DEBUG] [com.tterrag.registrate.AbstractRegistrate/REGISTRATE.REGISTER]: Registered l2complements:eternium_block to registry minecraft:item
[22Jun2025 03:47:50.205] [main/DEBUG] [com.tterrag.registrate.AbstractRegistrate/REGISTRATE.REGISTER]: Registered l2complements:totemic_gold_ingot to registry minecraft:item
[22Jun2025 03:47:50.205] [main/DEBUG] [com.tterrag.registrate.AbstractRegistrate/REGISTRATE.REGISTER]: Registered l2complements:poseidite_ingot to registry minecraft:item
[22Jun2025 03:47:50.205] [main/DEBUG] [com.tterrag.registrate.AbstractRegistrate/REGISTRATE.REGISTER]: Registered l2complements:shulkerate_ingot to registry minecraft:item
[22Jun2025 03:47:50.206] [main/DEBUG] [com.tterrag.registrate.AbstractRegistrate/REGISTRATE.REGISTER]: Registered l2complements:sculkium_ingot to registry minecraft:item
[22Jun2025 03:47:50.206] [main/DEBUG] [com.tterrag.registrate.AbstractRegistrate/REGISTRATE.REGISTER]: Registered l2complements:eternium_ingot to registry minecraft:item
[22Jun2025 03:47:50.206] [main/DEBUG] [com.tterrag.registrate.AbstractRegistrate/REGISTRATE.REGISTER]: Registered l2complements:totemic_gold_nugget to registry minecraft:item
[22Jun2025 03:47:50.206] [main/DEBUG] [com.tterrag.registrate.AbstractRegistrate/REGISTRATE.REGISTER]: Registered l2complements:poseidite_nugget to registry minecraft:item
[22Jun2025 03:47:50.206] [main/DEBUG] [com.tterrag.registrate.AbstractRegistrate/REGISTRATE.REGISTER]: Registered l2complements:shulkerate_nugget to registry minecraft:item
[22Jun2025 03:47:50.206] [main/DEBUG] [com.tterrag.registrate.AbstractRegistrate/REGISTRATE.REGISTER]: Registered l2complements:sculkium_nugget to registry minecraft:item
[22Jun2025 03:47:50.206] [main/DEBUG] [com.tterrag.registrate.AbstractRegistrate/REGISTRATE.REGISTER]: Registered l2complements:eternium_nugget to registry minecraft:item
[22Jun2025 03:47:50.206] [main/DEBUG] [com.tterrag.registrate.AbstractRegistrate/REGISTRATE.REGISTER]: Registered l2complements:wind_capture_bottle to registry minecraft:item
[22Jun2025 03:47:50.206] [main/DEBUG] [com.tterrag.registrate.AbstractRegistrate/REGISTRATE.REGISTER]: Registered l2complements:void_eye to registry minecraft:item
[22Jun2025 03:47:50.207] [main/DEBUG] [com.tterrag.registrate.AbstractRegistrate/REGISTRATE.REGISTER]: Registered l2complements:captured_wind to registry minecraft:item
[22Jun2025 03:47:50.207] [main/DEBUG] [com.tterrag.registrate.AbstractRegistrate/REGISTRATE.REGISTER]: Registered l2complements:captured_shulker_bullet to registry minecraft:item
[22Jun2025 03:47:50.207] [main/DEBUG] [com.tterrag.registrate.AbstractRegistrate/REGISTRATE.REGISTER]: Registered l2complements:sun_membrane to registry minecraft:item
[22Jun2025 03:47:50.207] [main/DEBUG] [com.tterrag.registrate.AbstractRegistrate/REGISTRATE.REGISTER]: Registered l2complements:explosion_shard to registry minecraft:item
[22Jun2025 03:47:50.207] [main/DEBUG] [com.tterrag.registrate.AbstractRegistrate/REGISTRATE.REGISTER]: Registered l2complements:hard_ice to registry minecraft:item
[22Jun2025 03:47:50.207] [main/DEBUG] [com.tterrag.registrate.AbstractRegistrate/REGISTRATE.REGISTER]: Registered l2complements:soul_flame to registry minecraft:item
[22Jun2025 03:47:50.207] [main/DEBUG] [com.tterrag.registrate.AbstractRegistrate/REGISTRATE.REGISTER]: Registered l2complements:storm_core to registry minecraft:item
[22Jun2025 03:47:50.207] [main/DEBUG] [com.tterrag.registrate.AbstractRegistrate/REGISTRATE.REGISTER]: Registered l2complements:blackstone_core to registry minecraft:item
[22Jun2025 03:47:50.207] [main/DEBUG] [com.tterrag.registrate.AbstractRegistrate/REGISTRATE.REGISTER]: Registered l2complements:resonant_feather to registry minecraft:item
[22Jun2025 03:47:50.207] [main/DEBUG] [com.tterrag.registrate.AbstractRegistrate/REGISTRATE.REGISTER]: Registered l2complements:space_shard to registry minecraft:item
[22Jun2025 03:47:50.207] [main/DEBUG] [com.tterrag.registrate.AbstractRegistrate/REGISTRATE.REGISTER]: Registered l2complements:warden_bone_shard to registry minecraft:item
[22Jun2025 03:47:50.208] [main/DEBUG] [com.tterrag.registrate.AbstractRegistrate/REGISTRATE.REGISTER]: Registered l2complements:guardian_eye to registry minecraft:item
[22Jun2025 03:47:50.208] [main/DEBUG] [com.tterrag.registrate.AbstractRegistrate/REGISTRATE.REGISTER]: Registered l2complements:heirophant_green to registry minecraft:item
[22Jun2025 03:47:50.208] [main/DEBUG] [com.tterrag.registrate.AbstractRegistrate/REGISTRATE.REGISTER]: Registered l2complements:cursed_droplet to registry minecraft:item
[22Jun2025 03:47:50.208] [main/DEBUG] [com.tterrag.registrate.AbstractRegistrate/REGISTRATE.REGISTER]: Registered l2complements:life_essence to registry minecraft:item
[22Jun2025 03:47:50.208] [main/DEBUG] [com.tterrag.registrate.AbstractRegistrate/REGISTRATE.REGISTER]: Registered l2complements:force_field to registry minecraft:item
[22Jun2025 03:47:50.209] [main/DEBUG] [com.tterrag.registrate.AbstractRegistrate/REGISTRATE.REGISTER]: Registered l2complements:guardian_rune to registry minecraft:item
[22Jun2025 03:47:50.209] [main/DEBUG] [com.tterrag.registrate.AbstractRegistrate/REGISTRATE.REGISTER]: Registered l2complements:piglin_rune to registry minecraft:item
[22Jun2025 03:47:50.210] [main/DEBUG] [com.tterrag.registrate.AbstractRegistrate/REGISTRATE.REGISTER]: Registered l2complements:fragile_warp_stone to registry minecraft:item
[22Jun2025 03:47:50.210] [main/DEBUG] [com.tterrag.registrate.AbstractRegistrate/REGISTRATE.REGISTER]: Registered l2complements:reinforced_warp_stone to registry minecraft:item
[22Jun2025 03:47:50.211] [main/DEBUG] [com.tterrag.registrate.AbstractRegistrate/REGISTRATE.REGISTER]: Registered l2complements:totem_of_dream to registry minecraft:item
[22Jun2025 03:47:50.211] [main/DEBUG] [com.tterrag.registrate.AbstractRegistrate/REGISTRATE.REGISTER]: Registered l2complements:totem_of_the_sea to registry minecraft:item
[22Jun2025 03:47:50.212] [main/DEBUG] [com.tterrag.registrate.AbstractRegistrate/REGISTRATE.REGISTER]: Registered l2complements:eternal_totem_of_dream to registry minecraft:item
[22Jun2025 03:47:50.214] [main/DEBUG] [com.tterrag.registrate.AbstractRegistrate/REGISTRATE.REGISTER]: Registered l2complements:soul_fire_charge to registry minecraft:item
[22Jun2025 03:47:50.215] [main/DEBUG] [com.tterrag.registrate.AbstractRegistrate/REGISTRATE.REGISTER]: Registered l2complements:strong_fire_charge to registry minecraft:item
[22Jun2025 03:47:50.215] [main/DEBUG] [com.tterrag.registrate.AbstractRegistrate/REGISTRATE.REGISTER]: Registered l2complements:black_fire_charge to registry minecraft:item
[22Jun2025 03:47:50.216] [main/DEBUG] [com.tterrag.registrate.AbstractRegistrate/REGISTRATE.REGISTER]: Registered l2complements:sonic_shooter to registry minecraft:item
[22Jun2025 03:47:50.217] [main/DEBUG] [com.tterrag.registrate.AbstractRegistrate/REGISTRATE.REGISTER]: Registered l2complements:hellfire_wand to registry minecraft:item
[22Jun2025 03:47:50.217] [main/DEBUG] [com.tterrag.registrate.AbstractRegistrate/REGISTRATE.REGISTER]: Registered l2complements:diffusion_wand to registry minecraft:item
[22Jun2025 03:47:50.217] [main/DEBUG] [com.tterrag.registrate.AbstractRegistrate/REGISTRATE.REGISTER]: Registered l2complements:winterstorm_wand to registry minecraft:item
[22Jun2025 03:47:50.218] [main/DEBUG] [com.tterrag.registrate.AbstractRegistrate/REGISTRATE.REGISTER]: Registered l2complements:totemic_carrot to registry minecraft:item
[22Jun2025 03:47:50.220] [main/DEBUG] [com.tterrag.registrate.AbstractRegistrate/REGISTRATE.REGISTER]: Registered l2complements:enchanted_totemic_carrot to registry minecraft:item
[22Jun2025 03:47:50.222] [main/DEBUG] [com.tterrag.registrate.AbstractRegistrate/REGISTRATE.REGISTER]: Registered l2complements:totemic_apple to registry minecraft:item
[22Jun2025 03:47:50.223] [main/DEBUG] [com.tterrag.registrate.AbstractRegistrate/REGISTRATE.REGISTER]: Registered l2complements:enchanted_totemic_apple to registry minecraft:item
[22Jun2025 03:47:50.224] [main/DEBUG] [com.tterrag.registrate.AbstractRegistrate/REGISTRATE.REGISTER]: Registered l2complements:totemic_gold_helmet to registry minecraft:item
[22Jun2025 03:47:50.224] [main/DEBUG] [com.tterrag.registrate.AbstractRegistrate/REGISTRATE.REGISTER]: Registered l2complements:totemic_gold_chestplate to registry minecraft:item
[22Jun2025 03:47:50.224] [main/DEBUG] [com.tterrag.registrate.AbstractRegistrate/REGISTRATE.REGISTER]: Registered l2complements:totemic_gold_leggings to registry minecraft:item
[22Jun2025 03:47:50.227] [main/DEBUG] [com.tterrag.registrate.AbstractRegistrate/REGISTRATE.REGISTER]: Registered l2complements:totemic_gold_boots to registry minecraft:item
[22Jun2025 03:47:50.228] [main/DEBUG] [com.tterrag.registrate.AbstractRegistrate/REGISTRATE.REGISTER]: Registered l2complements:totemic_gold_sword to registry minecraft:item
[22Jun2025 03:47:50.228] [main/DEBUG] [com.tterrag.registrate.AbstractRegistrate/REGISTRATE.REGISTER]: Registered l2complements:totemic_gold_axe to registry minecraft:item
[22Jun2025 03:47:50.228] [main/DEBUG] [com.tterrag.registrate.AbstractRegistrate/REGISTRATE.REGISTER]: Registered l2complements:totemic_gold_shovel to registry minecraft:item
[22Jun2025 03:47:50.230] [main/DEBUG] [com.tterrag.registrate.AbstractRegistrate/REGISTRATE.REGISTER]: Registered l2complements:totemic_gold_pickaxe to registry minecraft:item
[22Jun2025 03:47:50.230] [main/DEBUG] [com.tterrag.registrate.AbstractRegistrate/REGISTRATE.REGISTER]: Registered l2complements:totemic_gold_hoe to registry minecraft:item
[22Jun2025 03:47:50.231] [main/DEBUG] [com.tterrag.registrate.AbstractRegistrate/REGISTRATE.REGISTER]: Registered l2complements:poseidite_helmet to registry minecraft:item
[22Jun2025 03:47:50.231] [main/DEBUG] [com.tterrag.registrate.AbstractRegistrate/REGISTRATE.REGISTER]: Registered l2complements:poseidite_chestplate to registry minecraft:item
[22Jun2025 03:47:50.231] [main/DEBUG] [com.tterrag.registrate.AbstractRegistrate/REGISTRATE.REGISTER]: Registered l2complements:poseidite_leggings to registry minecraft:item
[22Jun2025 03:47:50.231] [main/DEBUG] [com.tterrag.registrate.AbstractRegistrate/REGISTRATE.REGISTER]: Registered l2complements:poseidite_boots to registry minecraft:item
[22Jun2025 03:47:50.231] [main/DEBUG] [com.tterrag.registrate.AbstractRegistrate/REGISTRATE.REGISTER]: Registered l2complements:poseidite_sword to registry minecraft:item
[22Jun2025 03:47:50.231] [main/DEBUG] [com.tterrag.registrate.AbstractRegistrate/REGISTRATE.REGISTER]: Registered l2complements:poseidite_axe to registry minecraft:item
[22Jun2025 03:47:50.234] [main/DEBUG] [com.tterrag.registrate.AbstractRegistrate/REGISTRATE.REGISTER]: Registered l2complements:poseidite_shovel to registry minecraft:item
[22Jun2025 03:47:50.234] [main/DEBUG] [com.tterrag.registrate.AbstractRegistrate/REGISTRATE.REGISTER]: Registered l2complements:poseidite_pickaxe to registry minecraft:item
[22Jun2025 03:47:50.236] [main/DEBUG] [com.tterrag.registrate.AbstractRegistrate/REGISTRATE.REGISTER]: Registered l2complements:poseidite_hoe to registry minecraft:item
[22Jun2025 03:47:50.237] [main/DEBUG] [com.tterrag.registrate.AbstractRegistrate/REGISTRATE.REGISTER]: Registered l2complements:shulkerate_helmet to registry minecraft:item
[22Jun2025 03:47:50.237] [main/DEBUG] [com.tterrag.registrate.AbstractRegistrate/REGISTRATE.REGISTER]: Registered l2complements:shulkerate_chestplate to registry minecraft:item
[22Jun2025 03:47:50.237] [main/DEBUG] [com.tterrag.registrate.AbstractRegistrate/REGISTRATE.REGISTER]: Registered l2complements:shulkerate_leggings to registry minecraft:item
[22Jun2025 03:47:50.237] [main/DEBUG] [com.tterrag.registrate.AbstractRegistrate/REGISTRATE.REGISTER]: Registered l2complements:shulkerate_boots to registry minecraft:item
[22Jun2025 03:47:50.237] [main/DEBUG] [com.tterrag.registrate.AbstractRegistrate/REGISTRATE.REGISTER]: Registered l2complements:shulkerate_sword to registry minecraft:item
[22Jun2025 03:47:50.237] [main/DEBUG] [com.tterrag.registrate.AbstractRegistrate/REGISTRATE.REGISTER]: Registered l2complements:shulkerate_axe to registry minecraft:item
[22Jun2025 03:47:50.237] [main/DEBUG] [com.tterrag.registrate.AbstractRegistrate/REGISTRATE.REGISTER]: Registered l2complements:shulkerate_shovel to registry minecraft:item
[22Jun2025 03:47:50.240] [main/DEBUG] [com.tterrag.registrate.AbstractRegistrate/REGISTRATE.REGISTER]: Registered l2complements:shulkerate_pickaxe to registry minecraft:item
[22Jun2025 03:47:50.240] [main/DEBUG] [com.tterrag.registrate.AbstractRegistrate/REGISTRATE.REGISTER]: Registered l2complements:shulkerate_hoe to registry minecraft:item
[22Jun2025 03:47:50.242] [main/DEBUG] [com.tterrag.registrate.AbstractRegistrate/REGISTRATE.REGISTER]: Registered l2complements:sculkium_helmet to registry minecraft:item
[22Jun2025 03:47:50.243] [main/DEBUG] [com.tterrag.registrate.AbstractRegistrate/REGISTRATE.REGISTER]: Registered l2complements:sculkium_chestplate to registry minecraft:item
[22Jun2025 03:47:50.243] [main/DEBUG] [com.tterrag.registrate.AbstractRegistrate/REGISTRATE.REGISTER]: Registered l2complements:sculkium_leggings to registry minecraft:item
[22Jun2025 03:47:50.243] [main/DEBUG] [com.tterrag.registrate.AbstractRegistrate/REGISTRATE.REGISTER]: Registered l2complements:sculkium_boots to registry minecraft:item
[22Jun2025 03:47:50.243] [main/DEBUG] [com.tterrag.registrate.AbstractRegistrate/REGISTRATE.REGISTER]: Registered l2complements:sculkium_sword to registry minecraft:item
[22Jun2025 03:47:50.243] [main/DEBUG] [com.tterrag.registrate.AbstractRegistrate/REGISTRATE.REGISTER]: Registered l2complements:sculkium_axe to registry minecraft:item
[22Jun2025 03:47:50.245] [main/DEBUG] [com.tterrag.registrate.AbstractRegistrate/REGISTRATE.REGISTER]: Registered l2complements:sculkium_shovel to registry minecraft:item
[22Jun2025 03:47:50.246] [main/DEBUG] [com.tterrag.registrate.AbstractRegistrate/REGISTRATE.REGISTER]: Registered l2complements:sculkium_pickaxe to registry minecraft:item
[22Jun2025 03:47:50.246] [main/DEBUG] [com.tterrag.registrate.AbstractRegistrate/REGISTRATE.REGISTER]: Registered l2complements:sculkium_hoe to registry minecraft:item
[22Jun2025 03:47:50.247] [main/DEBUG] [com.tterrag.registrate.AbstractRegistrate/REGISTRATE.REGISTER]: Registered l2complements:eternium_helmet to registry minecraft:item
[22Jun2025 03:47:50.247] [main/DEBUG] [com.tterrag.registrate.AbstractRegistrate/REGISTRATE.REGISTER]: Registered l2complements:eternium_chestplate to registry minecraft:item
[22Jun2025 03:47:50.250] [main/DEBUG] [com.tterrag.registrate.AbstractRegistrate/REGISTRATE.REGISTER]: Registered l2complements:eternium_leggings to registry minecraft:item
[22Jun2025 03:47:50.251] [main/DEBUG] [com.tterrag.registrate.AbstractRegistrate/REGISTRATE.REGISTER]: Registered l2complements:eternium_boots to registry minecraft:item
[22Jun2025 03:47:50.251] [main/DEBUG] [com.tterrag.registrate.AbstractRegistrate/REGISTRATE.REGISTER]: Registered l2complements:eternium_sword to registry minecraft:item
[22Jun2025 03:47:50.251] [main/DEBUG] [com.tterrag.registrate.AbstractRegistrate/REGISTRATE.REGISTER]: Registered l2complements:eternium_axe to registry minecraft:item
[22Jun2025 03:47:50.251] [main/DEBUG] [com.tterrag.registrate.AbstractRegistrate/REGISTRATE.REGISTER]: Registered l2complements:eternium_shovel to registry minecraft:item
[22Jun2025 03:47:50.251] [main/DEBUG] [com.tterrag.registrate.AbstractRegistrate/REGISTRATE.REGISTER]: Registered l2complements:eternium_pickaxe to registry minecraft:item
[22Jun2025 03:47:50.253] [main/DEBUG] [com.tterrag.registrate.AbstractRegistrate/REGISTRATE.REGISTER]: Registered l2complements:eternium_hoe to registry minecraft:item
[22Jun2025 03:47:50.253] [main/DEBUG] [com.tterrag.registrate.AbstractRegistrate/REGISTRATE.REGISTER]: (l2weaponry) Registering 128 known objects of type minecraft:item
[22Jun2025 03:47:50.253] [main/DEBUG] [com.tterrag.registrate.AbstractRegistrate/REGISTRATE.REGISTER]: Registered l2weaponry:reinforced_handle to registry minecraft:item
[22Jun2025 03:47:50.255] [main/DEBUG] [com.tterrag.registrate.AbstractRegistrate/REGISTRATE.REGISTER]: Registered l2weaponry:vampire_desire to registry minecraft:item
[22Jun2025 03:47:50.256] [main/DEBUG] [com.tterrag.registrate.AbstractRegistrate/REGISTRATE.REGISTER]: Registered l2weaponry:claw_of_determination to registry minecraft:item
[22Jun2025 03:47:50.256] [main/DEBUG] [com.tterrag.registrate.AbstractRegistrate/REGISTRATE.REGISTER]: Registered l2weaponry:shadow_hunter to registry minecraft:item
[22Jun2025 03:47:50.257] [main/DEBUG] [com.tterrag.registrate.AbstractRegistrate/REGISTRATE.REGISTER]: Registered l2weaponry:abyss_shock to registry minecraft:item
[22Jun2025 03:47:50.257] [main/DEBUG] [com.tterrag.registrate.AbstractRegistrate/REGISTRATE.REGISTER]: Registered l2weaponry:shadow_shredder to registry minecraft:item
[22Jun2025 03:47:50.257] [main/DEBUG] [com.tterrag.registrate.AbstractRegistrate/REGISTRATE.REGISTER]: Registered l2weaponry:abyss_resonance to registry minecraft:item
[22Jun2025 03:47:50.258] [main/DEBUG] [com.tterrag.registrate.AbstractRegistrate/REGISTRATE.REGISTER]: Registered l2weaponry:blade_of_illusion to registry minecraft:item
[22Jun2025 03:47:50.259] [main/DEBUG] [com.tterrag.registrate.AbstractRegistrate/REGISTRATE.REGISTER]: Registered l2weaponry:barbaric_hallow to registry minecraft:item
[22Jun2025 03:47:50.259] [main/DEBUG] [com.tterrag.registrate.AbstractRegistrate/REGISTRATE.REGISTER]: Registered l2weaponry:hammer_of_incarceration to registry minecraft:item
[22Jun2025 03:47:50.260] [main/DEBUG] [com.tterrag.registrate.AbstractRegistrate/REGISTRATE.REGISTER]: Registered l2weaponry:abyss_echo to registry minecraft:item
[22Jun2025 03:47:50.260] [main/DEBUG] [com.tterrag.registrate.AbstractRegistrate/REGISTRATE.REGISTER]: Registered l2weaponry:dogmatic_punishment to registry minecraft:item
[22Jun2025 03:47:50.260] [main/DEBUG] [com.tterrag.registrate.AbstractRegistrate/REGISTRATE.REGISTER]: Registered l2weaponry:axe_of_cursed_flame to registry minecraft:item
[22Jun2025 03:47:50.260] [main/DEBUG] [com.tterrag.registrate.AbstractRegistrate/REGISTRATE.REGISTER]: Registered l2weaponry:abyss_terror to registry minecraft:item
[22Jun2025 03:47:50.260] [main/DEBUG] [com.tterrag.registrate.AbstractRegistrate/REGISTRATE.REGISTER]: Registered l2weaponry:dogmatic_standoff to registry minecraft:item
[22Jun2025 03:47:50.262] [main/DEBUG] [com.tterrag.registrate.AbstractRegistrate/REGISTRATE.REGISTER]: Registered l2weaponry:death_scythe to registry minecraft:item
[22Jun2025 03:47:50.262] [main/DEBUG] [com.tterrag.registrate.AbstractRegistrate/REGISTRATE.REGISTER]: Registered l2weaponry:spear_of_winter_storm to registry minecraft:item
[22Jun2025 03:47:50.262] [main/DEBUG] [com.tterrag.registrate.AbstractRegistrate/REGISTRATE.REGISTER]: Registered l2weaponry:haunting_demon_of_the_end to registry minecraft:item
[22Jun2025 03:47:50.262] [main/DEBUG] [com.tterrag.registrate.AbstractRegistrate/REGISTRATE.REGISTER]: Registered l2weaponry:poseidon_madness to registry minecraft:item
[22Jun2025 03:47:50.262] [main/DEBUG] [com.tterrag.registrate.AbstractRegistrate/REGISTRATE.REGISTER]: Registered l2weaponry:void_escape to registry minecraft:item
[22Jun2025 03:47:50.263] [main/DEBUG] [com.tterrag.registrate.AbstractRegistrate/REGISTRATE.REGISTER]: Registered l2weaponry:iron_claw to registry minecraft:item
[22Jun2025 03:47:50.263] [main/DEBUG] [com.tterrag.registrate.AbstractRegistrate/REGISTRATE.REGISTER]: Registered l2weaponry:gold_claw to registry minecraft:item
[22Jun2025 03:47:50.263] [main/DEBUG] [com.tterrag.registrate.AbstractRegistrate/REGISTRATE.REGISTER]: Registered l2weaponry:diamond_claw to registry minecraft:item
[22Jun2025 03:47:50.263] [main/DEBUG] [com.tterrag.registrate.AbstractRegistrate/REGISTRATE.REGISTER]: Registered l2weaponry:netherite_claw to registry minecraft:item
[22Jun2025 03:47:50.263] [main/DEBUG] [com.tterrag.registrate.AbstractRegistrate/REGISTRATE.REGISTER]: Registered l2weaponry:totemic_gold_claw to registry minecraft:item
[22Jun2025 03:47:50.263] [main/DEBUG] [com.tterrag.registrate.AbstractRegistrate/REGISTRATE.REGISTER]: Registered l2weaponry:poseidite_claw to registry minecraft:item
[22Jun2025 03:47:50.263] [main/DEBUG] [com.tterrag.registrate.AbstractRegistrate/REGISTRATE.REGISTER]: Registered l2weaponry:shulkerate_claw to registry minecraft:item
[22Jun2025 03:47:50.263] [main/DEBUG] [com.tterrag.registrate.AbstractRegistrate/REGISTRATE.REGISTER]: Registered l2weaponry:sculkium_claw to registry minecraft:item
[22Jun2025 03:47:50.264] [main/DEBUG] [com.tterrag.registrate.AbstractRegistrate/REGISTRATE.REGISTER]: Registered l2weaponry:eternium_claw to registry minecraft:item
[22Jun2025 03:47:50.264] [main/DEBUG] [com.tterrag.registrate.AbstractRegistrate/REGISTRATE.REGISTER]: Registered l2weaponry:iron_dagger to registry minecraft:item
[22Jun2025 03:47:50.264] [main/DEBUG] [com.tterrag.registrate.AbstractRegistrate/REGISTRATE.REGISTER]: Registered l2weaponry:gold_dagger to registry minecraft:item
[22Jun2025 03:47:50.264] [main/DEBUG] [com.tterrag.registrate.AbstractRegistrate/REGISTRATE.REGISTER]: Registered l2weaponry:diamond_dagger to registry minecraft:item
[22Jun2025 03:47:50.264] [main/DEBUG] [com.tterrag.registrate.AbstractRegistrate/REGISTRATE.REGISTER]: Registered l2weaponry:netherite_dagger to registry minecraft:item
[22Jun2025 03:47:50.264] [main/DEBUG] [com.tterrag.registrate.AbstractRegistrate/REGISTRATE.REGISTER]: Registered l2weaponry:totemic_gold_dagger to registry minecraft:item
[22Jun2025 03:47:50.264] [main/DEBUG] [com.tterrag.registrate.AbstractRegistrate/REGISTRATE.REGISTER]: Registered l2weaponry:poseidite_dagger to registry minecraft:item
[22Jun2025 03:47:50.264] [main/DEBUG] [com.tterrag.registrate.AbstractRegistrate/REGISTRATE.REGISTER]: Registered l2weaponry:shulkerate_dagger to registry minecraft:item
[22Jun2025 03:47:50.264] [main/DEBUG] [com.tterrag.registrate.AbstractRegistrate/REGISTRATE.REGISTER]: Registered l2weaponry:sculkium_dagger to registry minecraft:item
[22Jun2025 03:47:50.265] [main/DEBUG] [com.tterrag.registrate.AbstractRegistrate/REGISTRATE.REGISTER]: Registered l2weaponry:eternium_dagger to registry minecraft:item
[22Jun2025 03:47:50.265] [main/DEBUG] [com.tterrag.registrate.AbstractRegistrate/REGISTRATE.REGISTER]: Registered l2weaponry:iron_machete to registry minecraft:item
[22Jun2025 03:47:50.265] [main/DEBUG] [com.tterrag.registrate.AbstractRegistrate/REGISTRATE.REGISTER]: Registered l2weaponry:gold_machete to registry minecraft:item
[22Jun2025 03:47:50.265] [main/DEBUG] [com.tterrag.registrate.AbstractRegistrate/REGISTRATE.REGISTER]: Registered l2weaponry:diamond_machete to registry minecraft:item
[22Jun2025 03:47:50.265] [main/DEBUG] [com.tterrag.registrate.AbstractRegistrate/REGISTRATE.REGISTER]: Registered l2weaponry:netherite_machete to registry minecraft:item
[22Jun2025 03:47:50.265] [main/DEBUG] [com.tterrag.registrate.AbstractRegistrate/REGISTRATE.REGISTER]: Registered l2weaponry:totemic_gold_machete to registry minecraft:item
[22Jun2025 03:47:50.265] [main/DEBUG] [com.tterrag.registrate.AbstractRegistrate/REGISTRATE.REGISTER]: Registered l2weaponry:poseidite_machete to registry minecraft:item
[22Jun2025 03:47:50.265] [main/DEBUG] [com.tterrag.registrate.AbstractRegistrate/REGISTRATE.REGISTER]: Registered l2weaponry:shulkerate_machete to registry minecraft:item
[22Jun2025 03:47:50.265] [main/DEBUG] [com.tterrag.registrate.AbstractRegistrate/REGISTRATE.REGISTER]: Registered l2weaponry:sculkium_machete to registry minecraft:item
[22Jun2025 03:47:50.265] [main/DEBUG] [com.tterrag.registrate.AbstractRegistrate/REGISTRATE.REGISTER]: Registered l2weaponry:eternium_machete to registry minecraft:item
[22Jun2025 03:47:50.265] [main/DEBUG] [com.tterrag.registrate.AbstractRegistrate/REGISTRATE.REGISTER]: Registered l2weaponry:iron_throwing_axe to registry minecraft:item
[22Jun2025 03:47:50.265] [main/DEBUG] [com.tterrag.registrate.AbstractRegistrate/REGISTRATE.REGISTER]: Registered l2weaponry:gold_throwing_axe to registry minecraft:item
[22Jun2025 03:47:50.268] [main/DEBUG] [com.tterrag.registrate.AbstractRegistrate/REGISTRATE.REGISTER]: Registered l2weaponry:diamond_throwing_axe to registry minecraft:item
[22Jun2025 03:47:50.268] [main/DEBUG] [com.tterrag.registrate.AbstractRegistrate/REGISTRATE.REGISTER]: Registered l2weaponry:netherite_throwing_axe to registry minecraft:item
[22Jun2025 03:47:50.268] [main/DEBUG] [com.tterrag.registrate.AbstractRegistrate/REGISTRATE.REGISTER]: Registered l2weaponry:totemic_gold_throwing_axe to registry minecraft:item
[22Jun2025 03:47:50.268] [main/DEBUG] [com.tterrag.registrate.AbstractRegistrate/REGISTRATE.REGISTER]: Registered l2weaponry:poseidite_throwing_axe to registry minecraft:item
[22Jun2025 03:47:50.268] [main/DEBUG] [com.tterrag.registrate.AbstractRegistrate/REGISTRATE.REGISTER]: Registered l2weaponry:shulkerate_throwing_axe to registry minecraft:item
[22Jun2025 03:47:50.268] [main/DEBUG] [com.tterrag.registrate.AbstractRegistrate/REGISTRATE.REGISTER]: Registered l2weaponry:sculkium_throwing_axe to registry minecraft:item
[22Jun2025 03:47:50.269] [main/DEBUG] [com.tterrag.registrate.AbstractRegistrate/REGISTRATE.REGISTER]: Registered l2weaponry:eternium_throwing_axe to registry minecraft:item
[22Jun2025 03:47:50.269] [main/DEBUG] [com.tterrag.registrate.AbstractRegistrate/REGISTRATE.REGISTER]: Registered l2weaponry:iron_hammer to registry minecraft:item
[22Jun2025 03:47:50.269] [main/DEBUG] [com.tterrag.registrate.AbstractRegistrate/REGISTRATE.REGISTER]: Registered l2weaponry:gold_hammer to registry minecraft:item
[22Jun2025 03:47:50.269] [main/DEBUG] [com.tterrag.registrate.AbstractRegistrate/REGISTRATE.REGISTER]: Registered l2weaponry:diamond_hammer to registry minecraft:item
[22Jun2025 03:47:50.269] [main/DEBUG] [com.tterrag.registrate.AbstractRegistrate/REGISTRATE.REGISTER]: Registered l2weaponry:netherite_hammer to registry minecraft:item
[22Jun2025 03:47:50.269] [main/DEBUG] [com.tterrag.registrate.AbstractRegistrate/REGISTRATE.REGISTER]: Registered l2weaponry:totemic_gold_hammer to registry minecraft:item
[22Jun2025 03:47:50.269] [main/DEBUG] [com.tterrag.registrate.AbstractRegistrate/REGISTRATE.REGISTER]: Registered l2weaponry:poseidite_hammer to registry minecraft:item
[22Jun2025 03:47:50.270] [main/DEBUG] [com.tterrag.registrate.AbstractRegistrate/REGISTRATE.REGISTER]: Registered l2weaponry:shulkerate_hammer to registry minecraft:item
[22Jun2025 03:47:50.270] [main/DEBUG] [com.tterrag.registrate.AbstractRegistrate/REGISTRATE.REGISTER]: Registered l2weaponry:sculkium_hammer to registry minecraft:item
[22Jun2025 03:47:50.270] [main/DEBUG] [com.tterrag.registrate.AbstractRegistrate/REGISTRATE.REGISTER]: Registered l2weaponry:eternium_hammer to registry minecraft:item
[22Jun2025 03:47:50.271] [main/DEBUG] [com.tterrag.registrate.AbstractRegistrate/REGISTRATE.REGISTER]: Registered l2weaponry:iron_battle_axe to registry minecraft:item
[22Jun2025 03:47:50.271] [main/DEBUG] [com.tterrag.registrate.AbstractRegistrate/REGISTRATE.REGISTER]: Registered l2weaponry:gold_battle_axe to registry minecraft:item
[22Jun2025 03:47:50.271] [main/DEBUG] [com.tterrag.registrate.AbstractRegistrate/REGISTRATE.REGISTER]: Registered l2weaponry:diamond_battle_axe to registry minecraft:item
[22Jun2025 03:47:50.272] [main/DEBUG] [com.tterrag.registrate.AbstractRegistrate/REGISTRATE.REGISTER]: Registered l2weaponry:netherite_battle_axe to registry minecraft:item
[22Jun2025 03:47:50.272] [main/DEBUG] [com.tterrag.registrate.AbstractRegistrate/REGISTRATE.REGISTER]: Registered l2weaponry:totemic_gold_battle_axe to registry minecraft:item
[22Jun2025 03:47:50.272] [main/DEBUG] [com.tterrag.registrate.AbstractRegistrate/REGISTRATE.REGISTER]: Registered l2weaponry:poseidite_battle_axe to registry minecraft:item
[22Jun2025 03:47:50.272] [main/DEBUG] [com.tterrag.registrate.AbstractRegistrate/REGISTRATE.REGISTER]: Registered l2weaponry:shulkerate_battle_axe to registry minecraft:item
[22Jun2025 03:47:50.272] [main/DEBUG] [com.tterrag.registrate.AbstractRegistrate/REGISTRATE.REGISTER]: Registered l2weaponry:sculkium_battle_axe to registry minecraft:item
[22Jun2025 03:47:50.272] [main/DEBUG] [com.tterrag.registrate.AbstractRegistrate/REGISTRATE.REGISTER]: Registered l2weaponry:eternium_battle_axe to registry minecraft:item
[22Jun2025 03:47:50.272] [main/DEBUG] [com.tterrag.registrate.AbstractRegistrate/REGISTRATE.REGISTER]: Registered l2weaponry:iron_scythe to registry minecraft:item
[22Jun2025 03:47:50.272] [main/DEBUG] [com.tterrag.registrate.AbstractRegistrate/REGISTRATE.REGISTER]: Registered l2weaponry:gold_scythe to registry minecraft:item
[22Jun2025 03:47:50.272] [main/DEBUG] [com.tterrag.registrate.AbstractRegistrate/REGISTRATE.REGISTER]: Registered l2weaponry:diamond_scythe to registry minecraft:item
[22Jun2025 03:47:50.273] [main/DEBUG] [com.tterrag.registrate.AbstractRegistrate/REGISTRATE.REGISTER]: Registered l2weaponry:netherite_scythe to registry minecraft:item
[22Jun2025 03:47:50.273] [main/DEBUG] [com.tterrag.registrate.AbstractRegistrate/REGISTRATE.REGISTER]: Registered l2weaponry:totemic_gold_scythe to registry minecraft:item
[22Jun2025 03:47:50.273] [main/DEBUG] [com.tterrag.registrate.AbstractRegistrate/REGISTRATE.REGISTER]: Registered l2weaponry:poseidite_scythe to registry minecraft:item
[22Jun2025 03:47:50.273] [main/DEBUG] [com.tterrag.registrate.AbstractRegistrate/REGISTRATE.REGISTER]: Registered l2weaponry:shulkerate_scythe to registry minecraft:item
[22Jun2025 03:47:50.273] [main/DEBUG] [com.tterrag.registrate.AbstractRegistrate/REGISTRATE.REGISTER]: Registered l2weaponry:sculkium_scythe to registry minecraft:item
[22Jun2025 03:47:50.273] [main/DEBUG] [com.tterrag.registrate.AbstractRegistrate/REGISTRATE.REGISTER]: Registered l2weaponry:eternium_scythe to registry minecraft:item
[22Jun2025 03:47:50.273] [main/DEBUG] [com.tterrag.registrate.AbstractRegistrate/REGISTRATE.REGISTER]: Registered l2weaponry:iron_spear to registry minecraft:item
[22Jun2025 03:47:50.273] [main/DEBUG] [com.tterrag.registrate.AbstractRegistrate/REGISTRATE.REGISTER]: Registered l2weaponry:gold_spear to registry minecraft:item
[22Jun2025 03:47:50.275] [main/DEBUG] [com.tterrag.registrate.AbstractRegistrate/REGISTRATE.REGISTER]: Registered l2weaponry:diamond_spear to registry minecraft:item
[22Jun2025 03:47:50.275] [main/DEBUG] [com.tterrag.registrate.AbstractRegistrate/REGISTRATE.REGISTER]: Registered l2weaponry:netherite_spear to registry minecraft:item
[22Jun2025 03:47:50.275] [main/DEBUG] [com.tterrag.registrate.AbstractRegistrate/REGISTRATE.REGISTER]: Registered l2weaponry:totemic_gold_spear to registry minecraft:item
[22Jun2025 03:47:50.275] [main/DEBUG] [com.tterrag.registrate.AbstractRegistrate/REGISTRATE.REGISTER]: Registered l2weaponry:poseidite_spear to registry minecraft:item
[22Jun2025 03:47:50.275] [main/DEBUG] [com.tterrag.registrate.AbstractRegistrate/REGISTRATE.REGISTER]: Registered l2weaponry:shulkerate_spear to registry minecraft:item
[22Jun2025 03:47:50.275] [main/DEBUG] [com.tterrag.registrate.AbstractRegistrate/REGISTRATE.REGISTER]: Registered l2weaponry:sculkium_spear to registry minecraft:item
[22Jun2025 03:47:50.276] [main/DEBUG] [com.tterrag.registrate.AbstractRegistrate/REGISTRATE.REGISTER]: Registered l2weaponry:eternium_spear to registry minecraft:item
[22Jun2025 03:47:50.276] [main/DEBUG] [com.tterrag.registrate.AbstractRegistrate/REGISTRATE.REGISTER]: Registered l2weaponry:iron_javelin to registry minecraft:item
[22Jun2025 03:47:50.276] [main/DEBUG] [com.tterrag.registrate.AbstractRegistrate/REGISTRATE.REGISTER]: Registered l2weaponry:gold_javelin to registry minecraft:item
[22Jun2025 03:47:50.276] [main/DEBUG] [com.tterrag.registrate.AbstractRegistrate/REGISTRATE.REGISTER]: Registered l2weaponry:diamond_javelin to registry minecraft:item
[22Jun2025 03:47:50.277] [main/DEBUG] [com.tterrag.registrate.AbstractRegistrate/REGISTRATE.REGISTER]: Registered l2weaponry:netherite_javelin to registry minecraft:item
[22Jun2025 03:47:50.277] [main/DEBUG] [com.tterrag.registrate.AbstractRegistrate/REGISTRATE.REGISTER]: Registered l2weaponry:totemic_gold_javelin to registry minecraft:item
[22Jun2025 03:47:50.277] [main/DEBUG] [com.tterrag.registrate.AbstractRegistrate/REGISTRATE.REGISTER]: Registered l2weaponry:poseidite_javelin to registry minecraft:item
[22Jun2025 03:47:50.277] [main/DEBUG] [com.tterrag.registrate.AbstractRegistrate/REGISTRATE.REGISTER]: Registered l2weaponry:shulkerate_javelin to registry minecraft:item
[22Jun2025 03:47:50.277] [main/DEBUG] [com.tterrag.registrate.AbstractRegistrate/REGISTRATE.REGISTER]: Registered l2weaponry:sculkium_javelin to registry minecraft:item
[22Jun2025 03:47:50.277] [main/DEBUG] [com.tterrag.registrate.AbstractRegistrate/REGISTRATE.REGISTER]: Registered l2weaponry:eternium_javelin to registry minecraft:item
[22Jun2025 03:47:50.277] [main/DEBUG] [com.tterrag.registrate.AbstractRegistrate/REGISTRATE.REGISTER]: Registered l2weaponry:iron_round_shield to registry minecraft:item
[22Jun2025 03:47:50.278] [main/DEBUG] [com.tterrag.registrate.AbstractRegistrate/REGISTRATE.REGISTER]: Registered l2weaponry:gold_round_shield to registry minecraft:item
[22Jun2025 03:47:50.278] [main/DEBUG] [com.tterrag.registrate.AbstractRegistrate/REGISTRATE.REGISTER]: Registered l2weaponry:diamond_round_shield to registry minecraft:item
[22Jun2025 03:47:50.278] [main/DEBUG] [com.tterrag.registrate.AbstractRegistrate/REGISTRATE.REGISTER]: Registered l2weaponry:netherite_round_shield to registry minecraft:item
[22Jun2025 03:47:50.278] [main/DEBUG] [com.tterrag.registrate.AbstractRegistrate/REGISTRATE.REGISTER]: Registered l2weaponry:totemic_gold_round_shield to registry minecraft:item
[22Jun2025 03:47:50.278] [main/DEBUG] [com.tterrag.registrate.AbstractRegistrate/REGISTRATE.REGISTER]: Registered l2weaponry:poseidite_round_shield to registry minecraft:item
[22Jun2025 03:47:50.278] [main/DEBUG] [com.tterrag.registrate.AbstractRegistrate/REGISTRATE.REGISTER]: Registered l2weaponry:shulkerate_round_shield to registry minecraft:item
[22Jun2025 03:47:50.279] [main/DEBUG] [com.tterrag.registrate.AbstractRegistrate/REGISTRATE.REGISTER]: Registered l2weaponry:sculkium_round_shield to registry minecraft:item
[22Jun2025 03:47:50.279] [main/DEBUG] [com.tterrag.registrate.AbstractRegistrate/REGISTRATE.REGISTER]: Registered l2weaponry:eternium_round_shield to registry minecraft:item
[22Jun2025 03:47:50.279] [main/DEBUG] [com.tterrag.registrate.AbstractRegistrate/REGISTRATE.REGISTER]: Registered l2weaponry:iron_plate_shield to registry minecraft:item
[22Jun2025 03:47:50.279] [main/DEBUG] [com.tterrag.registrate.AbstractRegistrate/REGISTRATE.REGISTER]: Registered l2weaponry:gold_plate_shield to registry minecraft:item
[22Jun2025 03:47:50.279] [main/DEBUG] [com.tterrag.registrate.AbstractRegistrate/REGISTRATE.REGISTER]: Registered l2weaponry:diamond_plate_shield to registry minecraft:item
[22Jun2025 03:47:50.279] [main/DEBUG] [com.tterrag.registrate.AbstractRegistrate/REGISTRATE.REGISTER]: Registered l2weaponry:netherite_plate_shield to registry minecraft:item
[22Jun2025 03:47:50.279] [main/DEBUG] [com.tterrag.registrate.AbstractRegistrate/REGISTRATE.REGISTER]: Registered l2weaponry:totemic_gold_plate_shield to registry minecraft:item
[22Jun2025 03:47:50.279] [main/DEBUG] [com.tterrag.registrate.AbstractRegistrate/REGISTRATE.REGISTER]: Registered l2weaponry:poseidite_plate_shield to registry minecraft:item
[22Jun2025 03:47:50.280] [main/DEBUG] [com.tterrag.registrate.AbstractRegistrate/REGISTRATE.REGISTER]: Registered l2weaponry:shulkerate_plate_shield to registry minecraft:item
[22Jun2025 03:47:50.280] [main/DEBUG] [com.tterrag.registrate.AbstractRegistrate/REGISTRATE.REGISTER]: Registered l2weaponry:sculkium_plate_shield to registry minecraft:item
[22Jun2025 03:47:50.280] [main/DEBUG] [com.tterrag.registrate.AbstractRegistrate/REGISTRATE.REGISTER]: Registered l2weaponry:eternium_plate_shield to registry minecraft:item
[22Jun2025 03:47:50.280] [main/DEBUG] [com.tterrag.registrate.AbstractRegistrate/REGISTRATE.REGISTER]: Registered l2weaponry:iron_nunchaku to registry minecraft:item
[22Jun2025 03:47:50.280] [main/DEBUG] [com.tterrag.registrate.AbstractRegistrate/REGISTRATE.REGISTER]: Registered l2weaponry:gold_nunchaku to registry minecraft:item
[22Jun2025 03:47:50.280] [main/DEBUG] [com.tterrag.registrate.AbstractRegistrate/REGISTRATE.REGISTER]: Registered l2weaponry:diamond_nunchaku to registry minecraft:item
[22Jun2025 03:47:50.280] [main/DEBUG] [com.tterrag.registrate.AbstractRegistrate/REGISTRATE.REGISTER]: Registered l2weaponry:netherite_nunchaku to registry minecraft:item
[22Jun2025 03:47:50.280] [main/DEBUG] [com.tterrag.registrate.AbstractRegistrate/REGISTRATE.REGISTER]: Registered l2weaponry:totemic_gold_nunchaku to registry minecraft:item
[22Jun2025 03:47:50.280] [main/DEBUG] [com.tterrag.registrate.AbstractRegistrate/REGISTRATE.REGISTER]: Registered l2weaponry:poseidite_nunchaku to registry minecraft:item
[22Jun2025 03:47:50.280] [main/DEBUG] [com.tterrag.registrate.AbstractRegistrate/REGISTRATE.REGISTER]: Registered l2weaponry:shulkerate_nunchaku to registry minecraft:item
[22Jun2025 03:47:50.281] [main/DEBUG] [com.tterrag.registrate.AbstractRegistrate/REGISTRATE.REGISTER]: Registered l2weaponry:sculkium_nunchaku to registry minecraft:item
[22Jun2025 03:47:50.281] [main/DEBUG] [com.tterrag.registrate.AbstractRegistrate/REGISTRATE.REGISTER]: Registered l2weaponry:eternium_nunchaku to registry minecraft:item
[22Jun2025 03:47:50.292] [main/DEBUG] [com.tterrag.registrate.AbstractRegistrate/REGISTRATE.REGISTER]: (l2complements) Registering 3 known objects of type minecraft:entity_type
[22Jun2025 03:47:50.295] [main/DEBUG] [com.tterrag.registrate.AbstractRegistrate/REGISTRATE.REGISTER]: Registered l2complements:soul_fire_charge to registry minecraft:entity_type
[22Jun2025 03:47:50.295] [main/DEBUG] [com.tterrag.registrate.AbstractRegistrate/REGISTRATE.REGISTER]: Registered l2complements:strong_fire_charge to registry minecraft:entity_type
[22Jun2025 03:47:50.295] [main/DEBUG] [com.tterrag.registrate.AbstractRegistrate/REGISTRATE.REGISTER]: Registered l2complements:black_fire_charge to registry minecraft:entity_type
[22Jun2025 03:47:50.295] [main/DEBUG] [com.tterrag.registrate.AbstractRegistrate/REGISTRATE.REGISTER]: (l2weaponry) Registering 2 known objects of type minecraft:entity_type
[22Jun2025 03:47:50.296] [main/DEBUG] [com.tterrag.registrate.AbstractRegistrate/REGISTRATE.REGISTER]: Registered l2weaponry:throwing_axe to registry minecraft:entity_type
[22Jun2025 03:47:50.296] [main/DEBUG] [com.tterrag.registrate.AbstractRegistrate/REGISTRATE.REGISTER]: Registered l2weaponry:javelin to registry minecraft:entity_type
[22Jun2025 03:47:50.313] [main/DEBUG] [com.tterrag.registrate.AbstractRegistrate/REGISTRATE.REGISTER]: (l2complements) Registering 22 known objects of type minecraft:potion
[22Jun2025 03:47:50.315] [main/DEBUG] [com.tterrag.registrate.AbstractRegistrate/REGISTRATE.REGISTER]: Registered l2complements:flame to registry minecraft:potion
[22Jun2025 03:47:50.315] [main/DEBUG] [com.tterrag.registrate.AbstractRegistrate/REGISTRATE.REGISTER]: Registered l2complements:long_flame to registry minecraft:potion
[22Jun2025 03:47:50.316] [main/DEBUG] [com.tterrag.registrate.AbstractRegistrate/REGISTRATE.REGISTER]: Registered l2complements:strong_flame to registry minecraft:potion
[22Jun2025 03:47:50.316] [main/DEBUG] [com.tterrag.registrate.AbstractRegistrate/REGISTRATE.REGISTER]: Registered l2complements:frozen to registry minecraft:potion
[22Jun2025 03:47:50.316] [main/DEBUG] [com.tterrag.registrate.AbstractRegistrate/REGISTRATE.REGISTER]: Registered l2complements:long_frozen to registry minecraft:potion
[22Jun2025 03:47:50.317] [main/DEBUG] [com.tterrag.registrate.AbstractRegistrate/REGISTRATE.REGISTER]: Registered l2complements:stone_cage to registry minecraft:potion
[22Jun2025 03:47:50.317] [main/DEBUG] [com.tterrag.registrate.AbstractRegistrate/REGISTRATE.REGISTER]: Registered l2complements:long_stone_cage to registry minecraft:potion
[22Jun2025 03:47:50.317] [main/DEBUG] [com.tterrag.registrate.AbstractRegistrate/REGISTRATE.REGISTER]: Registered l2complements:curse to registry minecraft:potion
[22Jun2025 03:47:50.317] [main/DEBUG] [com.tterrag.registrate.AbstractRegistrate/REGISTRATE.REGISTER]: Registered l2complements:long_curse to registry minecraft:potion
[22Jun2025 03:47:50.317] [main/DEBUG] [com.tterrag.registrate.AbstractRegistrate/REGISTRATE.REGISTER]: Registered l2complements:cleanse to registry minecraft:potion
[22Jun2025 03:47:50.318] [main/DEBUG] [com.tterrag.registrate.AbstractRegistrate/REGISTRATE.REGISTER]: Registered l2complements:long_cleanse to registry minecraft:potion
[22Jun2025 03:47:50.318] [main/DEBUG] [com.tterrag.registrate.AbstractRegistrate/REGISTRATE.REGISTER]: Registered l2complements:armor_reduce to registry minecraft:potion
[22Jun2025 03:47:50.318] [main/DEBUG] [com.tterrag.registrate.AbstractRegistrate/REGISTRATE.REGISTER]: Registered l2complements:long_armor_reduce to registry minecraft:potion
[22Jun2025 03:47:50.318] [main/DEBUG] [com.tterrag.registrate.AbstractRegistrate/REGISTRATE.REGISTER]: Registered l2complements:strong_armor_reduce to registry minecraft:potion
[22Jun2025 03:47:50.318] [main/DEBUG] [com.tterrag.registrate.AbstractRegistrate/REGISTRATE.REGISTER]: Registered l2complements:levitation to registry minecraft:potion
[22Jun2025 03:47:50.318] [main/DEBUG] [com.tterrag.registrate.AbstractRegistrate/REGISTRATE.REGISTER]: Registered l2complements:long_levitation to registry minecraft:potion
[22Jun2025 03:47:50.318] [main/DEBUG] [com.tterrag.registrate.AbstractRegistrate/REGISTRATE.REGISTER]: Registered l2complements:resistance to registry minecraft:potion
[22Jun2025 03:47:50.318] [main/DEBUG] [com.tterrag.registrate.AbstractRegistrate/REGISTRATE.REGISTER]: Registered l2complements:long_resistance to registry minecraft:potion
[22Jun2025 03:47:50.318] [main/DEBUG] [com.tterrag.registrate.AbstractRegistrate/REGISTRATE.REGISTER]: Registered l2complements:strong_resistance to registry minecraft:potion
[22Jun2025 03:47:50.318] [main/DEBUG] [com.tterrag.registrate.AbstractRegistrate/REGISTRATE.REGISTER]: Registered l2complements:emerald_splash to registry minecraft:potion
[22Jun2025 03:47:50.318] [main/DEBUG] [com.tterrag.registrate.AbstractRegistrate/REGISTRATE.REGISTER]: Registered l2complements:long_emerald_splash to registry minecraft:potion
[22Jun2025 03:47:50.318] [main/DEBUG] [com.tterrag.registrate.AbstractRegistrate/REGISTRATE.REGISTER]: Registered l2complements:strong_emerald_splash to registry minecraft:potion
[22Jun2025 03:47:50.326] [main/DEBUG] [com.tterrag.registrate.AbstractRegistrate/REGISTRATE.REGISTER]: (l2complements) Registering 37 known objects of type minecraft:enchantment
[22Jun2025 03:47:50.328] [main/DEBUG] [com.tterrag.registrate.AbstractRegistrate/REGISTRATE.REGISTER]: Registered l2complements:shulker_armor to registry minecraft:enchantment
[22Jun2025 03:47:50.328] [main/DEBUG] [com.tterrag.registrate.AbstractRegistrate/REGISTRATE.REGISTER]: Registered l2complements:ender_mask to registry minecraft:enchantment
[22Jun2025 03:47:50.328] [main/DEBUG] [com.tterrag.registrate.AbstractRegistrate/REGISTRATE.REGISTER]: Registered l2complements:shinny to registry minecraft:enchantment
[22Jun2025 03:47:50.328] [main/DEBUG] [com.tterrag.registrate.AbstractRegistrate/REGISTRATE.REGISTER]: Registered l2complements:snow_walker to registry minecraft:enchantment
[22Jun2025 03:47:50.329] [main/DEBUG] [com.tterrag.registrate.AbstractRegistrate/REGISTRATE.REGISTER]: Registered l2complements:stable_body to registry minecraft:enchantment
[22Jun2025 03:47:50.329] [main/DEBUG] [com.tterrag.registrate.AbstractRegistrate/REGISTRATE.REGISTER]: Registered l2complements:ender_reach to registry minecraft:enchantment
[22Jun2025 03:47:50.329] [main/DEBUG] [com.tterrag.registrate.AbstractRegistrate/REGISTRATE.REGISTER]: Registered l2complements:durable_armor to registry minecraft:enchantment
[22Jun2025 03:47:50.329] [main/DEBUG] [com.tterrag.registrate.AbstractRegistrate/REGISTRATE.REGISTER]: Registered l2complements:smelt to registry minecraft:enchantment
[22Jun2025 03:47:50.329] [main/DEBUG] [com.tterrag.registrate.AbstractRegistrate/REGISTRATE.REGISTER]: Registered l2complements:life_mending to registry minecraft:enchantment
[22Jun2025 03:47:50.329] [main/DEBUG] [com.tterrag.registrate.AbstractRegistrate/REGISTRATE.REGISTER]: Registered l2complements:life_sync to registry minecraft:enchantment
[22Jun2025 03:47:50.329] [main/DEBUG] [com.tterrag.registrate.AbstractRegistrate/REGISTRATE.REGISTER]: Registered l2complements:safeguard to registry minecraft:enchantment
[22Jun2025 03:47:50.329] [main/DEBUG] [com.tterrag.registrate.AbstractRegistrate/REGISTRATE.REGISTER]: Registered l2complements:hardened to registry minecraft:enchantment
[22Jun2025 03:47:50.329] [main/DEBUG] [com.tterrag.registrate.AbstractRegistrate/REGISTRATE.REGISTER]: Registered l2complements:dampened to registry minecraft:enchantment
[22Jun2025 03:47:50.329] [main/DEBUG] [com.tterrag.registrate.AbstractRegistrate/REGISTRATE.REGISTER]: Registered l2complements:soul_bound to registry minecraft:enchantment
[22Jun2025 03:47:50.329] [main/DEBUG] [com.tterrag.registrate.AbstractRegistrate/REGISTRATE.REGISTER]: Registered l2complements:eternal to registry minecraft:enchantment
[22Jun2025 03:47:50.329] [main/DEBUG] [com.tterrag.registrate.AbstractRegistrate/REGISTRATE.REGISTER]: Registered l2complements:wind_sweep to registry minecraft:enchantment
[22Jun2025 03:47:50.329] [main/DEBUG] [com.tterrag.registrate.AbstractRegistrate/REGISTRATE.REGISTER]: Registered l2complements:ice_blade to registry minecraft:enchantment
[22Jun2025 03:47:50.329] [main/DEBUG] [com.tterrag.registrate.AbstractRegistrate/REGISTRATE.REGISTER]: Registered l2complements:soul_flame_blade to registry minecraft:enchantment
[22Jun2025 03:47:50.329] [main/DEBUG] [com.tterrag.registrate.AbstractRegistrate/REGISTRATE.REGISTER]: Registered l2complements:cursed_blade to registry minecraft:enchantment
[22Jun2025 03:47:50.329] [main/DEBUG] [com.tterrag.registrate.AbstractRegistrate/REGISTRATE.REGISTER]: Registered l2complements:sharp_blade to registry minecraft:enchantment
[22Jun2025 03:47:50.329] [main/DEBUG] [com.tterrag.registrate.AbstractRegistrate/REGISTRATE.REGISTER]: Registered l2complements:ice_thorn to registry minecraft:enchantment
[22Jun2025 03:47:50.329] [main/DEBUG] [com.tterrag.registrate.AbstractRegistrate/REGISTRATE.REGISTER]: Registered l2complements:soul_flame_thorn to registry minecraft:enchantment
[22Jun2025 03:47:50.329] [main/DEBUG] [com.tterrag.registrate.AbstractRegistrate/REGISTRATE.REGISTER]: Registered l2complements:void_touch to registry minecraft:enchantment
[22Jun2025 03:47:50.329] [main/DEBUG] [com.tterrag.registrate.AbstractRegistrate/REGISTRATE.REGISTER]: Registered l2complements:projectile_reject to registry minecraft:enchantment
[22Jun2025 03:47:50.329] [main/DEBUG] [com.tterrag.registrate.AbstractRegistrate/REGISTRATE.REGISTER]: Registered l2complements:fire_reject to registry minecraft:enchantment
[22Jun2025 03:47:50.329] [main/DEBUG] [com.tterrag.registrate.AbstractRegistrate/REGISTRATE.REGISTER]: Registered l2complements:environment_reject to registry minecraft:enchantment
[22Jun2025 03:47:50.330] [main/DEBUG] [com.tterrag.registrate.AbstractRegistrate/REGISTRATE.REGISTER]: Registered l2complements:explosion_reject to registry minecraft:enchantment
[22Jun2025 03:47:50.330] [main/DEBUG] [com.tterrag.registrate.AbstractRegistrate/REGISTRATE.REGISTER]: Registered l2complements:magic_reject to registry minecraft:enchantment
[22Jun2025 03:47:50.330] [main/DEBUG] [com.tterrag.registrate.AbstractRegistrate/REGISTRATE.REGISTER]: Registered l2complements:invincible to registry minecraft:enchantment
[22Jun2025 03:47:50.330] [main/DEBUG] [com.tterrag.registrate.AbstractRegistrate/REGISTRATE.REGISTER]: Registered l2complements:owner_protection to registry minecraft:enchantment
[22Jun2025 03:47:50.331] [main/DEBUG] [com.tterrag.registrate.AbstractRegistrate/REGISTRATE.REGISTER]: Registered l2complements:cubic_digging to registry minecraft:enchantment
[22Jun2025 03:47:50.331] [main/DEBUG] [com.tterrag.registrate.AbstractRegistrate/REGISTRATE.REGISTER]: Registered l2complements:plane_digging to registry minecraft:enchantment
[22Jun2025 03:47:50.332] [main/DEBUG] [com.tterrag.registrate.AbstractRegistrate/REGISTRATE.REGISTER]: Registered l2complements:drill_digging to registry minecraft:enchantment
[22Jun2025 03:47:50.332] [main/DEBUG] [com.tterrag.registrate.AbstractRegistrate/REGISTRATE.REGISTER]: Registered l2complements:vien_mining to registry minecraft:enchantment
[22Jun2025 03:47:50.339] [main/DEBUG] [com.tterrag.registrate.AbstractRegistrate/REGISTRATE.REGISTER]: Registered l2complements:tree_chopping to registry minecraft:enchantment
[22Jun2025 03:47:50.340] [main/DEBUG] [com.tterrag.registrate.AbstractRegistrate/REGISTRATE.REGISTER]: Registered l2complements:cubic_eater to registry minecraft:enchantment
[22Jun2025 03:47:50.341] [main/DEBUG] [com.tterrag.registrate.AbstractRegistrate/REGISTRATE.REGISTER]: Registered l2complements:plane_eater to registry minecraft:enchantment
[22Jun2025 03:47:50.342] [main/DEBUG] [com.tterrag.registrate.AbstractRegistrate/REGISTRATE.REGISTER]: (l2weaponry) Registering 11 known objects of type minecraft:enchantment
[22Jun2025 03:47:50.342] [main/DEBUG] [com.tterrag.registrate.AbstractRegistrate/REGISTRATE.REGISTER]: Registered l2weaponry:ender_hand to registry minecraft:enchantment
[22Jun2025 03:47:50.342] [main/DEBUG] [com.tterrag.registrate.AbstractRegistrate/REGISTRATE.REGISTER]: Registered l2weaponry:projection to registry minecraft:enchantment
[22Jun2025 03:47:50.343] [main/DEBUG] [com.tterrag.registrate.AbstractRegistrate/REGISTRATE.REGISTER]: Registered l2weaponry:instant_shot to registry minecraft:enchantment
[22Jun2025 03:47:50.343] [main/DEBUG] [com.tterrag.registrate.AbstractRegistrate/REGISTRATE.REGISTER]: Registered l2weaponry:stealth to registry minecraft:enchantment
[22Jun2025 03:47:50.343] [main/DEBUG] [com.tterrag.registrate.AbstractRegistrate/REGISTRATE.REGISTER]: Registered l2weaponry:heavy to registry minecraft:enchantment
[22Jun2025 03:47:50.343] [main/DEBUG] [com.tterrag.registrate.AbstractRegistrate/REGISTRATE.REGISTER]: Registered l2weaponry:hard_shield to registry minecraft:enchantment
[22Jun2025 03:47:50.343] [main/DEBUG] [com.tterrag.registrate.AbstractRegistrate/REGISTRATE.REGISTER]: Registered l2weaponry:heavy_shield to registry minecraft:enchantment
[22Jun2025 03:47:50.343] [main/DEBUG] [com.tterrag.registrate.AbstractRegistrate/REGISTRATE.REGISTER]: Registered l2weaponry:energized_will to registry minecraft:enchantment
[22Jun2025 03:47:50.343] [main/DEBUG] [com.tterrag.registrate.AbstractRegistrate/REGISTRATE.REGISTER]: Registered l2weaponry:raised_spirit to registry minecraft:enchantment
[22Jun2025 03:47:50.343] [main/DEBUG] [com.tterrag.registrate.AbstractRegistrate/REGISTRATE.REGISTER]: Registered l2weaponry:ghost_slash to registry minecraft:enchantment
[22Jun2025 03:47:50.343] [main/DEBUG] [com.tterrag.registrate.AbstractRegistrate/REGISTRATE.REGISTER]: Registered l2weaponry:claw_shielding to registry minecraft:enchantment
[22Jun2025 03:47:50.450] [main/DEBUG] [placebo/]: Registered 0 recipe types.
[22Jun2025 03:47:50.455] [main/DEBUG] [com.tterrag.registrate.AbstractRegistrate/REGISTRATE.REGISTER]: (l2complements) Registering 2 known objects of type minecraft:recipe_type
[22Jun2025 03:47:50.458] [main/DEBUG] [com.tterrag.registrate.AbstractRegistrate/REGISTRATE.REGISTER]: Registered l2complements:burnt to registry minecraft:recipe_type
[22Jun2025 03:47:50.459] [main/DEBUG] [com.tterrag.registrate.AbstractRegistrate/REGISTRATE.REGISTER]: Registered l2complements:diffusion to registry minecraft:recipe_type
[22Jun2025 03:47:50.487] [main/DEBUG] [mixin/]: Mixing SmithingTransformRecipeMixin from l2library.mixins.json into net.minecraft.world.item.crafting.SmithingTransformRecipe
[22Jun2025 03:47:50.487] [main/DEBUG] [mixin/]: l2library.mixins.json:SmithingTransformRecipeMixin: Class version 61 required is higher than the class version supported by the current version of Mixin (JAVA_16 supports class version 60)
[22Jun2025 03:47:50.541] [main/DEBUG] [com.tterrag.registrate.AbstractRegistrate/REGISTRATE.REGISTER]: (l2complements) Registering 2 known objects of type minecraft:recipe_serializer
[22Jun2025 03:47:50.544] [main/DEBUG] [com.tterrag.registrate.AbstractRegistrate/REGISTRATE.REGISTER]: Registered l2complements:burnt to registry minecraft:recipe_serializer
[22Jun2025 03:47:50.546] [main/DEBUG] [com.tterrag.registrate.AbstractRegistrate/REGISTRATE.REGISTER]: Registered l2complements:diffusion to registry minecraft:recipe_serializer
[22Jun2025 03:47:50.696] [main/DEBUG] [com.tterrag.registrate.AbstractRegistrate/REGISTRATE.REGISTER]: (l2library) Registering 4 known objects of type minecraft:creative_mode_tab
[22Jun2025 03:47:50.697] [main/DEBUG] [com.tterrag.registrate.AbstractRegistrate/REGISTRATE.REGISTER]: Registered l2library:enchantments_low to registry minecraft:creative_mode_tab
[22Jun2025 03:47:50.697] [main/DEBUG] [com.tterrag.registrate.AbstractRegistrate/REGISTRATE.REGISTER]: Registered l2library:enchantments_max to registry minecraft:creative_mode_tab
[22Jun2025 03:47:50.698] [main/DEBUG] [com.tterrag.registrate.AbstractRegistrate/REGISTRATE.REGISTER]: Registered l2library:l2complements to registry minecraft:creative_mode_tab
[22Jun2025 03:47:50.701] [main/DEBUG] [com.tterrag.registrate.AbstractRegistrate/REGISTRATE.REGISTER]: Registered l2library:weaponry to registry minecraft:creative_mode_tab
[22Jun2025 03:47:50.748] [main/DEBUG] [com.tterrag.registrate.AbstractRegistrate/REGISTRATE.REGISTER]: (l2screentracker) Registering 2 known objects of type l2screentracker:item_source
[22Jun2025 03:47:50.749] [main/DEBUG] [com.tterrag.registrate.AbstractRegistrate/REGISTRATE.REGISTER]: Registered l2screentracker:inventory to registry l2screentracker:item_source
[22Jun2025 03:47:50.749] [main/DEBUG] [com.tterrag.registrate.AbstractRegistrate/REGISTRATE.REGISTER]: Registered l2screentracker:ender to registry l2screentracker:item_source
[22Jun2025 03:47:50.750] [main/DEBUG] [com.tterrag.registrate.AbstractRegistrate/REGISTRATE.REGISTER]: (l2screentracker) Registering 4 known objects of type l2screentracker:tracked_entry_type
[22Jun2025 03:47:50.750] [main/DEBUG] [com.tterrag.registrate.AbstractRegistrate/REGISTRATE.REGISTER]: Registered l2screentracker:inventory to registry l2screentracker:tracked_entry_type
[22Jun2025 03:47:50.750] [main/DEBUG] [com.tterrag.registrate.AbstractRegistrate/REGISTRATE.REGISTER]: Registered l2screentracker:ender to registry l2screentracker:tracked_entry_type
[22Jun2025 03:47:50.751] [main/DEBUG] [com.tterrag.registrate.AbstractRegistrate/REGISTRATE.REGISTER]: Registered l2screentracker:quick_access to registry l2screentracker:tracked_entry_type
[22Jun2025 03:47:50.751] [main/DEBUG] [com.tterrag.registrate.AbstractRegistrate/REGISTRATE.REGISTER]: Registered l2screentracker:menu_provider to registry l2screentracker:tracked_entry_type
[22Jun2025 03:47:51.082] [main/DEBUG] [net.minecraftforge.fml.config.ConfigTracker/CONFIG]: Loading configs type COMMON
[22Jun2025 03:47:51.090] [main/DEBUG] [net.minecraftforge.fml.config.ConfigFileTypeHandler/CONFIG]: Built TOML config for /workspaces/MQSX/servidor_minecraft/config/sophisticatedcore-common.toml
[22Jun2025 03:47:51.096] [main/DEBUG] [net.minecraftforge.fml.config.ConfigFileTypeHandler/CONFIG]: Loaded TOML config file /workspaces/MQSX/servidor_minecraft/config/sophisticatedcore-common.toml
[22Jun2025 03:47:51.102] [main/DEBUG] [net.minecraftforge.fml.config.ConfigFileTypeHandler/CONFIG]: Watching TOML config file /workspaces/MQSX/servidor_minecraft/config/sophisticatedcore-common.toml for changes
[22Jun2025 03:47:51.105] [main/DEBUG] [net.minecraftforge.fml.config.ConfigFileTypeHandler/CONFIG]: Built TOML config for /workspaces/MQSX/servidor_minecraft/config/modernfix-common.toml
[22Jun2025 03:47:51.106] [main/DEBUG] [net.minecraftforge.fml.config.ConfigFileTypeHandler/CONFIG]: Loaded TOML config file /workspaces/MQSX/servidor_minecraft/config/modernfix-common.toml
[22Jun2025 03:47:51.107] [main/DEBUG] [net.minecraftforge.fml.config.ConfigFileTypeHandler/CONFIG]: Watching TOML config file /workspaces/MQSX/servidor_minecraft/config/modernfix-common.toml for changes
[22Jun2025 03:47:51.109] [main/DEBUG] [net.minecraftforge.fml.config.ConfigFileTypeHandler/CONFIG]: Built TOML config for /workspaces/MQSX/servidor_minecraft/config/sophisticatedbackpacks-common.toml
[22Jun2025 03:47:51.114] [main/DEBUG] [net.minecraftforge.fml.config.ConfigFileTypeHandler/CONFIG]: Loaded TOML config file /workspaces/MQSX/servidor_minecraft/config/sophisticatedbackpacks-common.toml
[22Jun2025 03:47:51.117] [main/DEBUG] [net.minecraftforge.fml.config.ConfigFileTypeHandler/CONFIG]: Watching TOML config file /workspaces/MQSX/servidor_minecraft/config/sophisticatedbackpacks-common.toml for changes
[22Jun2025 03:47:51.119] [main/DEBUG] [net.minecraftforge.fml.config.ConfigFileTypeHandler/CONFIG]: Built TOML config for /workspaces/MQSX/servidor_minecraft/config/betterfortresses-forge-1_20.toml
[22Jun2025 03:47:51.121] [main/DEBUG] [net.minecraftforge.fml.config.ConfigFileTypeHandler/CONFIG]: Loaded TOML config file /workspaces/MQSX/servidor_minecraft/config/betterfortresses-forge-1_20.toml
[22Jun2025 03:47:51.121] [main/DEBUG] [net.minecraftforge.fml.config.ConfigFileTypeHandler/CONFIG]: Watching TOML config file /workspaces/MQSX/servidor_minecraft/config/betterfortresses-forge-1_20.toml for changes
[22Jun2025 03:47:51.122] [main/DEBUG] [net.minecraftforge.fml.config.ConfigFileTypeHandler/CONFIG]: Built TOML config for /workspaces/MQSX/servidor_minecraft/config/farmersdelight-common.toml
[22Jun2025 03:47:51.126] [main/DEBUG] [net.minecraftforge.fml.config.ConfigFileTypeHandler/CONFIG]: Loaded TOML config file /workspaces/MQSX/servidor_minecraft/config/farmersdelight-common.toml
[22Jun2025 03:47:51.128] [main/DEBUG] [net.minecraftforge.fml.config.ConfigFileTypeHandler/CONFIG]: Watching TOML config file /workspaces/MQSX/servidor_minecraft/config/farmersdelight-common.toml for changes
[22Jun2025 03:47:51.135] [main/DEBUG] [net.minecraftforge.fml.config.ConfigFileTypeHandler/CONFIG]: Built TOML config for /workspaces/MQSX/servidor_minecraft/config/skinnedlanterns-common.toml
[22Jun2025 03:47:51.137] [main/DEBUG] [net.minecraftforge.fml.config.ConfigFileTypeHandler/CONFIG]: Loaded TOML config file /workspaces/MQSX/servidor_minecraft/config/skinnedlanterns-common.toml
[22Jun2025 03:47:51.139] [main/DEBUG] [net.minecraftforge.fml.config.ConfigFileTypeHandler/CONFIG]: Watching TOML config file /workspaces/MQSX/servidor_minecraft/config/skinnedlanterns-common.toml for changes
[22Jun2025 03:47:51.145] [main/DEBUG] [net.minecraftforge.fml.config.ConfigFileTypeHandler/CONFIG]: Built TOML config for /workspaces/MQSX/servidor_minecraft/config/advancednetherite-common.toml
[22Jun2025 03:47:51.146] [main/DEBUG] [net.minecraftforge.fml.config.ConfigFileTypeHandler/CONFIG]: Loaded TOML config file /workspaces/MQSX/servidor_minecraft/config/advancednetherite-common.toml
[22Jun2025 03:47:51.147] [main/DEBUG] [net.minecraftforge.fml.config.ConfigFileTypeHandler/CONFIG]: Watching TOML config file /workspaces/MQSX/servidor_minecraft/config/advancednetherite-common.toml for changes
[22Jun2025 03:47:51.150] [main/DEBUG] [net.minecraftforge.fml.config.ConfigFileTypeHandler/CONFIG]: Built TOML config for /workspaces/MQSX/servidor_minecraft/config/storagedrawers-common.toml
[22Jun2025 03:47:51.151] [main/DEBUG] [net.minecraftforge.fml.config.ConfigFileTypeHandler/CONFIG]: Loaded TOML config file /workspaces/MQSX/servidor_minecraft/config/storagedrawers-common.toml
[22Jun2025 03:47:51.153] [main/DEBUG] [net.minecraftforge.fml.config.ConfigFileTypeHandler/CONFIG]: Watching TOML config file /workspaces/MQSX/servidor_minecraft/config/storagedrawers-common.toml for changes
[22Jun2025 03:47:51.160] [main/DEBUG] [net.minecraftforge.fml.config.ConfigFileTypeHandler/CONFIG]: Built TOML config for /workspaces/MQSX/servidor_minecraft/config/rusticdelight-common.toml
[22Jun2025 03:47:51.161] [main/DEBUG] [net.minecraftforge.fml.config.ConfigFileTypeHandler/CONFIG]: Loaded TOML config file /workspaces/MQSX/servidor_minecraft/config/rusticdelight-common.toml
[22Jun2025 03:47:51.163] [main/DEBUG] [net.minecraftforge.fml.config.ConfigFileTypeHandler/CONFIG]: Watching TOML config file /workspaces/MQSX/servidor_minecraft/config/rusticdelight-common.toml for changes
[22Jun2025 03:47:51.166] [main/DEBUG] [net.minecraftforge.fml.config.ConfigFileTypeHandler/CONFIG]: Built TOML config for /workspaces/MQSX/servidor_minecraft/config/betterendisland-forge-1_20.toml
[22Jun2025 03:47:51.167] [main/DEBUG] [net.minecraftforge.fml.config.ConfigFileTypeHandler/CONFIG]: Loaded TOML config file /workspaces/MQSX/servidor_minecraft/config/betterendisland-forge-1_20.toml
[22Jun2025 03:47:51.167] [main/DEBUG] [net.minecraftforge.fml.config.ConfigFileTypeHandler/CONFIG]: Watching TOML config file /workspaces/MQSX/servidor_minecraft/config/betterendisland-forge-1_20.toml for changes
[22Jun2025 03:47:51.170] [main/DEBUG] [net.minecraftforge.fml.config.ConfigFileTypeHandler/CONFIG]: Built TOML config for /workspaces/MQSX/servidor_minecraft/config/betterstrongholds-forge-1_20.toml
[22Jun2025 03:47:51.172] [main/DEBUG] [net.minecraftforge.fml.config.ConfigFileTypeHandler/CONFIG]: Loaded TOML config file /workspaces/MQSX/servidor_minecraft/config/betterstrongholds-forge-1_20.toml
[22Jun2025 03:47:51.173] [main/DEBUG] [net.minecraftforge.fml.config.ConfigFileTypeHandler/CONFIG]: Watching TOML config file /workspaces/MQSX/servidor_minecraft/config/betterstrongholds-forge-1_20.toml for changes
[22Jun2025 03:47:51.179] [main/DEBUG] [net.minecraftforge.fml.config.ConfigFileTypeHandler/CONFIG]: Built TOML config for /workspaces/MQSX/servidor_minecraft/config/l2_configs/l2tabs-common.toml
[22Jun2025 03:47:51.179] [main/DEBUG] [net.minecraftforge.fml.config.ConfigFileTypeHandler/CONFIG]: Loaded TOML config file /workspaces/MQSX/servidor_minecraft/config/l2_configs/l2tabs-common.toml
[22Jun2025 03:47:51.180] [main/DEBUG] [net.minecraftforge.fml.config.ConfigFileTypeHandler/CONFIG]: Watching TOML config file /workspaces/MQSX/servidor_minecraft/config/l2_configs/l2tabs-common.toml for changes
[22Jun2025 03:47:51.181] [main/DEBUG] [net.minecraftforge.fml.config.ConfigFileTypeHandler/CONFIG]: Built TOML config for /workspaces/MQSX/servidor_minecraft/config/l2_configs/l2library-common.toml
[22Jun2025 03:47:51.181] [main/DEBUG] [net.minecraftforge.fml.config.ConfigFileTypeHandler/CONFIG]: Loaded TOML config file /workspaces/MQSX/servidor_minecraft/config/l2_configs/l2library-common.toml
[22Jun2025 03:47:51.181] [main/DEBUG] [net.minecraftforge.fml.config.ConfigFileTypeHandler/CONFIG]: Watching TOML config file /workspaces/MQSX/servidor_minecraft/config/l2_configs/l2library-common.toml for changes
[22Jun2025 03:47:51.182] [main/DEBUG] [net.minecraftforge.fml.config.ConfigFileTypeHandler/CONFIG]: Built TOML config for /workspaces/MQSX/servidor_minecraft/config/l2_configs/l2weaponry-common.toml
[22Jun2025 03:47:51.183] [main/DEBUG] [net.minecraftforge.fml.config.ConfigFileTypeHandler/CONFIG]: Loaded TOML config file /workspaces/MQSX/servidor_minecraft/config/l2_configs/l2weaponry-common.toml
[22Jun2025 03:47:51.183] [main/DEBUG] [net.minecraftforge.fml.config.ConfigFileTypeHandler/CONFIG]: Watching TOML config file /workspaces/MQSX/servidor_minecraft/config/l2_configs/l2weaponry-common.toml for changes
[22Jun2025 03:47:51.184] [main/DEBUG] [net.minecraftforge.fml.config.ConfigFileTypeHandler/CONFIG]: Built TOML config for /workspaces/MQSX/servidor_minecraft/config/l2_configs/l2screentracker-common.toml
[22Jun2025 03:47:51.184] [main/DEBUG] [net.minecraftforge.fml.config.ConfigFileTypeHandler/CONFIG]: Loaded TOML config file /workspaces/MQSX/servidor_minecraft/config/l2_configs/l2screentracker-common.toml
[22Jun2025 03:47:51.185] [main/DEBUG] [net.minecraftforge.fml.config.ConfigFileTypeHandler/CONFIG]: Watching TOML config file /workspaces/MQSX/servidor_minecraft/config/l2_configs/l2screentracker-common.toml for changes
[22Jun2025 03:47:51.186] [main/DEBUG] [net.minecraftforge.fml.config.ConfigFileTypeHandler/CONFIG]: Built TOML config for /workspaces/MQSX/servidor_minecraft/config/l2_configs/l2complements-common.toml
[22Jun2025 03:47:51.187] [main/DEBUG] [net.minecraftforge.fml.config.ConfigFileTypeHandler/CONFIG]: Loaded TOML config file /workspaces/MQSX/servidor_minecraft/config/l2_configs/l2complements-common.toml
[22Jun2025 03:47:51.188] [main/DEBUG] [net.minecraftforge.fml.config.ConfigFileTypeHandler/CONFIG]: Watching TOML config file /workspaces/MQSX/servidor_minecraft/config/l2_configs/l2complements-common.toml for changes
[22Jun2025 03:47:51.191] [main/DEBUG] [net.minecraftforge.fml.config.ConfigFileTypeHandler/CONFIG]: Built TOML config for /workspaces/MQSX/servidor_minecraft/config/l2_configs/l2damagetracker-common.toml
[22Jun2025 03:47:51.192] [main/DEBUG] [net.minecraftforge.fml.config.ConfigFileTypeHandler/CONFIG]: Loaded TOML config file /workspaces/MQSX/servidor_minecraft/config/l2_configs/l2damagetracker-common.toml
[22Jun2025 03:47:51.193] [main/DEBUG] [net.minecraftforge.fml.config.ConfigFileTypeHandler/CONFIG]: Watching TOML config file /workspaces/MQSX/servidor_minecraft/config/l2_configs/l2damagetracker-common.toml for changes
[22Jun2025 03:47:51.194] [main/DEBUG] [net.minecraftforge.fml.config.ConfigFileTypeHandler/CONFIG]: Built TOML config for /workspaces/MQSX/servidor_minecraft/config/betterjungletemples-forge-1_20.toml
[22Jun2025 03:47:51.194] [main/DEBUG] [net.minecraftforge.fml.config.ConfigFileTypeHandler/CONFIG]: Loaded TOML config file /workspaces/MQSX/servidor_minecraft/config/betterjungletemples-forge-1_20.toml
[22Jun2025 03:47:51.194] [main/DEBUG] [net.minecraftforge.fml.config.ConfigFileTypeHandler/CONFIG]: Watching TOML config file /workspaces/MQSX/servidor_minecraft/config/betterjungletemples-forge-1_20.toml for changes
[22Jun2025 03:47:51.195] [main/DEBUG] [net.minecraftforge.fml.config.ConfigFileTypeHandler/CONFIG]: Built TOML config for /workspaces/MQSX/servidor_minecraft/config/enemyexpansion.toml
[22Jun2025 03:47:51.195] [main/DEBUG] [net.minecraftforge.fml.config.ConfigFileTypeHandler/CONFIG]: Loaded TOML config file /workspaces/MQSX/servidor_minecraft/config/enemyexpansion.toml
[22Jun2025 03:47:51.195] [main/DEBUG] [net.minecraftforge.fml.config.ConfigFileTypeHandler/CONFIG]: Watching TOML config file /workspaces/MQSX/servidor_minecraft/config/enemyexpansion.toml for changes
[22Jun2025 03:47:51.350] [modloading-worker-0/INFO] [com.limitedchunks.LimitedChunks/]: Limited chunkloading initialized
[22Jun2025 03:47:51.350] [modloading-worker-0/INFO] [com.connectivity.Connectivity/]: Connectivity initialized
[22Jun2025 03:47:51.635] [modloading-worker-0/DEBUG] [ModernFix/]: Cleared 1761 object holder stacktrace references
[22Jun2025 03:47:51.701] [modloading-worker-0/INFO] [com.jaquadro.minecraft.storagedrawers.StorageDrawers/]: New compacting rule 4 clay_ball = 1 clay
[22Jun2025 03:47:51.701] [modloading-worker-0/INFO] [com.jaquadro.minecraft.storagedrawers.StorageDrawers/]: New compacting rule 4 snowball = 1 snow_block
[22Jun2025 03:47:51.701] [modloading-worker-0/INFO] [com.jaquadro.minecraft.storagedrawers.StorageDrawers/]: New compacting rule 4 glowstone_dust = 1 glowstone
[22Jun2025 03:47:51.701] [modloading-worker-0/INFO] [com.jaquadro.minecraft.storagedrawers.StorageDrawers/]: New compacting rule 4 brick = 1 bricks
[22Jun2025 03:47:51.701] [modloading-worker-0/INFO] [com.jaquadro.minecraft.storagedrawers.StorageDrawers/]: New compacting rule 4 nether_brick = 1 nether_bricks
[22Jun2025 03:47:51.702] [modloading-worker-0/INFO] [com.jaquadro.minecraft.storagedrawers.StorageDrawers/]: New compacting rule 9 nether_wart = 1 nether_wart_block
[22Jun2025 03:47:51.702] [modloading-worker-0/INFO] [com.jaquadro.minecraft.storagedrawers.StorageDrawers/]: New compacting rule 4 quartz = 1 quartz_block
[22Jun2025 03:47:51.702] [modloading-worker-0/INFO] [com.jaquadro.minecraft.storagedrawers.StorageDrawers/]: New compacting rule 9 melon_slice = 1 melon
[22Jun2025 03:47:51.702] [modloading-worker-0/INFO] [com.jaquadro.minecraft.storagedrawers.StorageDrawers/]: New compacting rule 4 sand = 1 sandstone
[22Jun2025 03:47:51.706] [modloading-worker-0/INFO] [com.jaquadro.minecraft.storagedrawers.StorageDrawers/]: New compacting rule 4 red_sand = 1 red_sandstone
[22Jun2025 03:47:51.712] [modloading-worker-0/DEBUG] [mixin/]: Mixing perf.potential_spawns_alloc.ForgeEventFactoryMixin from modernfix-forge.mixins.json into net.minecraftforge.event.ForgeEventFactory
[22Jun2025 03:47:51.744] [modloading-worker-0/DEBUG] [mixin/]: Mixing perf.potential_spawns_alloc.PotentialSpawnsMixin from modernfix-forge.mixins.json into net.minecraftforge.event.level.LevelEvent$PotentialSpawns
[22Jun2025 03:47:51.844] [modloading-worker-0/INFO] [com.jaquadro.minecraft.storagedrawers.StorageDrawers/]: New compacting rule 4 clay_ball = 1 clay
[22Jun2025 03:47:52.358] [main/DEBUG] [net.minecraftforge.fml.DeferredWorkQueue/LOADING]: Dispatching synchronous work for work queue COMMON_SETUP: 27 jobs
[22Jun2025 03:47:52.359] [main/INFO] [journeymap/]: Initializing Packet Registries
[22Jun2025 03:47:52.898] [main/DEBUG] [net.minecraftforge.fml.DeferredWorkQueue/LOADING]: Synchronous work queue completed in 538.6 ms
[22Jun2025 03:47:53.262] [Forge Version Check/INFO] [net.minecraftforge.fml.VersionChecker/]: [mcwpaintings] Starting version check at https://raw.githubusercontent.com/sketchmacaw/macawsmods/master/paintings.json
[22Jun2025 03:47:53.518] [main/DEBUG] [net.minecraftforge.fml.DeferredWorkQueue/LOADING]: Dispatching synchronous work for work queue COMPLETE: 1 jobs
[22Jun2025 03:47:53.535] [main/DEBUG] [net.minecraftforge.fml.DeferredWorkQueue/LOADING]: Synchronous work queue completed in 16.28 ms
[22Jun2025 03:47:53.987] [Forge Version Check/DEBUG] [net.minecraftforge.fml.VersionChecker/]: [mcwpaintings] Received version check data:
{
  "homepage": "https://www.curseforge.com/minecraft/mc-mods/macaws-paintings",
  "promos": {
    "1.21.5-recommended": "1.0.5",
    "1.21.5-latest": "1.0.5",
    "1.21.4-recommended": "1.0.5",
    "1.21.4-latest": "1.0.5",
    "1.21.3-recommended": "1.0.5",
    "1.21.3-latest": "1.0.5",
    "1.21.1-recommended": "1.0.5",
    "1.21.1-latest": "1.0.5",
    "1.21-recommended": "1.0.5",
    "1.21-latest": "1.0.5",
    "1.21.1-recommended": "1.0.5",
    "1.21.1-latest": "1.0.5",
    "1.21.3-recommended": "1.0.5",
    "1.21.3-latest": "1.0.5",
    "1.21.4-recommended": "1.0.5",
    "1.21.4-latest": "1.0.5",
    "1.20.6-recommended": "1.0.5",
    "1.20.6-latest": "1.0.5",
    "1.20.4-recommended": "1.0.5",
    "1.20.4-latest": "1.0.5",
    "1.20.3-recommended": "1.0.5",
    "1.20.3-latest": "1.0.5",
    "1.20.2-recommended": "1.0.5",
    "1.20.2-latest": "1.0.5",
    "1.20.1-recommended": "1.0.5",
    "1.20.1-latest": "1.0.5",
    "1.20-recommended": "1.0.5",
    "1.20-latest": "1.0.5",
    "1.19.4-recommended": "1.0.5",
    "1.19.4-latest": "1.0.5",
    "1.19.3-recommended": "1.0.5",
    "1.19.3-latest": "1.0.5",
    "1.19.2-recommended": "1.0.5",
    "1.19.2-latest": "1.0.5",
    "1.19-recommended": "1.0.5",
    "1.19-latest": "1.0.5",
    "1.18.2-recommended": "1.0.5",
    "1.18.2-latest": "1.0.5",
    "1.18.1-recommended": "1.0.5",
    "1.18.1-latest": "1.0.5",
    "1.17.1-latest": "1.0.5",
    "1.16.5-latest": "1.0.5",
    "1.12.2-recommended": "1.0.5",
    "1.12.2-latest": "1.0.5",
    "1.15.2-latest": "1.0.2",
    "1.14.4-latest": "1.0.2",
    "1.17.1-recommended": "1.0.5",
    "1.16.5-recommended": "1.0.5",
    "1.15.2-recommended": "1.0.3",
    "1.14.4-recommended": "1.0.2"
  }
}
[22Jun2025 03:47:53.993] [Forge Version Check/INFO] [net.minecraftforge.fml.VersionChecker/]: [mcwpaintings] Found status: UP_TO_DATE Current: 1.0.5 Target: null
[22Jun2025 03:47:53.993] [Forge Version Check/INFO] [net.minecraftforge.fml.VersionChecker/]: [journeymap] Starting version check at https://forge.curseupdate.com/32274/journeymap
[22Jun2025 03:47:54.209] [Forge Version Check/DEBUG] [net.minecraftforge.fml.VersionChecker/]: [journeymap] Received version check data:
{"promos":{"1.12.2-latest":"1.12.2-5.7.1p3","1.12.2-recommended":"1.12.2-5.7.1p3","1.16.5-latest":"5.8.6","1.16.5-recommended":"5.8.6","1.18.2-latest":"5.9.8","1.18.2-recommended":"5.9.8","1.19.2-latest":"5.9.8","1.19.2-recommended":"5.9.8","1.19.3-latest":"5.9.7","1.19.3-recommended":"5.9.7","1.19.4-latest":"5.9.8","1.19.4-recommended":"5.9.8","1.20-latest":"5.9.8","1.20-recommended":"5.9.8","1.20.1-latest":"5.10.3","1.20.1-recommended":"5.10.3","1.20.2-latest":"5.9.21","1.20.2-recommended":"5.9.21","1.20.3-latest":"5.9.18","1.20.3-recommended":"5.9.18","1.20.4-latest":"5.10.0","1.20.4-recommended":"5.10.0","1.20.6-latest":"5.10.0","1.20.6-recommended":"5.10.0","1.21-latest":"1.21-6.0.0-beta.27","1.21.1-latest":"1.21.1-6.0.0-beta.51","1.21.4-latest":"1.21.4-6.0.0-beta.45","1.21.5-latest":"1.21.5-6.0.0-beta.51","1.21.6-latest":"1.21.6-6.0.0-beta.51","1.7.10-latest":"5.2.9","1.7.10-recommended":"5.2.9"},"homepage":"https://www.curseforge.com/minecraft/mc-mods/journeymap"}
[22Jun2025 03:47:54.217] [Forge Version Check/INFO] [net.minecraftforge.fml.VersionChecker/]: [journeymap] Found status: UP_TO_DATE Current: 5.10.3 Target: null
[22Jun2025 03:47:54.217] [Forge Version Check/INFO] [net.minecraftforge.fml.VersionChecker/]: [puzzlesaccessapi] Starting version check at https://raw.githubusercontent.com/Fuzss/modresources/main/update/puzzlesaccessapi.json
[22Jun2025 03:47:54.236] [Forge Version Check/DEBUG] [net.minecraftforge.fml.VersionChecker/]: [puzzlesaccessapi] Received version check data:
{
    "homepage": "https://github.com/Fuzss/puzzlesaccessapi",
    "promos": {}
}
[22Jun2025 03:47:54.237] [Forge Version Check/INFO] [net.minecraftforge.fml.VersionChecker/]: [puzzlesaccessapi] Found status: BETA Current: 20.1.1 Target: null
[22Jun2025 03:47:54.237] [Forge Version Check/INFO] [net.minecraftforge.fml.VersionChecker/]: [forge] Starting version check at https://files.minecraftforge.net/net/minecraftforge/forge/promotions_slim.json
[22Jun2025 03:47:54.546] [Forge Version Check/DEBUG] [net.minecraftforge.fml.VersionChecker/]: [forge] Received version check data:
{
  "homepage": "https://files.minecraftforge.net/net/minecraftforge/forge/",
  "promos": {
    "1.1-latest": "1.3.4.29",
    "1.2.3-latest": "1.4.1.64",
    "1.2.4-latest": "2.0.0.68",
    "1.2.5-latest": "3.4.9.171",
    "1.3.2-latest": "4.3.5.318",
    "1.4.0-latest": "5.0.0.326",
    "1.4.1-latest": "6.0.0.329",
    "1.4.2-latest": "6.0.1.355",
    "1.4.3-latest": "6.2.1.358",
    "1.4.4-latest": "6.3.0.378",
    "1.4.5-latest": "6.4.2.448",
    "1.4.6-latest": "6.5.0.489",
    "1.4.7-latest": "6.6.2.534",
    "1.5-latest": "7.7.0.598",
    "1.5.1-latest": "7.7.2.682",
    "1.5.2-latest": "7.8.1.738",
    "1.5.2-recommended": "7.8.1.738",
    "1.6.1-latest": "8.9.0.775",
    "1.6.2-latest": "9.10.1.871",
    "1.6.2-recommended": "9.10.1.871",
    "1.6.3-latest": "9.11.0.878",
    "1.6.4-latest": "9.11.1.1345",
    "1.6.4-recommended": "9.11.1.1345",
    "1.7.2-latest": "10.12.2.1161",
    "1.7.2-recommended": "10.12.2.1161",
    "1.7.10_pre4-latest": "10.12.2.1149",
    "1.7.10-latest": "10.13.4.1614",
    "1.7.10-recommended": "10.13.4.1614",
    "1.8-latest": "11.14.4.1577",
    "1.8-recommended": "11.14.4.1563",
    "1.8.8-latest": "11.15.0.1655",
    "1.8.9-latest": "11.15.1.2318",
    "1.8.9-recommended": "11.15.1.2318",
    "1.9-latest": "12.16.1.1938",
    "1.9-recommended": "12.16.1.1887",
    "1.9.4-latest": "12.17.0.2317",
    "1.9.4-recommended": "12.17.0.2317",
    "1.10-latest": "12.18.0.2000",
    "1.10.2-latest": "12.18.3.2511",
    "1.10.2-recommended": "12.18.3.2511",
    "1.11-latest": "13.19.1.2199",
    "1.11-recommended": "13.19.1.2189",
    "1.11.2-latest": "13.20.1.2588",
    "1.11.2-recommended": "13.20.1.2588",
    "1.12-latest": "14.21.1.2443",
    "1.12-recommended": "14.21.1.2387",
    "1.12.1-latest": "14.22.1.2485",
    "1.12.1-recommended": "14.22.1.2478",
    "1.12.2-latest": "14.23.5.2860",
    "1.12.2-recommended": "14.23.5.2859",
    "1.13.2-latest": "25.0.223",
    "1.14.2-latest": "26.0.63",
    "1.14.3-latest": "27.0.60",
    "1.14.4-latest": "28.2.26",
    "1.14.4-recommended": "28.2.26",
    "1.15-latest": "29.0.4",
    "1.15.1-latest": "30.0.51",
    "1.15.2-latest": "31.2.57",
    "1.15.2-recommended": "31.2.57",
    "1.16.1-latest": "32.0.108",
    "1.16.2-latest": "33.0.61",
    "1.16.3-latest": "34.1.42",
    "1.16.3-recommended": "34.1.0",
    "1.16.4-latest": "35.1.37",
    "1.16.4-recommended": "35.1.4",
    "1.16.5-latest": "36.2.42",
    "1.16.5-recommended": "36.2.34",
    "1.17.1-latest": "37.1.1",
    "1.17.1-recommended": "37.1.1",
    "1.18-latest": "38.0.17",
    "1.18.1-latest": "39.1.2",
    "1.18.1-recommended": "39.1.0",
    "1.18.2-recommended": "40.3.0",
    "1.18.2-latest": "40.3.10",
    "1.19-latest": "41.1.0",
    "1.19-recommended": "41.1.0",
    "1.19.1-latest": "42.0.9",
    "1.19.2-recommended": "43.5.0",
    "1.19.2-latest": "43.5.0",
    "1.19.3-latest": "44.1.23",
    "1.19.3-recommended": "44.1.0",
    "1.19.4-recommended": "45.4.0",
    "1.19.4-latest": "45.4.0",
    "1.20-latest": "46.0.14",
    "1.20.1-recommended": "47.4.0",
    "1.20.1-latest": "47.4.2",
    "1.20.2-latest": "48.1.0",
    "1.20.2-recommended": "48.1.0",
    "1.20.3-latest": "49.0.2",
    "1.20.4-latest": "49.2.0",
    "1.20.4-recommended": "49.2.0",
    "1.20.6-latest": "50.2.0",
    "1.20.6-recommended": "50.2.0",
    "1.21-latest": "51.0.33",
    "1.21.1-latest": "52.1.1",
    "1.21.1-recommended": "52.1.0",
    "1.21.3-latest": "53.1.1",
    "1.21.3-recommended": "53.1.0",
    "1.21.4-latest": "54.1.3",
    "1.21.4-recommended": "54.1.0",
    "1.21.5-latest": "55.0.23",
    "1.21.6-latest": "56.0.7"
  }
}
[22Jun2025 03:47:54.548] [Forge Version Check/INFO] [net.minecraftforge.fml.VersionChecker/]: [forge] Found status: OUTDATED Current: 47.3.7 Target: 47.4.0
[22Jun2025 03:47:54.548] [Forge Version Check/INFO] [net.minecraftforge.fml.VersionChecker/]: [ksyxis] Starting version check at https://raw.githubusercontent.com/VidTu/Ksyxis/main/updater_ksyxis_forge.json
[22Jun2025 03:47:54.561] [Forge Version Check/DEBUG] [net.minecraftforge.fml.VersionChecker/]: [ksyxis] Received version check data:
{
  "homepage": "https://modrinth.com/mod/ksyxis",
  "promos": {
    "1.21.6-latest": "1.3.3",
    "1.21.6-recommended": "1.3.3",
    "1.21.5-latest": "1.3.3",
    "1.21.5-recommended": "1.3.3",
    "1.21.4-latest": "1.3.3",
    "1.21.4-recommended": "1.3.3",
    "1.21.3-latest": "1.3.3",
    "1.21.3-recommended": "1.3.3",
    "1.21.2-latest": "1.3.3",
    "1.21.2-recommended": "1.3.3",
    "1.21.1-latest": "1.3.3",
    "1.21.1-recommended": "1.3.3",
    "1.21-latest": "1.3.3",
    "1.21-recommended": "1.3.3",
    "1.20.6-latest": "1.3.3",
    "1.20.6-recommended": "1.3.3",
    "1.20.5-latest": "1.3.3",
    "1.20.5-recommended": "1.3.3",
    "1.20.4-latest": "1.3.3",
    "1.20.4-recommended": "1.3.3",
    "1.20.3-latest": "1.3.3",
    "1.20.3-recommended": "1.3.3",
    "1.20.2-latest": "1.3.3",
    "1.20.2-recommended": "1.3.3",
    "1.20.1-latest": "1.3.3",
    "1.20.1-recommended": "1.3.3",
    "1.20-latest": "1.3.3",
    "1.20-recommended": "1.3.3",
    "1.19.4-latest": "1.3.3",
    "1.19.4-recommended": "1.3.3",
    "1.19.3-latest": "1.3.3",
    "1.19.3-recommended": "1.3.3",
    "1.19.2-latest": "1.3.3",
    "1.19.2-recommended": "1.3.3",
    "1.19.1-latest": "1.3.3",
    "1.19.1-recommended": "1.3.3",
    "1.19-latest": "1.3.3",
    "1.19-recommended": "1.3.3",
    "1.18.2-latest": "1.3.3",
    "1.18.2-recommended": "1.3.3",
    "1.18.1-latest": "1.3.3",
    "1.18.1-recommended": "1.3.3",
    "1.18-latest": "1.3.3",
    "1.18-recommended": "1.3.3",
    "1.17.1-latest": "1.3.3",
    "1.17.1-recommended": "1.3.3",
    "1.17-latest": "1.3.3",
    "1.17-recommended": "1.3.3",
    "1.16.5-latest": "1.3.3",
    "1.16.5-recommended": "1.3.3",
    "1.16.4-latest": "1.3.3",
    "1.16.4-recommended": "1.3.3",
    "1.16.3-latest": "1.3.3",
    "1.16.3-recommended": "1.3.3",
    "1.16.2-latest": "1.3.3",
    "1.16.2-recommended": "1.3.3",
    "1.16.1-latest": "1.3.3",
    "1.16.1-recommended": "1.3.3",
    "1.16-latest": "1.3.3",
    "1.16-recommended": "1.3.3",
    "1.15.2-latest": "1.3.3",
    "1.15.2-recommended": "1.3.3",
    "1.15.1-latest": "1.3.3",
    "1.15.1-recommended": "1.3.3",
    "1.15-latest": "1.3.3",
    "1.15-recommended": "1.3.3",
    "1.14.4-latest": "1.3.3",
    "1.14.4-recommended": "1.3.3",
    "1.14.3-latest": "1.3.3",
    "1.14.3-recommended": "1.3.3",
    "1.14.2-latest": "1.3.3",
    "1.14.2-recommended": "1.3.3",
    "1.14.1-latest": "1.3.3",
    "1.14.1-recommended": "1.3.3",
    "1.14-latest": "1.3.3",
    "1.14-recommended": "1.3.3",
    "1.13.2-latest": "1.3.3",
    "1.13.2-recommended": "1.3.3",
    "1.13.1-latest": "1.3.3",
    "1.13.1-recommended": "1.3.3",
    "1.13-latest": "1.3.3",
    "1.13-recommended": "1.3.3",
    "1.12.2-latest": "1.3.3",
    "1.12.2-recommended": "1.3.3",
    "1.12.1-latest": "1.3.3",
    "1.12.1-recommended": "1.3.3",
    "1.12-latest": "1.3.3",
    "1.12-recommended": "1.3.3",
    "1.11.2-latest": "1.3.3",
    "1.11.2-recommended": "1.3.3",
    "1.11.1-latest": "1.3.3",
    "1.11.1-recommended": "1.3.3",
    "1.11-latest": "1.3.3",
    "1.11-recommended": "1.3.3",
    "1.10.2-latest": "1.3.3",
    "1.10.2-recommended": "1.3.3",
    "1.10.1-latest": "1.3.3",
    "1.10.1-recommended": "1.3.3",
    "1.10-latest": "1.3.3",
    "1.10-recommended": "1.3.3",
    "1.9.4-latest": "1.3.3",
    "1.9.4-recommended": "1.3.3",
    "1.9.3-latest": "1.3.3",
    "1.9.3-recommended": "1.3.3",
    "1.9.2-latest": "1.3.3",
    "1.9.2-recommended": "1.3.3",
    "1.9.1-latest": "1.3.3",
    "1.9.1-recommended": "1.3.3",
    "1.9-latest": "1.3.3",
    "1.9-recommended": "1.3.3",
    "1.8.9-latest": "1.3.3",
    "1.8.9-recommended": "1.3.3",
    "1.8.8-latest": "1.3.3",
    "1.8.8-recommended": "1.3.3",
    "1.8.7-latest": "1.3.3",
    "1.8.7-recommended": "1.3.3",
    "1.8.6-latest": "1.3.3",
    "1.8.6-recommended": "1.3.3",
    "1.8.5-latest": "1.3.3",
    "1.8.5-recommended": "1.3.3",
    "1.8.4-latest": "1.3.3",
    "1.8.4-recommended": "1.3.3",
    "1.8.3-latest": "1.3.3",
    "1.8.3-recommended": "1.3.3",
    "1.8.2-latest": "1.3.3",
    "1.8.2-recommended": "1.3.3",
    "1.8.1-latest": "1.3.3",
    "1.8.1-recommended": "1.3.3",
    "1.8-latest": "1.3.3",
    "1.8-recommended": "1.3.3"
  }
}
[22Jun2025 03:47:54.562] [Forge Version Check/INFO] [net.minecraftforge.fml.VersionChecker/]: [ksyxis] Found status: UP_TO_DATE Current: 1.3.3 Target: null
[22Jun2025 03:47:54.562] [Forge Version Check/INFO] [net.minecraftforge.fml.VersionChecker/]: [advancednetherite] Starting version check at https://raw.githubusercontent.com/Autovw/ModUpdates/master/advancednetherite/update.json
[22Jun2025 03:47:54.582] [Forge Version Check/DEBUG] [net.minecraftforge.fml.VersionChecker/]: [advancednetherite] Received version check data:
{
    "homepage": "https://www.curseforge.com/minecraft/mc-mods/advanced-netherite",
    "promos": {
        "1.16.3-latest": "1.9.0",
        "1.16.4-latest": "1.9.0",
        "1.16.5-latest": "1.12.4",
        "1.17.1-latest": "1.10.2",
        "1.18-latest": "1.9.0",
        "1.18.1-latest": "1.10.2",
        "1.18.2-latest": "1.14.7",
        "1.19-latest": "1.13.5",
        "1.19.1-latest": "1.13.5",
        "1.19.2-latest": "1.14.7",
        "1.19.3-latest": "1.14.7",
        "1.19.4-latest": "2.0.2",
        "1.20-latest": "2.0.2",
        "1.20.1-latest": "2.1.3",
        "1.20.2-latest": "2.0.2",
        "1.20.3-latest": "2.0.2",
        "1.20.4-latest": "2.1.0",
        "1.20.5-latest": "2.1.4",
        "1.20.6-latest": "2.1.4",
        "1.21-latest": "2.1.6",
        "1.21.1-latest": "2.3.0",
        "1.21.3-latest": "2.2.0",
        "1.21.4-latest": "2.3.0",
        "1.21.5-latest": "2.3.0",
        "1.21.6-latest": "2.3.0"
    }
}
[22Jun2025 03:47:54.584] [Forge Version Check/INFO] [net.minecraftforge.fml.VersionChecker/]: [advancednetherite] Found status: BETA Current: 2.1.3 Target: 2.1.3
[22Jun2025 03:47:54.585] [Forge Version Check/INFO] [net.minecraftforge.fml.VersionChecker/]: [mr_dungeons_andtaverns] Starting version check at https://api.modrinth.com/updates/tpehi7ww/forge_updates.json
[22Jun2025 03:47:54.720] [main/INFO] [com.mojang.authlib.yggdrasil.YggdrasilAuthenticationService/]: Environment: authHost='https://authserver.mojang.com', accountsHost='https://api.mojang.com', sessionHost='https://sessionserver.mojang.com', servicesHost='https://api.minecraftservices.com', name='PROD'
[22Jun2025 03:47:54.810] [main/DEBUG] [mixin/]: Mixing bugfix.removed_dimensions.LevelStorageSourceMixin from modernfix-forge.mixins.json into net.minecraft.world.level.storage.LevelStorageSource
[22Jun2025 03:47:54.848] [main/DEBUG] [mixin/]: Mixing perf.dynamic_dfu.DataFixersMixin from modernfix-common.mixins.json into net.minecraft.util.datafix.DataFixers
[22Jun2025 03:47:54.850] [main/DEBUG] [mixin/]: Renaming synthetic method lambda$createLazyFixerUpper$0(Ljava/util/Set;)Lcom/mojang/datafixers/DataFixer; to md1cdd9f$lambda$createLazyFixerUpper$0$0 in modernfix-common.mixins.json:perf.dynamic_dfu.DataFixersMixin
[22Jun2025 03:47:54.871] [Forge Version Check/DEBUG] [net.minecraftforge.fml.VersionChecker/]: [mr_dungeons_andtaverns] Received version check data:
{"homepage":"https://modrinth.com/mod/tpehi7ww","promos":{"1.20.1-latest":"3.0.3.f+mod","1.21.3-latest":"v4.5+mod","1.20.6-latest":"3.2+mod","1.21.1-latest":"v4.4.4+mod","1.20.3-recommended":"3.1.1+mod","1.21.2-recommended":"v4.5+mod","1.20.5-recommended":"3.2+mod","1.20.3-latest":"3.1.1+mod","1.20.4-latest":"3.1.1+mod","1.19-recommended":"2.0.2+mod","1.19-latest":"2.0.2+mod","1.21.2-latest":"v4.5+mod","1.19.3-latest":"2.0.2+mod","1.20.4-recommended":"3.1.1+mod","1.19.1-latest":"2.0.2+mod","1.19.4-recommended":"2.0.2+mod","1.21.5-recommended":"v4.7.3+mod","1.21.5-latest":"v4.7.3+mod","1.19.4-latest":"2.0.2+mod","1.21-recommended":"v4.4.4+mod","1.19.3-recommended":"2.0.2+mod","1.20-recommended":"3.0.3.f+mod","1.20.5-latest":"3.2+mod","1.21.4-recommended":"v4.6.3+mod","1.19.1-recommended":"2.0.2+mod","1.21.3-recommended":"v4.5+mod","1.19.2-recommended":"2.0.2+mod","1.21.4-latest":"v4.6.3+mod","1.21.6-recommended":"v4.7.3+mod","1.20.1-recommended":"3.0.3.f+mod","1.21.1-recommended":"v4.4.4+mod","1.19.2-latest":"2.0.2+mod","1.21.6-latest":"v4.7.3+mod","1.21-latest":"v4.4.4+mod","1.20.6-recommended":"3.2+mod","1.20.2-latest":"3.0.3.f+mod","1.20-latest":"3.0.3.f+mod","1.20.2-recommended":"3.0.3.f+mod"}}
[22Jun2025 03:47:54.871] [Forge Version Check/INFO] [net.minecraftforge.fml.VersionChecker/]: [mr_dungeons_andtaverns] Found status: OUTDATED Current: 3.0.3.f Target: 3.0.3.f+mod
[22Jun2025 03:47:54.872] [Forge Version Check/INFO] [net.minecraftforge.fml.VersionChecker/]: [puzzleslib] Starting version check at https://raw.githubusercontent.com/Fuzss/modresources/main/update/puzzleslib.json
[22Jun2025 03:47:54.892] [Forge Version Check/DEBUG] [net.minecraftforge.fml.VersionChecker/]: [puzzleslib] Received version check data:
{
    "homepage": "https://www.curseforge.com/minecraft/mc-mods/puzzles-lib",
    "promos": {
        "1.16.2-latest": "1.0.15",
        "1.16.2-recommended": "1.0.15",
        "1.16.3-latest": "1.0.15",
        "1.16.3-recommended": "1.0.15",
        "1.16.4-latest": "1.0.15",
        "1.16.4-recommended": "1.0.15",
        "1.16.5-latest": "1.0.15",
        "1.16.5-recommended": "1.0.15",
        "1.17.1-latest": "2.0.2",
        "1.17.1-recommended": "2.0.2",
        "1.18-latest": "3.2.1",
        "1.18-recommended": "3.2.1",
        "1.18.1-latest": "3.2.1",
        "1.18.1-recommended": "3.2.1",
        "1.18.2-latest": "3.5.10",
        "1.18.2-recommended": "3.5.10",
        "1.19-latest": "4.0.18",
        "1.19-recommended": "4.0.18",
        "1.19.1-latest": "4.2.4",
        "1.19.1-recommended": "4.2.4",
        "1.19.2-latest": "4.4.3",
        "1.19.2-recommended": "4.4.3",
        "1.19.3-latest": "5.0.33",
        "1.19.3-recommended": "5.0.33",
        "1.19.4-latest": "6.0.11",
        "1.19.4-recommended": "6.0.11",
        "1.20-latest": "7.0.9",
        "1.20-recommended": "7.0.9",
        "1.20.1-latest": "8.1.32",
        "1.20.1-recommended": "8.1.32",
        "1.20.4-latest": "20.4.52",
        "1.20.4-recommended": "20.4.52",
        "1.21-latest": "21.0.28",
        "1.21-recommended": "21.0.28",
        "1.21.1-latest": "21.1.36",
        "1.21.1-recommended": "21.1.36",
        "1.21.3-latest": "21.3.21",
        "1.21.3-recommended": "21.3.21",
        "1.21.4-latest": "21.4.13",
        "1.21.4-recommended": "21.4.13",
        "1.21.5-latest": "21.5.12",
        "1.21.5-recommended": "21.5.12",
        "1.21.6-latest": "21.6.2",
        "1.21.6-recommended": "21.6.2"
    }
}
[22Jun2025 03:47:54.892] [Forge Version Check/INFO] [net.minecraftforge.fml.VersionChecker/]: [puzzleslib] Found status: UP_TO_DATE Current: 8.1.32 Target: null
[22Jun2025 03:47:54.893] [Forge Version Check/INFO] [net.minecraftforge.fml.VersionChecker/]: [enchantinginfuser] Starting version check at https://raw.githubusercontent.com/Fuzss/modresources/main/update/enchantinginfuser.json
[22Jun2025 03:47:54.905] [Forge Version Check/DEBUG] [net.minecraftforge.fml.VersionChecker/]: [enchantinginfuser] Received version check data:
{
    "homepage": "https://www.curseforge.com/minecraft/mc-mods/enchanting-infuser-forge",
    "promos": {
        "1.16.2-latest": "1.0.2",
        "1.16.2-recommended": "1.0.2",
        "1.16.3-latest": "1.0.2",
        "1.16.3-recommended": "1.0.2",
        "1.16.4-latest": "1.0.2",
        "1.16.4-recommended": "1.0.2",
        "1.16.5-latest": "1.0.2",
        "1.16.5-recommended": "1.0.2",
        "1.17.1-latest": "2.0.0",
        "1.17.1-recommended": "2.0.0",
        "1.18-latest": "3.1.1",
        "1.18-recommended": "3.1.1",
        "1.18.1-latest": "3.1.1",
        "1.18.1-recommended": "3.1.1",
        "1.18.2-latest": "3.3.2",
        "1.18.2-recommended": "3.3.2",
        "1.19-latest": "4.0.3",
        "1.19-recommended": "4.0.3",
        "1.19.1-latest": "4.2.2",
        "1.19.1-recommended": "4.2.2",
        "1.19.2-latest": "4.2.2",
        "1.19.2-recommended": "4.2.2",
        "1.19.3-latest": "5.0.0",
        "1.19.3-recommended": "5.0.0",
        "1.19.4-latest": "6.0.0",
        "1.19.4-recommended": "6.0.0",
        "1.20-latest": "7.0.0",
        "1.20-recommended": "7.0.0",
        "1.20.1-latest": "8.0.3",
        "1.20.1-recommended": "8.0.3",
        "1.20.4-latest": "20.4.1",
        "1.20.4-recommended": "20.4.1",
        "1.21.1-latest": "21.1.0",
        "1.21.1-recommended": "21.1.0",
        "1.21.3-latest": "21.3.0",
        "1.21.3-recommended": "21.3.0",
        "1.21.4-latest": "21.4.0",
        "1.21.4-recommended": "21.4.0",
        "1.21.5-latest": "21.5.0",
        "1.21.5-recommended": "21.5.0",
        "1.21.6-latest": "21.6.0",
        "1.21.6-recommended": "21.6.0"
    }
}
[22Jun2025 03:47:54.906] [Forge Version Check/INFO] [net.minecraftforge.fml.VersionChecker/]: [enchantinginfuser] Found status: UP_TO_DATE Current: 8.0.3 Target: null
[22Jun2025 03:47:55.131] [main/INFO] [ModernFix/]: Bypassed Mojang DFU
[22Jun2025 03:47:55.163] [main/DEBUG] [mixin/]: Mixing LevelStorageSourceMixin from fastasyncworldsave.mixins.json into net.minecraft.world.level.storage.LevelStorageSource$LevelStorageAccess
[22Jun2025 03:47:55.163] [main/DEBUG] [mixin/]: Renaming synthetic method lambda$writeAsync$0(Lnet/minecraft/nbt/CompoundTag;)V to md1cdd9f$lambda$writeAsync$0$0 in fastasyncworldsave.mixins.json:LevelStorageSourceMixin
[22Jun2025 03:47:55.808] [main/DEBUG] [mixin/]: Mixing NbtAccounterMixin from connectivity.mixins.json into net.minecraft.nbt.NbtAccounter
[22Jun2025 03:47:56.596] [main/WARN] [net.minecraft.server.packs.VanillaPackResourcesBuilder/]: Assets URL 'union:/workspaces/MQSX/servidor_minecraft/libraries/net/minecraft/server/1.20.1-20230612.114412/server-1.20.1-20230612.114412-srg.jar%23203!/assets/.mcassetsroot' uses unexpected schema
[22Jun2025 03:47:56.596] [main/WARN] [net.minecraft.server.packs.VanillaPackResourcesBuilder/]: Assets URL 'union:/workspaces/MQSX/servidor_minecraft/libraries/net/minecraft/server/1.20.1-20230612.114412/server-1.20.1-20230612.114412-srg.jar%23203!/data/.mcassetsroot' uses unexpected schema
[22Jun2025 03:47:56.673] [main/DEBUG] [mixin/]: Mixing ServerPlayerGameModeMixin from l2complements.mixins.json into net.minecraft.server.level.ServerPlayerGameMode
[22Jun2025 03:47:56.682] [main/DEBUG] [mixin/]: Mixing perf.resourcepacks.ForgePathPackResourcesMixin from modernfix-forge.mixins.json into net.minecraftforge.resource.PathPackResources
[22Jun2025 03:47:56.683] [main/DEBUG] [mixin/]: Renaming synthetic method lambda$fastGetResources$3(Lnet/minecraft/server/packs/PackType;Lnet/minecraft/resources/ResourceLocation;)Lnet/minecraft/server/packs/resources/IoSupplier; to md1cdd9f$lambda$fastGetResources$3$0 in modernfix-forge.mixins.json:perf.resourcepacks.ForgePathPackResourcesMixin
[22Jun2025 03:47:56.683] [main/DEBUG] [mixin/]: Renaming synthetic method lambda$fastGetResources$2(Ljava/nio/file/Path;)Ljava/io/InputStream; to md1cdd9f$lambda$fastGetResources$2$1 in modernfix-forge.mixins.json:perf.resourcepacks.ForgePathPackResourcesMixin
[22Jun2025 03:47:56.684] [main/DEBUG] [mixin/]: Renaming synthetic method lambda$fastGetResources$1(Lnet/minecraft/resources/ResourceLocation;)Z to md1cdd9f$lambda$fastGetResources$1$2 in modernfix-forge.mixins.json:perf.resourcepacks.ForgePathPackResourcesMixin
[22Jun2025 03:47:56.684] [main/DEBUG] [mixin/]: Renaming synthetic method lambda$generateResourceCache$0(Lnet/minecraft/server/packs/PackType;Ljava/lang/String;)Ljava/nio/file/Path; to md1cdd9f$lambda$generateResourceCache$0$3 in modernfix-forge.mixins.json:perf.resourcepacks.ForgePathPackResourcesMixin
[22Jun2025 03:47:56.766] [main/DEBUG] [net.minecraftforge.server.ServerLifecycleHooks/CORE]: Generating PackInfo named mod:geckolib for mod file /workspaces/MQSX/servidor_minecraft/mods/geckolib-forge-1.20.1-4.7.1.2.jar
[22Jun2025 03:47:56.766] [main/DEBUG] [net.minecraftforge.server.ServerLifecycleHooks/CORE]: Generating PackInfo named mod:limitedchunks for mod file /workspaces/MQSX/servidor_minecraft/mods/limitedchunks-1.20.1-4.1.jar
[22Jun2025 03:47:56.767] [main/DEBUG] [net.minecraftforge.server.ServerLifecycleHooks/CORE]: Generating PackInfo named mod:moregateways for mod file /workspaces/MQSX/servidor_minecraft/mods/gateways_to_eternity_mg-1.1.0.jar
[22Jun2025 03:47:56.767] [main/DEBUG] [net.minecraftforge.server.ServerLifecycleHooks/CORE]: Generating PackInfo named mod:rotten_flesh_to_leather for mod file /workspaces/MQSX/servidor_minecraft/mods/RottenFleshToLeather-Forge-1.20.1.jar
[22Jun2025 03:47:56.768] [main/DEBUG] [net.minecraftforge.server.ServerLifecycleHooks/CORE]: Generating PackInfo named mod:connectivity for mod file /workspaces/MQSX/servidor_minecraft/mods/connectivity-1.20.1-7.1.jar
[22Jun2025 03:47:56.768] [main/DEBUG] [net.minecraftforge.server.ServerLifecycleHooks/CORE]: Generating PackInfo named mod:caelus for mod file /workspaces/MQSX/servidor_minecraft/mods/caelus-forge-3.2.0+1.20.1.jar
[22Jun2025 03:47:56.768] [main/DEBUG] [net.minecraftforge.server.ServerLifecycleHooks/CORE]: Generating PackInfo named mod:sophisticatedcore for mod file /workspaces/MQSX/servidor_minecraft/mods/sophisticatedcore-1.20.1-1.2.42.946.jar
[22Jun2025 03:47:56.769] [main/DEBUG] [net.minecraftforge.server.ServerLifecycleHooks/CORE]: Generating PackInfo named mod:colytra for mod file /workspaces/MQSX/servidor_minecraft/mods/colytra-forge-6.2.2+1.20.1.jar
[22Jun2025 03:47:56.769] [main/DEBUG] [net.minecraftforge.server.ServerLifecycleHooks/CORE]: Generating PackInfo named mod:villagernames for mod file /workspaces/MQSX/servidor_minecraft/mods/villagernames-1.20.1-8.2.jar
[22Jun2025 03:47:56.770] [main/DEBUG] [net.minecraftforge.server.ServerLifecycleHooks/CORE]: Generating PackInfo named mod:mcwpaintings for mod file /workspaces/MQSX/servidor_minecraft/mods/mcw-paintings-1.0.5-1.20.1forge.jar
[22Jun2025 03:47:56.770] [main/DEBUG] [net.minecraftforge.server.ServerLifecycleHooks/CORE]: Generating PackInfo named mod:fastsuite for mod file /workspaces/MQSX/servidor_minecraft/mods/FastSuite-1.20.1-5.1.0.jar
[22Jun2025 03:47:56.771] [main/DEBUG] [net.minecraftforge.server.ServerLifecycleHooks/CORE]: Generating PackInfo named mod:journeymap for mod file /workspaces/MQSX/servidor_minecraft/mods/journeymap-1.20.1-5.10.3-forge.jar
[22Jun2025 03:47:56.771] [main/DEBUG] [net.minecraftforge.server.ServerLifecycleHooks/CORE]: Generating PackInfo named mod:fastasyncworldsave for mod file /workspaces/MQSX/servidor_minecraft/mods/fastasyncworldsave-1.20.1-2.4.jar
[22Jun2025 03:47:56.772] [main/DEBUG] [net.minecraftforge.server.ServerLifecycleHooks/CORE]: Generating PackInfo named mod:placebo for mod file /workspaces/MQSX/servidor_minecraft/mods/Placebo-1.20.1-8.6.3.jar
[22Jun2025 03:47:56.772] [main/DEBUG] [net.minecraftforge.server.ServerLifecycleHooks/CORE]: Generating PackInfo named mod:modernfix for mod file /workspaces/MQSX/servidor_minecraft/mods/modernfix-forge-5.21.0+mc1.20.1.jar
[22Jun2025 03:47:56.773] [main/DEBUG] [net.minecraftforge.server.ServerLifecycleHooks/CORE]: Generating PackInfo named mod:jei for mod file /workspaces/MQSX/servidor_minecraft/mods/jei-1.20.1-forge-15.20.0.106.jar
[22Jun2025 03:47:56.773] [main/DEBUG] [net.minecraftforge.server.ServerLifecycleHooks/CORE]: Generating PackInfo named mod:yungsapi for mod file /workspaces/MQSX/servidor_minecraft/mods/YungsApi-1.20-Forge-4.0.6.jar
[22Jun2025 03:47:56.774] [main/DEBUG] [net.minecraftforge.server.ServerLifecycleHooks/CORE]: Generating PackInfo named mod:mixinextras for mod file 
[22Jun2025 03:47:56.775] [main/DEBUG] [net.minecraftforge.server.ServerLifecycleHooks/CORE]: Generating PackInfo named mod:sophisticatedbackpacks for mod file /workspaces/MQSX/servidor_minecraft/mods/sophisticatedbackpacks-1.20.1-3.23.11.1222.jar
[22Jun2025 03:47:56.776] [main/DEBUG] [net.minecraftforge.server.ServerLifecycleHooks/CORE]: Generating PackInfo named mod:starlight for mod file /workspaces/MQSX/servidor_minecraft/mods/starlight-1.1.2+forge.1cda73c.jar
[22Jun2025 03:47:56.777] [main/DEBUG] [net.minecraftforge.server.ServerLifecycleHooks/CORE]: Generating PackInfo named mod:oceanic_delight for mod file /workspaces/MQSX/servidor_minecraft/mods/oceanic_delight-1.0.3-forge-1.20.1.jar
[22Jun2025 03:47:56.778] [main/DEBUG] [net.minecraftforge.server.ServerLifecycleHooks/CORE]: Generating PackInfo named mod:memoryleakfix for mod file /workspaces/MQSX/servidor_minecraft/mods/memoryleakfix-forge-1.17+-1.1.5.jar
[22Jun2025 03:47:56.779] [main/DEBUG] [net.minecraftforge.server.ServerLifecycleHooks/CORE]: Generating PackInfo named mod:puzzlesaccessapi for mod file 
[22Jun2025 03:47:56.779] [main/DEBUG] [net.minecraftforge.server.ServerLifecycleHooks/CORE]: Generating PackInfo named mod:betterfortresses for mod file /workspaces/MQSX/servidor_minecraft/mods/YungsBetterNetherFortresses-1.20-Forge-2.0.6.jar
[22Jun2025 03:47:56.779] [main/DEBUG] [net.minecraftforge.server.ServerLifecycleHooks/CORE]: Generating PackInfo named mod:cloth_config for mod file /workspaces/MQSX/servidor_minecraft/mods/cloth-config-11.1.136-forge.jar
[22Jun2025 03:47:56.779] [main/DEBUG] [net.minecraftforge.server.ServerLifecycleHooks/CORE]: Generating PackInfo named mod:forge for mod file /workspaces/MQSX/servidor_minecraft/libraries/net/minecraftforge/forge/1.20.1-47.3.7/forge-1.20.1-47.3.7-universal.jar
[22Jun2025 03:47:56.779] [main/DEBUG] [net.minecraftforge.server.ServerLifecycleHooks/CORE]: Generating PackInfo named mod:more_slabs_stairs_and_walls for mod file /workspaces/MQSX/servidor_minecraft/mods/moreslabsstairsandwalls-4.0.0.jar
[22Jun2025 03:47:56.780] [main/DEBUG] [net.minecraftforge.server.ServerLifecycleHooks/CORE]: Generating PackInfo named mod:enemyexpansion for mod file /workspaces/MQSX/servidor_minecraft/mods/enemyexpansion-2.3.1-forge-1.20.1.jar
[22Jun2025 03:47:56.780] [main/DEBUG] [net.minecraftforge.server.ServerLifecycleHooks/CORE]: Generating PackInfo named mod:smoothchunk for mod file /workspaces/MQSX/servidor_minecraft/mods/smoothchunk-1.20.1-4.1.jar
[22Jun2025 03:47:56.780] [main/DEBUG] [net.minecraftforge.server.ServerLifecycleHooks/CORE]: Generating PackInfo named mod:farmersdelight for mod file /workspaces/MQSX/servidor_minecraft/mods/FarmersDelight-1.20.1-1.2.7.jar
[22Jun2025 03:47:56.785] [main/DEBUG] [net.minecraftforge.server.ServerLifecycleHooks/CORE]: Generating PackInfo named mod:skinnedlanterns for mod file /workspaces/MQSX/servidor_minecraft/mods/skinned_lanterns-1.20.1-1.3.5.jar
[22Jun2025 03:47:56.786] [main/DEBUG] [net.minecraftforge.server.ServerLifecycleHooks/CORE]: Generating PackInfo named mod:fcl for mod file /workspaces/MQSX/servidor_minecraft/mods/fcl-20.24.jar
[22Jun2025 03:47:56.786] [main/DEBUG] [net.minecraftforge.server.ServerLifecycleHooks/CORE]: Generating PackInfo named mod:fsmm for mod file /workspaces/MQSX/servidor_minecraft/mods/fsmm-3.0.9.jar
[22Jun2025 03:47:56.786] [main/DEBUG] [net.minecraftforge.server.ServerLifecycleHooks/CORE]: Generating PackInfo named mod:spectrelib for mod file 
[22Jun2025 03:47:56.787] [main/DEBUG] [net.minecraftforge.server.ServerLifecycleHooks/CORE]: Generating PackInfo named mod:ksyxis for mod file /workspaces/MQSX/servidor_minecraft/mods/Ksyxis-1.3.3.jar
[22Jun2025 03:47:56.787] [main/DEBUG] [net.minecraftforge.server.ServerLifecycleHooks/CORE]: Generating PackInfo named mod:collective for mod file /workspaces/MQSX/servidor_minecraft/mods/collective-1.20.1-8.1.jar
[22Jun2025 03:47:56.788] [main/DEBUG] [net.minecraftforge.server.ServerLifecycleHooks/CORE]: Generating PackInfo named mod:advancednetherite for mod file /workspaces/MQSX/servidor_minecraft/mods/advancednetherite-forge-2.1.3-1.20.1.jar
[22Jun2025 03:47:56.788] [main/DEBUG] [net.minecraftforge.server.ServerLifecycleHooks/CORE]: Generating PackInfo named mod:storagedrawers for mod file /workspaces/MQSX/servidor_minecraft/mods/StorageDrawers-1.20.1-12.9.13.jar
[22Jun2025 03:47:56.789] [main/DEBUG] [net.minecraftforge.server.ServerLifecycleHooks/CORE]: Generating PackInfo named mod:parcool for mod file /workspaces/MQSX/servidor_minecraft/mods/ParCool-1.20.1-3.3.1.0.jar
[22Jun2025 03:47:56.790] [main/DEBUG] [net.minecraftforge.server.ServerLifecycleHooks/CORE]: Generating PackInfo named mod:mr_dungeons_andtaverns for mod file /workspaces/MQSX/servidor_minecraft/mods/dungeons-and-taverns-3.0.3.f.jar
[22Jun2025 03:47:56.791] [main/DEBUG] [net.minecraftforge.server.ServerLifecycleHooks/CORE]: Generating PackInfo named mod:betterstrongholds for mod file /workspaces/MQSX/servidor_minecraft/mods/YungsBetterStrongholds-1.20-Forge-4.0.3.jar
[22Jun2025 03:47:56.791] [main/DEBUG] [net.minecraftforge.server.ServerLifecycleHooks/CORE]: Generating PackInfo named mod:rusticdelight for mod file /workspaces/MQSX/servidor_minecraft/mods/rusticdelight-forge-1.20.1-1.4.1.jar
[22Jun2025 03:47:56.792] [main/DEBUG] [net.minecraftforge.server.ServerLifecycleHooks/CORE]: Generating PackInfo named mod:architectury for mod file /workspaces/MQSX/servidor_minecraft/mods/architectury-9.2.14-forge.jar
[22Jun2025 03:47:56.792] [main/DEBUG] [net.minecraftforge.server.ServerLifecycleHooks/CORE]: Generating PackInfo named mod:octolib for mod file /workspaces/MQSX/servidor_minecraft/mods/OctoLib-FORGE-0.5.0.1+1.20.1.jar
[22Jun2025 03:47:56.792] [main/DEBUG] [net.minecraftforge.server.ServerLifecycleHooks/CORE]: Generating PackInfo named mod:nerb for mod file /workspaces/MQSX/servidor_minecraft/mods/Not Enough Recipe Book-FORGE-0.4.1+1.20.1.jar
[22Jun2025 03:47:56.793] [main/DEBUG] [net.minecraftforge.server.ServerLifecycleHooks/CORE]: Generating PackInfo named mod:ferritecore for mod file /workspaces/MQSX/servidor_minecraft/mods/ferritecore-6.0.1-forge.jar
[22Jun2025 03:47:56.793] [main/DEBUG] [net.minecraftforge.server.ServerLifecycleHooks/CORE]: Generating PackInfo named mod:cupboard for mod file /workspaces/MQSX/servidor_minecraft/mods/cupboard-1.20.1-2.7.jar
[22Jun2025 03:47:56.793] [main/DEBUG] [net.minecraftforge.server.ServerLifecycleHooks/CORE]: Generating PackInfo named mod:betterendisland for mod file /workspaces/MQSX/servidor_minecraft/mods/YungsBetterEndIsland-1.20-Forge-2.0.6.jar
[22Jun2025 03:47:56.793] [main/DEBUG] [net.minecraftforge.server.ServerLifecycleHooks/CORE]: Generating PackInfo named mod:puzzleslib for mod file /workspaces/MQSX/servidor_minecraft/mods/PuzzlesLib-v8.1.32-1.20.1-Forge.jar
[22Jun2025 03:47:56.795] [main/DEBUG] [net.minecraftforge.server.ServerLifecycleHooks/CORE]: Generating PackInfo named mod:fallingtree for mod file /workspaces/MQSX/servidor_minecraft/mods/FallingTree-1.20.1-4.3.4.jar
[22Jun2025 03:47:56.795] [main/DEBUG] [net.minecraftforge.server.ServerLifecycleHooks/CORE]: Generating PackInfo named mod:l2library for mod file /workspaces/MQSX/servidor_minecraft/mods/l2library-2.5.1.jar
[22Jun2025 03:47:56.796] [main/DEBUG] [net.minecraftforge.server.ServerLifecycleHooks/CORE]: Generating PackInfo named mod:l2tabs for mod file 
[22Jun2025 03:47:56.796] [main/DEBUG] [net.minecraftforge.server.ServerLifecycleHooks/CORE]: Generating PackInfo named mod:l2complements for mod file /workspaces/MQSX/servidor_minecraft/mods/l2complements-2.5.3.jar
[22Jun2025 03:47:56.797] [main/DEBUG] [net.minecraftforge.server.ServerLifecycleHooks/CORE]: Generating PackInfo named mod:l2weaponry for mod file /workspaces/MQSX/servidor_minecraft/mods/l2weaponry-2.5.0.jar
[22Jun2025 03:47:56.797] [main/DEBUG] [net.minecraftforge.server.ServerLifecycleHooks/CORE]: Generating PackInfo named mod:l2screentracker for mod file 
[22Jun2025 03:47:56.798] [main/DEBUG] [net.minecraftforge.server.ServerLifecycleHooks/CORE]: Generating PackInfo named mod:l2damagetracker for mod file 
[22Jun2025 03:47:56.798] [main/DEBUG] [net.minecraftforge.server.ServerLifecycleHooks/CORE]: Generating PackInfo named mod:l2itemselector for mod file 
[22Jun2025 03:47:56.799] [main/DEBUG] [net.minecraftforge.server.ServerLifecycleHooks/CORE]: Generating PackInfo named mod:fsmmshop for mod file /workspaces/MQSX/servidor_minecraft/mods/fsmmshop-2.0.3.jar
[22Jun2025 03:47:56.799] [main/DEBUG] [net.minecraftforge.server.ServerLifecycleHooks/CORE]: Generating PackInfo named mod:enchantinginfuser for mod file /workspaces/MQSX/servidor_minecraft/mods/EnchantingInfuser-v8.0.3-1.20.1-Forge.jar
[22Jun2025 03:47:56.799] [main/DEBUG] [net.minecraftforge.server.ServerLifecycleHooks/CORE]: Generating PackInfo named mod:healingcampfire for mod file /workspaces/MQSX/servidor_minecraft/mods/healingcampfire-1.20.1-6.2.jar
[22Jun2025 03:47:56.801] [main/DEBUG] [net.minecraftforge.server.ServerLifecycleHooks/CORE]: Generating PackInfo named mod:betterjungletemples for mod file /workspaces/MQSX/servidor_minecraft/mods/YungsBetterJungleTemples-1.20-Forge-2.0.5.jar
[22Jun2025 03:47:56.885] [main/DEBUG] [ModernFix/]: Generated cache for /assets/minecraft in 7.423 ms
[22Jun2025 03:47:56.897] [main/DEBUG] [ModernFix/]: Generated cache for /assets/minecraft in 8.007 ms
[22Jun2025 03:47:56.898] [main/DEBUG] [ModernFix/]: Generated cache for /assets/minecraft in 172.3 μs
[22Jun2025 03:47:56.904] [main/DEBUG] [ModernFix/]: Generated cache for /assets/minecraft in 4.032 ms
[22Jun2025 03:47:56.940] [main/DEBUG] [ModernFix/]: Generated cache for /assets/minecraft in 34.09 ms
[22Jun2025 03:47:57.016] [main/DEBUG] [ModernFix/]: Generated cache for /assets/minecraft in 72.67 ms
[22Jun2025 03:47:57.023] [main/DEBUG] [ModernFix/]: Generated cache for /assets/minecraft in 530.9 μs
[22Jun2025 03:47:57.023] [main/DEBUG] [ModernFix/]: Generated cache for /assets/minecraft in 197.1 μs
[22Jun2025 03:47:57.056] [main/DEBUG] [ModernFix/]: Generated cache for /assets/minecraft in 31.69 ms
[22Jun2025 03:47:57.080] [main/DEBUG] [ModernFix/]: Generated cache for /assets/minecraft in 22.92 ms
[22Jun2025 03:47:57.099] [main/DEBUG] [ModernFix/]: Generated cache for /assets/minecraft in 16.34 ms
[22Jun2025 03:47:57.101] [main/DEBUG] [ModernFix/]: Generated cache for /assets/minecraft in 1.173 ms
[22Jun2025 03:47:57.101] [main/DEBUG] [ModernFix/]: Generated cache for /assets/minecraft in 107.1 μs
[22Jun2025 03:47:57.103] [main/DEBUG] [ModernFix/]: Generated cache for /assets/minecraft in 1.023 ms
[22Jun2025 03:47:57.105] [main/DEBUG] [ModernFix/]: Generated cache for /assets/minecraft in 482.7 μs
[22Jun2025 03:47:57.106] [main/DEBUG] [ModernFix/]: Generated cache for /assets/minecraft in 158.4 μs
[22Jun2025 03:47:57.115] [main/DEBUG] [ModernFix/]: Generated cache for /assets/minecraft in 7.258 ms
[22Jun2025 03:47:57.119] [main/DEBUG] [ModernFix/]: Generated cache for /assets/minecraft in 3.298 ms
[22Jun2025 03:47:57.126] [main/DEBUG] [ModernFix/]: Generated cache for /assets/minecraft in 6.087 ms
[22Jun2025 03:47:57.139] [main/DEBUG] [ModernFix/]: Generated cache for /assets/minecraft in 11.79 ms
[22Jun2025 03:47:57.157] [main/DEBUG] [ModernFix/]: Generated cache for /assets/minecraft in 16.13 ms
[22Jun2025 03:47:57.159] [main/DEBUG] [ModernFix/]: Generated cache for /assets/minecraft in 327.1 μs
[22Jun2025 03:47:57.165] [main/DEBUG] [ModernFix/]: Generated cache for /assets/minecraft in 5.984 ms
[22Jun2025 03:47:57.168] [main/DEBUG] [ModernFix/]: Generated cache for /assets/minecraft in 164.5 μs
[22Jun2025 03:47:57.367] [main/DEBUG] [ModernFix/]: Generated cache for /assets/minecraft in 199.1 ms
[22Jun2025 03:47:57.393] [main/DEBUG] [ModernFix/]: Generated cache for /assets/minecraft in 16.25 ms
[22Jun2025 03:47:57.443] [main/DEBUG] [ModernFix/]: Generated cache for /assets/minecraft in 49.53 ms
[22Jun2025 03:47:57.447] [main/DEBUG] [ModernFix/]: Generated cache for /assets/minecraft in 2.067 ms
[22Jun2025 03:47:57.448] [main/DEBUG] [ModernFix/]: Generated cache for /assets/minecraft in 571.1 μs
[22Jun2025 03:47:57.449] [main/DEBUG] [ModernFix/]: Generated cache for /assets/minecraft in 494.5 μs
[22Jun2025 03:47:57.453] [main/DEBUG] [ModernFix/]: Generated cache for /assets/minecraft in 3.869 ms
[22Jun2025 03:47:57.464] [main/DEBUG] [ModernFix/]: Generated cache for /assets/minecraft in 9.562 ms
[22Jun2025 03:47:57.474] [main/DEBUG] [ModernFix/]: Generated cache for /assets/minecraft in 4.078 ms
[22Jun2025 03:47:57.476] [main/DEBUG] [ModernFix/]: Generated cache for /assets/minecraft in 826.6 μs
[22Jun2025 03:47:57.477] [main/DEBUG] [ModernFix/]: Generated cache for /assets/minecraft in 67.80 μs
[22Jun2025 03:47:57.478] [main/DEBUG] [ModernFix/]: Generated cache for /assets/minecraft in 78.15 μs
[22Jun2025 03:47:57.480] [main/DEBUG] [ModernFix/]: Generated cache for /assets/minecraft in 1.352 ms
[22Jun2025 03:47:57.487] [main/DEBUG] [ModernFix/]: Generated cache for /assets/minecraft in 4.069 ms
[22Jun2025 03:47:57.489] [main/DEBUG] [ModernFix/]: Generated cache for /assets/minecraft in 48.16 μs
[22Jun2025 03:47:57.490] [main/DEBUG] [ModernFix/]: Generated cache for /assets/minecraft in 63.22 μs
[22Jun2025 03:47:57.491] [main/DEBUG] [ModernFix/]: Generated cache for /assets/minecraft in 88.46 μs
[22Jun2025 03:47:57.492] [main/DEBUG] [ModernFix/]: Generated cache for /assets/minecraft in 164.3 μs
[22Jun2025 03:47:57.493] [main/DEBUG] [ModernFix/]: Generated cache for /assets/minecraft in 304.7 μs
[22Jun2025 03:48:00.132] [main/DEBUG] [mixin/]: Mixing PrimaryLevelDataMixin from betterendisland.mixins.json into net.minecraft.world.level.storage.PrimaryLevelData
[22Jun2025 03:48:00.142] [main/DEBUG] [mixin/]: Mixing PrimaryLevelDataMixin from collective_forge.mixins.json into net.minecraft.world.level.storage.PrimaryLevelData
[22Jun2025 03:48:00.183] [main/DEBUG] [mixin/]: Mixing EndDragonFightMixin from betterendisland.mixins.json into net.minecraft.world.level.dimension.end.EndDragonFight
[22Jun2025 03:48:00.188] [main/DEBUG] [mixin/]: Renaming synthetic method lambda$betterendisland$setDragonRespawnStage$6(Lnet/minecraft/util/RandomSource;FLnet/minecraft/core/BlockPos;)V to md1cdd9f$lambda$betterendisland$setDragonRespawnStage$6$0 in betterendisland.mixins.json:EndDragonFightMixin
[22Jun2025 03:48:00.189] [main/DEBUG] [mixin/]: Renaming synthetic method lambda$betterendisland$setDragonRespawnStage$5(FLjava/lang/Integer;)V to md1cdd9f$lambda$betterendisland$setDragonRespawnStage$5$1 in betterendisland.mixins.json:EndDragonFightMixin
[22Jun2025 03:48:00.190] [main/DEBUG] [mixin/]: Renaming synthetic method lambda$betterendisland$setDragonRespawnStage$4(Lnet/minecraft/util/RandomSource;FLnet/minecraft/core/BlockPos;)V to md1cdd9f$lambda$betterendisland$setDragonRespawnStage$4$2 in betterendisland.mixins.json:EndDragonFightMixin
[22Jun2025 03:48:00.190] [main/DEBUG] [mixin/]: Renaming synthetic method lambda$betterendisland$setDragonRespawnStage$3(Lnet/minecraft/server/level/ServerPlayer;)V to md1cdd9f$lambda$betterendisland$setDragonRespawnStage$3$3 in betterendisland.mixins.json:EndDragonFightMixin
[22Jun2025 03:48:00.190] [main/DEBUG] [mixin/]: Renaming synthetic method lambda$betterendisland_setDragonKilled$2(ILnet/minecraft/world/level/levelgen/feature/SpikeFeature$EndSpike;)V to md1cdd9f$lambda$betterendisland_setDragonKilled$2$4 in betterendisland.mixins.json:EndDragonFightMixin
[22Jun2025 03:48:00.191] [main/DEBUG] [mixin/]: Renaming synthetic method lambda$betterendisland$reset$1(Lnet/minecraft/core/BlockPos;)V to md1cdd9f$lambda$betterendisland$reset$1$5 in betterendisland.mixins.json:EndDragonFightMixin
[22Jun2025 03:48:00.191] [main/DEBUG] [mixin/]: Renaming synthetic method lambda$betterendisland$reset$0(Lnet/minecraft/world/level/levelgen/feature/SpikeFeature$EndSpike;)V to md1cdd9f$lambda$betterendisland$reset$0$6 in betterendisland.mixins.json:EndDragonFightMixin
[22Jun2025 03:48:00.373] [main/DEBUG] [mixin/]: Mixing LootTablesMixin from placebo.mixins.json into net.minecraft.world.level.storage.loot.LootDataManager
[22Jun2025 03:48:00.374] [main/DEBUG] [mixin/]: Renaming synthetic method lambda$apply$0(Lnet/minecraft/world/level/storage/loot/LootDataId;Lnet/minecraft/world/level/storage/loot/LootTable;)V to md1cdd9f$lambda$apply$0$0 in placebo.mixins.json:LootTablesMixin
[22Jun2025 03:48:00.403] [main/DEBUG] [mixin/]: Mixing MixinLootDataManager from architectury.mixins.json into net.minecraft.world.level.storage.loot.LootDataManager
[22Jun2025 03:48:00.418] [main/DEBUG] [mixin/]: Mixing LootDataManagerForgeMixin from puzzleslib.forge.mixins.json into net.minecraft.world.level.storage.loot.LootDataManager
[22Jun2025 03:48:00.457] [main/DEBUG] [mixin/]: Mixing CommandExceptionLoggingMixin from cupboard.mixins.json into net.minecraft.commands.Commands
[22Jun2025 03:48:00.701] [main/DEBUG] [mixin/]: Mixing LocateVanillaFortressCommandMixin from betterfortresses.mixins.json into net.minecraft.server.commands.LocateCommand
[22Jun2025 03:48:00.702] [main/DEBUG] [mixin/]: Mixing LocateStrongholdCommandMixin from betterstrongholds.mixins.json into net.minecraft.server.commands.LocateCommand
[22Jun2025 03:48:00.703] [main/DEBUG] [mixin/]: Mixing LocateVanillaJungleTempleCommandMixin from betterjungletemples.mixins.json into net.minecraft.server.commands.LocateCommand
[22Jun2025 03:48:00.766] [main/DEBUG] [net.minecraftforge.coremod.transformer.CoreModBaseTransformer/COREMOD]: Transforming net/minecraft/server/commands/SummonCommand
[22Jun2025 03:48:01.141] [main/DEBUG] [mixin/]: Mixing feature.measure_time.SimpleReloadInstanceMixin from modernfix-common.mixins.json into net.minecraft.server.packs.resources.SimpleReloadInstance
[22Jun2025 03:48:01.180] [Worker-Main-1/DEBUG] [mixin/]: Mixing perf.tag_id_caching.TagEntryMixin from modernfix-forge.mixins.json into net.minecraft.tags.TagEntry
[22Jun2025 03:48:01.330] [Worker-Main-1/ERROR] [net.minecraft.tags.TagLoader/]: Couldn't load tag forge:is_eyestalker as it is missing following references: #forge:is_end (from enemyexpansion-2.3.1-forge-1.20.1.jar)
[22Jun2025 03:48:01.335] [Worker-Main-1/ERROR] [net.minecraft.tags.TagLoader/]: Couldn't load tag forge:is_flutterfly as it is missing following references: #forge:is_magical (from enemyexpansion-2.3.1-forge-1.20.1.jar)
[22Jun2025 03:48:03.133] [Worker-Main-1/DEBUG] [net.minecraftforge.coremod.transformer.CoreModBaseTransformer/COREMOD]: Transforming net/minecraft/world/entity/raid/Raid
[22Jun2025 03:48:03.402] [Worker-Main-1/DEBUG] [mixin/]: Mixing RecipeBookMixin from nerb-common.mixins.json into net.minecraft.stats.RecipeBook
[22Jun2025 03:48:03.406] [Worker-Main-1/DEBUG] [mixin/]: Mixing ServerRecipeBookMixin from nerb-common.mixins.json into net.minecraft.stats.ServerRecipeBook
[22Jun2025 03:48:03.732] [Worker-Main-1/ERROR] [net.minecraftforge.common.ForgeHooks/]: Couldn't parse element loot_tables:minecraft:chests/cataclysm_ignis
com.google.gson.JsonSyntaxException: Expected name to be an item, was unknown string 'cataclysm:ignitium_ingot'
	at net.minecraft.util.GsonHelper.m_13866_(GsonHelper.java:145) ~[server-1.20.1-20230612.114412-srg.jar%23203!/:?]
	at java.util.Optional.orElseThrow(Optional.java:403) ~[?:?]
	at net.minecraft.util.GsonHelper.m_13874_(GsonHelper.java:145) ~[server-1.20.1-20230612.114412-srg.jar%23203!/:?]
	at net.minecraft.util.GsonHelper.m_13909_(GsonHelper.java:153) ~[server-1.20.1-20230612.114412-srg.jar%23203!/:?]
	at net.minecraft.world.level.storage.loot.entries.LootItem$Serializer.m_7267_(LootItem.java:55) ~[server-1.20.1-20230612.114412-srg.jar%23203!/:?]
	at net.minecraft.world.level.storage.loot.entries.LootItem$Serializer.m_7267_(LootItem.java:40) ~[server-1.20.1-20230612.114412-srg.jar%23203!/:?]
	at net.minecraft.world.level.storage.loot.entries.LootPoolSingletonContainer$Serializer.m_5921_(LootPoolSingletonContainer.java:151) ~[server-1.20.1-20230612.114412-srg.jar%23203!/:?]
	at net.minecraft.world.level.storage.loot.entries.LootPoolSingletonContainer$Serializer.m_5921_(LootPoolSingletonContainer.java:129) ~[server-1.20.1-20230612.114412-srg.jar%23203!/:?]
	at net.minecraft.world.level.storage.loot.entries.LootPoolEntryContainer$Serializer.m_7561_(LootPoolEntryContainer.java:86) ~[server-1.20.1-20230612.114412-srg.jar%23203!/:?]
	at net.minecraft.world.level.storage.loot.entries.LootPoolEntryContainer$Serializer.m_7561_(LootPoolEntryContainer.java:74) ~[server-1.20.1-20230612.114412-srg.jar%23203!/:?]
	at net.minecraft.world.level.storage.loot.GsonAdapterFactory$JsonAdapter.deserialize(GsonAdapterFactory.java:102) ~[server-1.20.1-20230612.114412-srg.jar%23203!/:?]
	at com.google.gson.internal.bind.TreeTypeAdapter.read(TreeTypeAdapter.java:76) ~[gson-2.10.jar%2370!/:?]
	at com.google.gson.internal.bind.TypeAdapterRuntimeTypeWrapper.read(TypeAdapterRuntimeTypeWrapper.java:40) ~[gson-2.10.jar%2370!/:?]
	at com.google.gson.internal.bind.ArrayTypeAdapter.read(ArrayTypeAdapter.java:72) ~[gson-2.10.jar%2370!/:?]
	at com.google.gson.Gson.fromJson(Gson.java:1214) ~[gson-2.10.jar%2370!/:?]
	at com.google.gson.Gson.fromJson(Gson.java:1319) ~[gson-2.10.jar%2370!/:?]
	at com.google.gson.Gson.fromJson(Gson.java:1290) ~[gson-2.10.jar%2370!/:?]
	at com.google.gson.internal.bind.TreeTypeAdapter$GsonContextImpl.deserialize(TreeTypeAdapter.java:179) ~[gson-2.10.jar%2370!/:?]
	at net.minecraft.util.GsonHelper.m_13808_(GsonHelper.java:463) ~[server-1.20.1-20230612.114412-srg.jar%23203!/:?]
	at net.minecraft.util.GsonHelper.m_13836_(GsonHelper.java:471) ~[server-1.20.1-20230612.114412-srg.jar%23203!/:?]
	at net.minecraft.world.level.storage.loot.LootPool$Serializer.deserialize(LootPool.java:192) ~[server-1.20.1-20230612.114412-srg.jar%23203!/:?]
	at net.minecraft.world.level.storage.loot.LootPool$Serializer.deserialize(LootPool.java:189) ~[server-1.20.1-20230612.114412-srg.jar%23203!/:?]
	at com.google.gson.internal.bind.TreeTypeAdapter.read(TreeTypeAdapter.java:76) ~[gson-2.10.jar%2370!/:?]
	at com.google.gson.internal.bind.TypeAdapterRuntimeTypeWrapper.read(TypeAdapterRuntimeTypeWrapper.java:40) ~[gson-2.10.jar%2370!/:?]
	at com.google.gson.internal.bind.ArrayTypeAdapter.read(ArrayTypeAdapter.java:72) ~[gson-2.10.jar%2370!/:?]
	at com.google.gson.Gson.fromJson(Gson.java:1214) ~[gson-2.10.jar%2370!/:?]
	at com.google.gson.Gson.fromJson(Gson.java:1319) ~[gson-2.10.jar%2370!/:?]
	at com.google.gson.Gson.fromJson(Gson.java:1290) ~[gson-2.10.jar%2370!/:?]
	at com.google.gson.internal.bind.TreeTypeAdapter$GsonContextImpl.deserialize(TreeTypeAdapter.java:179) ~[gson-2.10.jar%2370!/:?]
	at net.minecraft.util.GsonHelper.m_13808_(GsonHelper.java:463) ~[server-1.20.1-20230612.114412-srg.jar%23203!/:?]
	at net.minecraft.util.GsonHelper.m_13845_(GsonHelper.java:481) ~[server-1.20.1-20230612.114412-srg.jar%23203!/:?]
	at net.minecraft.world.level.storage.loot.LootTable$Serializer.deserialize(LootTable.java:294) ~[server-1.20.1-20230612.114412-srg.jar%23203!/:?]
	at net.minecraft.world.level.storage.loot.LootTable$Serializer.deserialize(LootTable.java:291) ~[server-1.20.1-20230612.114412-srg.jar%23203!/:?]
	at com.google.gson.internal.bind.TreeTypeAdapter.read(TreeTypeAdapter.java:76) ~[gson-2.10.jar%2370!/:?]
	at com.google.gson.Gson.fromJson(Gson.java:1214) ~[gson-2.10.jar%2370!/:?]
	at com.google.gson.Gson.fromJson(Gson.java:1319) ~[gson-2.10.jar%2370!/:?]
	at com.google.gson.Gson.fromJson(Gson.java:1261) ~[gson-2.10.jar%2370!/:?]
	at net.minecraftforge.common.ForgeHooks.loadLootTable(ForgeHooks.java:871) ~[forge-1.20.1-47.3.7-universal.jar%23208!/:?]
	at net.minecraftforge.common.ForgeHooks.lambda$getLootTableDeserializer$3(ForgeHooks.java:848) ~[forge-1.20.1-47.3.7-universal.jar%23208!/:?]
	at net.minecraft.world.level.storage.loot.LootDataType.deserialize(LootDataType.java:45) ~[server-1.20.1-20230612.114412-srg.jar%23203!/:?]
	at net.minecraft.world.level.storage.loot.LootDataManager.lambda$scheduleElementParse$4(LootDataManager.java:56) ~[server-1.20.1-20230612.114412-srg.jar%23203!/:?]
	at java.util.HashMap.forEach(HashMap.java:1421) ~[?:?]
	at net.minecraft.world.level.storage.loot.LootDataManager.m_278660_(LootDataManager.java:55) ~[server-1.20.1-20230612.114412-srg.jar%23203!/:?]
	at java.util.concurrent.CompletableFuture$AsyncRun.run(CompletableFuture.java:1804) ~[?:?]
	at java.util.concurrent.CompletableFuture$AsyncRun.exec(CompletableFuture.java:1796) ~[?:?]
	at java.util.concurrent.ForkJoinTask.doExec(ForkJoinTask.java:373) ~[?:?]
	at java.util.concurrent.ForkJoinPool$WorkQueue.topLevelExec(ForkJoinPool.java:1182) ~[?:?]
	at java.util.concurrent.ForkJoinPool.scan(ForkJoinPool.java:1655) ~[?:?]
	at java.util.concurrent.ForkJoinPool.runWorker(ForkJoinPool.java:1622) ~[?:?]
	at java.util.concurrent.ForkJoinWorkerThread.run(ForkJoinWorkerThread.java:165) ~[?:?]
[22Jun2025 03:48:04.008] [Worker-Main-1/ERROR] [net.minecraftforge.common.ForgeHooks/]: Couldn't parse element loot_tables:minecraft:chests/cataclysm_ender
com.google.gson.JsonSyntaxException: Expected name to be an item, was unknown string 'cataclysm:void_jaw'
	at net.minecraft.util.GsonHelper.m_13866_(GsonHelper.java:145) ~[server-1.20.1-20230612.114412-srg.jar%23203!/:?]
	at java.util.Optional.orElseThrow(Optional.java:403) ~[?:?]
	at net.minecraft.util.GsonHelper.m_13874_(GsonHelper.java:145) ~[server-1.20.1-20230612.114412-srg.jar%23203!/:?]
	at net.minecraft.util.GsonHelper.m_13909_(GsonHelper.java:153) ~[server-1.20.1-20230612.114412-srg.jar%23203!/:?]
	at net.minecraft.world.level.storage.loot.entries.LootItem$Serializer.m_7267_(LootItem.java:55) ~[server-1.20.1-20230612.114412-srg.jar%23203!/:?]
	at net.minecraft.world.level.storage.loot.entries.LootItem$Serializer.m_7267_(LootItem.java:40) ~[server-1.20.1-20230612.114412-srg.jar%23203!/:?]
	at net.minecraft.world.level.storage.loot.entries.LootPoolSingletonContainer$Serializer.m_5921_(LootPoolSingletonContainer.java:151) ~[server-1.20.1-20230612.114412-srg.jar%23203!/:?]
	at net.minecraft.world.level.storage.loot.entries.LootPoolSingletonContainer$Serializer.m_5921_(LootPoolSingletonContainer.java:129) ~[server-1.20.1-20230612.114412-srg.jar%23203!/:?]
	at net.minecraft.world.level.storage.loot.entries.LootPoolEntryContainer$Serializer.m_7561_(LootPoolEntryContainer.java:86) ~[server-1.20.1-20230612.114412-srg.jar%23203!/:?]
	at net.minecraft.world.level.storage.loot.entries.LootPoolEntryContainer$Serializer.m_7561_(LootPoolEntryContainer.java:74) ~[server-1.20.1-20230612.114412-srg.jar%23203!/:?]
	at net.minecraft.world.level.storage.loot.GsonAdapterFactory$JsonAdapter.deserialize(GsonAdapterFactory.java:102) ~[server-1.20.1-20230612.114412-srg.jar%23203!/:?]
	at com.google.gson.internal.bind.TreeTypeAdapter.read(TreeTypeAdapter.java:76) ~[gson-2.10.jar%2370!/:?]
	at com.google.gson.internal.bind.TypeAdapterRuntimeTypeWrapper.read(TypeAdapterRuntimeTypeWrapper.java:40) ~[gson-2.10.jar%2370!/:?]
	at com.google.gson.internal.bind.ArrayTypeAdapter.read(ArrayTypeAdapter.java:72) ~[gson-2.10.jar%2370!/:?]
	at com.google.gson.Gson.fromJson(Gson.java:1214) ~[gson-2.10.jar%2370!/:?]
	at com.google.gson.Gson.fromJson(Gson.java:1319) ~[gson-2.10.jar%2370!/:?]
	at com.google.gson.Gson.fromJson(Gson.java:1290) ~[gson-2.10.jar%2370!/:?]
	at com.google.gson.internal.bind.TreeTypeAdapter$GsonContextImpl.deserialize(TreeTypeAdapter.java:179) ~[gson-2.10.jar%2370!/:?]
	at net.minecraft.util.GsonHelper.m_13808_(GsonHelper.java:463) ~[server-1.20.1-20230612.114412-srg.jar%23203!/:?]
	at net.minecraft.util.GsonHelper.m_13836_(GsonHelper.java:471) ~[server-1.20.1-20230612.114412-srg.jar%23203!/:?]
	at net.minecraft.world.level.storage.loot.LootPool$Serializer.deserialize(LootPool.java:192) ~[server-1.20.1-20230612.114412-srg.jar%23203!/:?]
	at net.minecraft.world.level.storage.loot.LootPool$Serializer.deserialize(LootPool.java:189) ~[server-1.20.1-20230612.114412-srg.jar%23203!/:?]
	at com.google.gson.internal.bind.TreeTypeAdapter.read(TreeTypeAdapter.java:76) ~[gson-2.10.jar%2370!/:?]
	at com.google.gson.internal.bind.TypeAdapterRuntimeTypeWrapper.read(TypeAdapterRuntimeTypeWrapper.java:40) ~[gson-2.10.jar%2370!/:?]
	at com.google.gson.internal.bind.ArrayTypeAdapter.read(ArrayTypeAdapter.java:72) ~[gson-2.10.jar%2370!/:?]
	at com.google.gson.Gson.fromJson(Gson.java:1214) ~[gson-2.10.jar%2370!/:?]
	at com.google.gson.Gson.fromJson(Gson.java:1319) ~[gson-2.10.jar%2370!/:?]
	at com.google.gson.Gson.fromJson(Gson.java:1290) ~[gson-2.10.jar%2370!/:?]
	at com.google.gson.internal.bind.TreeTypeAdapter$GsonContextImpl.deserialize(TreeTypeAdapter.java:179) ~[gson-2.10.jar%2370!/:?]
	at net.minecraft.util.GsonHelper.m_13808_(GsonHelper.java:463) ~[server-1.20.1-20230612.114412-srg.jar%23203!/:?]
	at net.minecraft.util.GsonHelper.m_13845_(GsonHelper.java:481) ~[server-1.20.1-20230612.114412-srg.jar%23203!/:?]
	at net.minecraft.world.level.storage.loot.LootTable$Serializer.deserialize(LootTable.java:294) ~[server-1.20.1-20230612.114412-srg.jar%23203!/:?]
	at net.minecraft.world.level.storage.loot.LootTable$Serializer.deserialize(LootTable.java:291) ~[server-1.20.1-20230612.114412-srg.jar%23203!/:?]
	at com.google.gson.internal.bind.TreeTypeAdapter.read(TreeTypeAdapter.java:76) ~[gson-2.10.jar%2370!/:?]
	at com.google.gson.Gson.fromJson(Gson.java:1214) ~[gson-2.10.jar%2370!/:?]
	at com.google.gson.Gson.fromJson(Gson.java:1319) ~[gson-2.10.jar%2370!/:?]
	at com.google.gson.Gson.fromJson(Gson.java:1261) ~[gson-2.10.jar%2370!/:?]
	at net.minecraftforge.common.ForgeHooks.loadLootTable(ForgeHooks.java:871) ~[forge-1.20.1-47.3.7-universal.jar%23208!/:?]
	at net.minecraftforge.common.ForgeHooks.lambda$getLootTableDeserializer$3(ForgeHooks.java:848) ~[forge-1.20.1-47.3.7-universal.jar%23208!/:?]
	at net.minecraft.world.level.storage.loot.LootDataType.deserialize(LootDataType.java:45) ~[server-1.20.1-20230612.114412-srg.jar%23203!/:?]
	at net.minecraft.world.level.storage.loot.LootDataManager.lambda$scheduleElementParse$4(LootDataManager.java:56) ~[server-1.20.1-20230612.114412-srg.jar%23203!/:?]
	at java.util.HashMap.forEach(HashMap.java:1421) ~[?:?]
	at net.minecraft.world.level.storage.loot.LootDataManager.m_278660_(LootDataManager.java:55) ~[server-1.20.1-20230612.114412-srg.jar%23203!/:?]
	at java.util.concurrent.CompletableFuture$AsyncRun.run(CompletableFuture.java:1804) ~[?:?]
	at java.util.concurrent.CompletableFuture$AsyncRun.exec(CompletableFuture.java:1796) ~[?:?]
	at java.util.concurrent.ForkJoinTask.doExec(ForkJoinTask.java:373) ~[?:?]
	at java.util.concurrent.ForkJoinPool$WorkQueue.topLevelExec(ForkJoinPool.java:1182) ~[?:?]
	at java.util.concurrent.ForkJoinPool.scan(ForkJoinPool.java:1655) ~[?:?]
	at java.util.concurrent.ForkJoinPool.runWorker(ForkJoinPool.java:1622) ~[?:?]
	at java.util.concurrent.ForkJoinWorkerThread.run(ForkJoinWorkerThread.java:165) ~[?:?]
[22Jun2025 03:48:04.022] [Worker-Main-1/ERROR] [net.minecraftforge.common.ForgeHooks/]: Couldn't parse element loot_tables:parcool:grant_parcool_guide
com.google.gson.JsonSyntaxException: Expected name to be an item, was unknown string 'patchouli:guide_book'
	at net.minecraft.util.GsonHelper.m_13866_(GsonHelper.java:145) ~[server-1.20.1-20230612.114412-srg.jar%23203!/:?]
	at java.util.Optional.orElseThrow(Optional.java:403) ~[?:?]
	at net.minecraft.util.GsonHelper.m_13874_(GsonHelper.java:145) ~[server-1.20.1-20230612.114412-srg.jar%23203!/:?]
	at net.minecraft.util.GsonHelper.m_13909_(GsonHelper.java:153) ~[server-1.20.1-20230612.114412-srg.jar%23203!/:?]
	at net.minecraft.world.level.storage.loot.entries.LootItem$Serializer.m_7267_(LootItem.java:55) ~[server-1.20.1-20230612.114412-srg.jar%23203!/:?]
	at net.minecraft.world.level.storage.loot.entries.LootItem$Serializer.m_7267_(LootItem.java:40) ~[server-1.20.1-20230612.114412-srg.jar%23203!/:?]
	at net.minecraft.world.level.storage.loot.entries.LootPoolSingletonContainer$Serializer.m_5921_(LootPoolSingletonContainer.java:151) ~[server-1.20.1-20230612.114412-srg.jar%23203!/:?]
	at net.minecraft.world.level.storage.loot.entries.LootPoolSingletonContainer$Serializer.m_5921_(LootPoolSingletonContainer.java:129) ~[server-1.20.1-20230612.114412-srg.jar%23203!/:?]
	at net.minecraft.world.level.storage.loot.entries.LootPoolEntryContainer$Serializer.m_7561_(LootPoolEntryContainer.java:86) ~[server-1.20.1-20230612.114412-srg.jar%23203!/:?]
	at net.minecraft.world.level.storage.loot.entries.LootPoolEntryContainer$Serializer.m_7561_(LootPoolEntryContainer.java:74) ~[server-1.20.1-20230612.114412-srg.jar%23203!/:?]
	at net.minecraft.world.level.storage.loot.GsonAdapterFactory$JsonAdapter.deserialize(GsonAdapterFactory.java:102) ~[server-1.20.1-20230612.114412-srg.jar%23203!/:?]
	at com.google.gson.internal.bind.TreeTypeAdapter.read(TreeTypeAdapter.java:76) ~[gson-2.10.jar%2370!/:?]
	at com.google.gson.internal.bind.TypeAdapterRuntimeTypeWrapper.read(TypeAdapterRuntimeTypeWrapper.java:40) ~[gson-2.10.jar%2370!/:?]
	at com.google.gson.internal.bind.ArrayTypeAdapter.read(ArrayTypeAdapter.java:72) ~[gson-2.10.jar%2370!/:?]
	at com.google.gson.Gson.fromJson(Gson.java:1214) ~[gson-2.10.jar%2370!/:?]
	at com.google.gson.Gson.fromJson(Gson.java:1319) ~[gson-2.10.jar%2370!/:?]
	at com.google.gson.Gson.fromJson(Gson.java:1290) ~[gson-2.10.jar%2370!/:?]
	at com.google.gson.internal.bind.TreeTypeAdapter$GsonContextImpl.deserialize(TreeTypeAdapter.java:179) ~[gson-2.10.jar%2370!/:?]
	at net.minecraft.util.GsonHelper.m_13808_(GsonHelper.java:463) ~[server-1.20.1-20230612.114412-srg.jar%23203!/:?]
	at net.minecraft.util.GsonHelper.m_13836_(GsonHelper.java:471) ~[server-1.20.1-20230612.114412-srg.jar%23203!/:?]
	at net.minecraft.world.level.storage.loot.LootPool$Serializer.deserialize(LootPool.java:192) ~[server-1.20.1-20230612.114412-srg.jar%23203!/:?]
	at net.minecraft.world.level.storage.loot.LootPool$Serializer.deserialize(LootPool.java:189) ~[server-1.20.1-20230612.114412-srg.jar%23203!/:?]
	at com.google.gson.internal.bind.TreeTypeAdapter.read(TreeTypeAdapter.java:76) ~[gson-2.10.jar%2370!/:?]
	at com.google.gson.internal.bind.TypeAdapterRuntimeTypeWrapper.read(TypeAdapterRuntimeTypeWrapper.java:40) ~[gson-2.10.jar%2370!/:?]
	at com.google.gson.internal.bind.ArrayTypeAdapter.read(ArrayTypeAdapter.java:72) ~[gson-2.10.jar%2370!/:?]
	at com.google.gson.Gson.fromJson(Gson.java:1214) ~[gson-2.10.jar%2370!/:?]
	at com.google.gson.Gson.fromJson(Gson.java:1319) ~[gson-2.10.jar%2370!/:?]
	at com.google.gson.Gson.fromJson(Gson.java:1290) ~[gson-2.10.jar%2370!/:?]
	at com.google.gson.internal.bind.TreeTypeAdapter$GsonContextImpl.deserialize(TreeTypeAdapter.java:179) ~[gson-2.10.jar%2370!/:?]
	at net.minecraft.util.GsonHelper.m_13808_(GsonHelper.java:463) ~[server-1.20.1-20230612.114412-srg.jar%23203!/:?]
	at net.minecraft.util.GsonHelper.m_13845_(GsonHelper.java:481) ~[server-1.20.1-20230612.114412-srg.jar%23203!/:?]
	at net.minecraft.world.level.storage.loot.LootTable$Serializer.deserialize(LootTable.java:294) ~[server-1.20.1-20230612.114412-srg.jar%23203!/:?]
	at net.minecraft.world.level.storage.loot.LootTable$Serializer.deserialize(LootTable.java:291) ~[server-1.20.1-20230612.114412-srg.jar%23203!/:?]
	at com.google.gson.internal.bind.TreeTypeAdapter.read(TreeTypeAdapter.java:76) ~[gson-2.10.jar%2370!/:?]
	at com.google.gson.Gson.fromJson(Gson.java:1214) ~[gson-2.10.jar%2370!/:?]
	at com.google.gson.Gson.fromJson(Gson.java:1319) ~[gson-2.10.jar%2370!/:?]
	at com.google.gson.Gson.fromJson(Gson.java:1261) ~[gson-2.10.jar%2370!/:?]
	at net.minecraftforge.common.ForgeHooks.loadLootTable(ForgeHooks.java:871) ~[forge-1.20.1-47.3.7-universal.jar%23208!/:?]
	at net.minecraftforge.common.ForgeHooks.lambda$getLootTableDeserializer$3(ForgeHooks.java:848) ~[forge-1.20.1-47.3.7-universal.jar%23208!/:?]
	at net.minecraft.world.level.storage.loot.LootDataType.deserialize(LootDataType.java:45) ~[server-1.20.1-20230612.114412-srg.jar%23203!/:?]
	at net.minecraft.world.level.storage.loot.LootDataManager.lambda$scheduleElementParse$4(LootDataManager.java:56) ~[server-1.20.1-20230612.114412-srg.jar%23203!/:?]
	at java.util.HashMap.forEach(HashMap.java:1421) ~[?:?]
	at net.minecraft.world.level.storage.loot.LootDataManager.m_278660_(LootDataManager.java:55) ~[server-1.20.1-20230612.114412-srg.jar%23203!/:?]
	at java.util.concurrent.CompletableFuture$AsyncRun.run(CompletableFuture.java:1804) ~[?:?]
	at java.util.concurrent.CompletableFuture$AsyncRun.exec(CompletableFuture.java:1796) ~[?:?]
	at java.util.concurrent.ForkJoinTask.doExec(ForkJoinTask.java:373) ~[?:?]
	at java.util.concurrent.ForkJoinPool$WorkQueue.topLevelExec(ForkJoinPool.java:1182) ~[?:?]
	at java.util.concurrent.ForkJoinPool.scan(ForkJoinPool.java:1655) ~[?:?]
	at java.util.concurrent.ForkJoinPool.runWorker(ForkJoinPool.java:1622) ~[?:?]
	at java.util.concurrent.ForkJoinWorkerThread.run(ForkJoinWorkerThread.java:165) ~[?:?]
[22Jun2025 03:48:05.586] [main/INFO] [net.minecraft.world.item.crafting.RecipeManager/]: Skipping loading recipe botanypots:rusticdelight/crop/wild_cotton as it's serializer returned null
[22Jun2025 03:48:05.606] [main/INFO] [net.minecraft.world.item.crafting.RecipeManager/]: Skipping loading recipe botanypots:rusticdelight/crop/wild_bell_peppers as it's serializer returned null
[22Jun2025 03:48:05.635] [main/INFO] [net.minecraft.world.item.crafting.RecipeManager/]: Skipping loading recipe rusticdelight:brewing/coffee as it's serializer returned null
[22Jun2025 03:48:05.645] [main/ERROR] [net.minecraft.world.item.crafting.RecipeManager/]: Parsing error loading recipe gateways:netherexp: com.google.gson.JsonSyntaxException: Invalid or unsupported recipe type 'gateways:gate_recipe'
[22Jun2025 03:48:05.709] [main/ERROR] [net.minecraft.world.item.crafting.RecipeManager/]: Parsing error loading recipe oceanic_delight:jeed_instant_breath: com.google.gson.JsonSyntaxException: Invalid or unsupported recipe type 'jeed:effect_provider'
[22Jun2025 03:48:05.728] [main/ERROR] [net.minecraft.world.item.crafting.RecipeManager/]: Parsing error loading recipe gateways:alexs_hell: com.google.gson.JsonSyntaxException: Invalid or unsupported recipe type 'gateways:gate_recipe'
[22Jun2025 03:48:05.729] [main/ERROR] [net.minecraft.world.item.crafting.RecipeManager/]: Parsing error loading recipe oceanic_delight:jeed_comfort: com.google.gson.JsonSyntaxException: Invalid or unsupported recipe type 'jeed:effect_provider'
[22Jun2025 03:48:05.742] [main/ERROR] [net.minecraft.world.item.crafting.RecipeManager/]: Parsing error loading recipe gateways:born_zombie: com.google.gson.JsonSyntaxException: Invalid or unsupported recipe type 'gateways:gate_recipe'
[22Jun2025 03:48:05.758] [main/INFO] [net.minecraft.world.item.crafting.RecipeManager/]: Skipping loading recipe botanypots:rusticdelight/crop/coffee as it's serializer returned null
[22Jun2025 03:48:05.783] [main/ERROR] [net.minecraft.world.item.crafting.RecipeManager/]: Parsing error loading recipe parcool:parcool_guide: com.google.gson.JsonSyntaxException: Unknown item 'patchouli:guide_book'
[22Jun2025 03:48:05.831] [main/ERROR] [net.minecraft.world.item.crafting.RecipeManager/]: Parsing error loading recipe gateways:cataclysm_ignis: com.google.gson.JsonSyntaxException: Invalid or unsupported recipe type 'gateways:gate_recipe'
[22Jun2025 03:48:05.837] [main/ERROR] [net.minecraft.world.item.crafting.RecipeManager/]: Parsing error loading recipe gateways:born_skeleton: com.google.gson.JsonSyntaxException: Invalid or unsupported recipe type 'gateways:gate_recipe'
[22Jun2025 03:48:05.902] [main/INFO] [net.minecraft.world.item.crafting.RecipeManager/]: Skipping loading recipe botanypots:rusticdelight/crop/bell_peppers as it's serializer returned null
[22Jun2025 03:48:05.910] [main/ERROR] [net.minecraft.world.item.crafting.RecipeManager/]: Parsing error loading recipe gateways:deeperdarker: com.google.gson.JsonSyntaxException: Invalid or unsupported recipe type 'gateways:gate_recipe'
[22Jun2025 03:48:05.942] [main/ERROR] [net.minecraft.world.item.crafting.RecipeManager/]: Parsing error loading recipe oceanic_delight:jeed_nourishment: com.google.gson.JsonSyntaxException: Invalid or unsupported recipe type 'jeed:effect_provider'
[22Jun2025 03:48:05.949] [main/ERROR] [net.minecraft.world.item.crafting.RecipeManager/]: Parsing error loading recipe gateways:cataclysm_ender: com.google.gson.JsonSyntaxException: Invalid or unsupported recipe type 'gateways:gate_recipe'
[22Jun2025 03:48:05.960] [main/INFO] [net.minecraft.world.item.crafting.RecipeManager/]: Skipping loading recipe botanypots:rusticdelight/crop/cotton as it's serializer returned null
[22Jun2025 03:48:05.962] [main/INFO] [net.minecraft.world.item.crafting.RecipeManager/]: Skipping loading recipe botanypots:rusticdelight/crop/wild_coffee as it's serializer returned null
[22Jun2025 03:48:05.974] [main/INFO] [net.minecraft.world.item.crafting.RecipeManager/]: Loaded 11 recipes
[22Jun2025 03:48:05.976] [main/ERROR] [net.minecraft.server.ServerFunctionLibrary/]: Failed to load function enemyexpansion:silver_exes
java.util.concurrent.CompletionException: java.lang.IllegalArgumentException: Whilst parsing command on line 1: Incorrect argument for command at position 25: ...erfriends <--[HERE]
	at java.util.concurrent.CompletableFuture.encodeThrowable(CompletableFuture.java:315) ~[?:?]
	at java.util.concurrent.CompletableFuture.completeThrowable(CompletableFuture.java:320) ~[?:?]
	at java.util.concurrent.CompletableFuture$AsyncSupply.run(CompletableFuture.java:1770) ~[?:?]
	at java.util.concurrent.CompletableFuture$AsyncSupply.exec(CompletableFuture.java:1760) ~[?:?]
	at java.util.concurrent.ForkJoinTask.doExec(ForkJoinTask.java:373) ~[?:?]
	at java.util.concurrent.ForkJoinPool$WorkQueue.topLevelExec(ForkJoinPool.java:1182) ~[?:?]
	at java.util.concurrent.ForkJoinPool.scan(ForkJoinPool.java:1655) ~[?:?]
	at java.util.concurrent.ForkJoinPool.runWorker(ForkJoinPool.java:1622) ~[?:?]
	at java.util.concurrent.ForkJoinWorkerThread.run(ForkJoinWorkerThread.java:165) ~[?:?]
Caused by: java.lang.IllegalArgumentException: Whilst parsing command on line 1: Incorrect argument for command at position 25: ...erfriends <--[HERE]
	at net.minecraft.commands.CommandFunction.m_77984_(CommandFunction.java:63) ~[server-1.20.1-20230612.114412-srg.jar%23203!/:?]
	at net.minecraft.server.ServerFunctionLibrary.m_214320_(ServerFunctionLibrary.java:83) ~[server-1.20.1-20230612.114412-srg.jar%23203!/:?]
	at java.util.concurrent.CompletableFuture$AsyncSupply.run(CompletableFuture.java:1768) ~[?:?]
	... 6 more
[22Jun2025 03:48:06.592] [main/INFO] [net.minecraft.advancements.AdvancementList/]: Loaded 4289 advancements
[22Jun2025 03:48:06.599] [main/INFO] [placebo/]: Registered 0 additional recipes.
[22Jun2025 03:48:06.603] [main/DEBUG] [sophisticatedbackpacks/]: Started loading registry data from sophisticatedbackpacks:compat/woot/block_tools 
[22Jun2025 03:48:06.603] [main/DEBUG] [sophisticatedbackpacks/]: Started loading registry data from sophisticatedbackpacks:compat/fluxnetworks/block_tools 
[22Jun2025 03:48:06.603] [main/DEBUG] [sophisticatedbackpacks/]: Started loading registry data from sophisticatedbackpacks:compat/mob_grinding_utils/entity_tools 
[22Jun2025 03:48:06.603] [main/DEBUG] [sophisticatedbackpacks/]: Started loading registry data from sophisticatedbackpacks:compat/astralsorcery/block_tools 
[22Jun2025 03:48:06.603] [main/DEBUG] [sophisticatedbackpacks/]: Started loading registry data from sophisticatedbackpacks:compat/immersivepetroleum/block_tools 
[22Jun2025 03:48:06.603] [main/DEBUG] [sophisticatedbackpacks/]: Started loading registry data from sophisticatedbackpacks:compat/immersiveengineering/block_tools 
[22Jun2025 03:48:06.603] [main/DEBUG] [sophisticatedbackpacks/]: Started loading registry data from sophisticatedbackpacks:compat/pedestals/block_tools 
[22Jun2025 03:48:06.603] [main/DEBUG] [sophisticatedbackpacks/]: Started loading registry data from sophisticatedbackpacks:compat/platforms/block_tools 
[22Jun2025 03:48:06.603] [main/DEBUG] [sophisticatedbackpacks/]: Started loading registry data from sophisticatedbackpacks:compat/rftoolsutility/entity_tools 
[22Jun2025 03:48:06.603] [main/DEBUG] [sophisticatedbackpacks/]: Started loading registry data from sophisticatedbackpacks:compat/compactmachines/block_tools 
[22Jun2025 03:48:06.603] [main/DEBUG] [sophisticatedbackpacks/]: Started loading registry data from sophisticatedbackpacks:compat/mcwwindows/block_tools 
[22Jun2025 03:48:06.603] [main/DEBUG] [sophisticatedbackpacks/]: Started loading registry data from sophisticatedbackpacks:compat/integrateddynamics/block_tools 
[22Jun2025 03:48:06.603] [main/DEBUG] [sophisticatedbackpacks/]: Started loading registry data from sophisticatedbackpacks:entity_tools 
[22Jun2025 03:48:06.607] [main/DEBUG] [sophisticatedbackpacks/]: Finished loading registry data for sophisticatedbackpacks:entity_tools
[22Jun2025 03:48:06.607] [main/DEBUG] [sophisticatedbackpacks/]: Started loading registry data from sophisticatedbackpacks:compat/mekanism/block_tools 
[22Jun2025 03:48:06.608] [main/DEBUG] [sophisticatedbackpacks/]: Started loading registry data from sophisticatedbackpacks:compat/powah/block_tools 
[22Jun2025 03:48:06.608] [main/DEBUG] [sophisticatedbackpacks/]: Started loading registry data from sophisticatedbackpacks:compat/apotheosis/entity_tools 
[22Jun2025 03:48:06.608] [main/DEBUG] [sophisticatedbackpacks/]: Started loading registry data from sophisticatedbackpacks:compat/bloodmagic/block_tools 
[22Jun2025 03:48:06.608] [main/DEBUG] [sophisticatedbackpacks/]: Started loading registry data from sophisticatedbackpacks:compat/immersiveposts/block_tools 
[22Jun2025 03:48:06.608] [main/DEBUG] [sophisticatedbackpacks/]: Started loading registry data from sophisticatedbackpacks:compat/rats/entity_tools 
[22Jun2025 03:48:06.608] [main/DEBUG] [sophisticatedbackpacks/]: Started loading registry data from sophisticatedbackpacks:compat/framedcompactdrawers/block_tools 
[22Jun2025 03:48:06.608] [main/DEBUG] [sophisticatedbackpacks/]: Started loading registry data from sophisticatedbackpacks:compat/iceandfire/entity_tools 
[22Jun2025 03:48:06.608] [main/DEBUG] [sophisticatedbackpacks/]: Started loading registry data from sophisticatedbackpacks:compat/storagedrawers/block_tools 
[22Jun2025 03:48:06.609] [main/DEBUG] [sophisticatedbackpacks/]: Finished loading registry data for sophisticatedbackpacks:compat/storagedrawers/block_tools
[22Jun2025 03:48:06.609] [main/DEBUG] [sophisticatedbackpacks/]: Started loading registry data from sophisticatedbackpacks:compat/mcwroofs/block_tools 
[22Jun2025 03:48:06.609] [main/DEBUG] [sophisticatedbackpacks/]: Started loading registry data from sophisticatedbackpacks:compat/morphtool/block_tools 
[22Jun2025 03:48:06.609] [main/DEBUG] [sophisticatedbackpacks/]: Started loading registry data from sophisticatedbackpacks:compat/botania/block_tools 
[22Jun2025 03:48:06.609] [main/DEBUG] [sophisticatedbackpacks/]: Started loading registry data from sophisticatedbackpacks:compat/pneumaticraft/block_tools 
[22Jun2025 03:48:06.609] [main/DEBUG] [sophisticatedbackpacks/]: Started loading registry data from sophisticatedbackpacks:compat/shrink/entity_tools 
[22Jun2025 03:48:06.609] [main/DEBUG] [sophisticatedbackpacks/]: Started loading registry data from sophisticatedbackpacks:compat/blockcarpentry/block_tools 
[22Jun2025 03:48:06.610] [main/DEBUG] [sophisticatedbackpacks/]: Started loading registry data from sophisticatedbackpacks:compat/pipez/block_tools 
[22Jun2025 03:48:06.610] [main/DEBUG] [sophisticatedbackpacks/]: Started loading registry data from sophisticatedbackpacks:compat/transport/block_tools 
[22Jun2025 03:48:06.610] [main/DEBUG] [sophisticatedbackpacks/]: Started loading registry data from sophisticatedbackpacks:compat/thermal/block_tools 
[22Jun2025 03:48:06.610] [main/DEBUG] [sophisticatedbackpacks/]: Started loading registry data from sophisticatedbackpacks:block_tools 
[22Jun2025 03:48:06.610] [main/DEBUG] [sophisticatedbackpacks/]: Finished loading registry data for sophisticatedbackpacks:block_tools
[22Jun2025 03:48:06.610] [main/DEBUG] [sophisticatedbackpacks/]: Started loading registry data from sophisticatedbackpacks:compat/create/block_tools 
[22Jun2025 03:48:06.610] [main/DEBUG] [sophisticatedbackpacks/]: Started loading registry data from sophisticatedbackpacks:compat/farmersdelight/entity_tools 
[22Jun2025 03:48:06.612] [main/DEBUG] [sophisticatedbackpacks/]: Finished loading registry data for sophisticatedbackpacks:compat/farmersdelight/entity_tools
[22Jun2025 03:48:06.612] [main/DEBUG] [sophisticatedbackpacks/]: Started loading registry data from sophisticatedbackpacks:compat/refinedstorage/block_tools 
[22Jun2025 03:48:06.612] [main/DEBUG] [sophisticatedbackpacks/]: Started loading registry data from sophisticatedbackpacks:compat/chiselsandbits/block_tools 
[22Jun2025 03:48:06.612] [main/DEBUG] [sophisticatedbackpacks/]: Started loading registry data from sophisticatedbackpacks:compat/farmersdelight/block_tools 
[22Jun2025 03:48:06.612] [main/DEBUG] [sophisticatedbackpacks/]: Finished loading registry data for sophisticatedbackpacks:compat/farmersdelight/block_tools
[22Jun2025 03:48:06.613] [main/DEBUG] [sophisticatedbackpacks/]: Started loading registry data from sophisticatedbackpacks:compat/resourcefulbees/entity_tools 
[22Jun2025 03:48:06.613] [main/DEBUG] [sophisticatedbackpacks/]: Started loading registry data from sophisticatedbackpacks:compat/tetra/swords 
[22Jun2025 03:48:06.613] [main/DEBUG] [sophisticatedbackpacks/]: Started loading registry data from sophisticatedbackpacks:swords 
[22Jun2025 03:48:06.613] [main/DEBUG] [sophisticatedbackpacks/]: Finished loading registry data for sophisticatedbackpacks:swords
[22Jun2025 03:48:06.613] [main/DEBUG] [sophisticatedbackpacks/]: Started loading registry data from sophisticatedbackpacks:compat/mythicbotany/block_tools 
[22Jun2025 03:48:06.613] [main/DEBUG] [sophisticatedbackpacks/]: Started loading registry data from sophisticatedbackpacks:compat/resourcefulbees/block_tools 
[22Jun2025 03:48:06.613] [main/DEBUG] [sophisticatedbackpacks/]: Started loading registry data from sophisticatedbackpacks:compat/syp/entity_tools 
[22Jun2025 03:48:06.613] [main/DEBUG] [sophisticatedbackpacks/]: Started loading registry data from sophisticatedbackpacks:compat/eidolon/block_tools 
[22Jun2025 03:48:06.613] [main/DEBUG] [sophisticatedbackpacks/]: Started loading registry data from sophisticatedbackpacks:compat/rftoolsbase/block_tools 
[22Jun2025 03:48:06.635] [main/INFO] [placebo/]: Registered 0 gear_sets.
[22Jun2025 03:48:06.658] [main/WARN] [net.minecraft.core.MappedRegistry/]: Not all defined tags for registry ResourceKey[minecraft:root / minecraft:worldgen/biome] are present in data pack: forge:is_flutterfly
[22Jun2025 03:48:06.902] [main/DEBUG] [net.minecraftforge.common.ForgeHooks/WP]: Gathering id map for writing to world save world
[22Jun2025 03:48:07.005] [main/DEBUG] [net.minecraftforge.common.ForgeHooks/WP]: ID Map collection complete world
[22Jun2025 03:48:07.064] [Server thread/INFO] [net.minecraft.server.dedicated.DedicatedServer/]: Starting minecraft server version 1.20.1
[22Jun2025 03:48:07.065] [Server thread/INFO] [net.minecraft.server.dedicated.DedicatedServer/]: Loading properties
[22Jun2025 03:48:07.065] [Server thread/INFO] [net.minecraft.server.dedicated.DedicatedServer/]: Default game type: SURVIVAL
[22Jun2025 03:48:07.065] [Server thread/INFO] [net.minecraft.server.MinecraftServer/]: Generating keypair
[22Jun2025 03:48:07.273] [Server thread/INFO] [net.minecraft.server.dedicated.DedicatedServer/]: Starting Minecraft server on *:25565
[22Jun2025 03:48:07.306] [Server thread/DEBUG] [net.minecraftforge.network.DualStackUtils/]: Detected IPv6 address: "0:0:0:0:0:0:0:0"
[22Jun2025 03:48:07.324] [Server thread/DEBUG] [io.netty.util.internal.NativeLibraryLoader/]: -Dio.netty.native.workdir: /tmp (io.netty.tmpdir)
[22Jun2025 03:48:07.325] [Server thread/DEBUG] [io.netty.util.internal.NativeLibraryLoader/]: -Dio.netty.native.deleteLibAfterLoading: true
[22Jun2025 03:48:07.325] [Server thread/DEBUG] [io.netty.util.internal.NativeLibraryLoader/]: -Dio.netty.native.tryPatchShadedId: true
[22Jun2025 03:48:07.325] [Server thread/DEBUG] [io.netty.util.internal.NativeLibraryLoader/]: -Dio.netty.native.detectNativeLibraryDuplicates: true
[22Jun2025 03:48:07.400] [Server thread/DEBUG] [io.netty.util.internal.NativeLibraryLoader/]: Successfully loaded the library /tmp/libnetty_transport_native_epoll_x86_6414190516634330101350.so
[22Jun2025 03:48:07.405] [Server thread/DEBUG] [io.netty.util.NetUtil/]: -Djava.net.preferIPv4Stack: false
[22Jun2025 03:48:07.405] [Server thread/DEBUG] [io.netty.util.NetUtil/]: -Djava.net.preferIPv6Addresses: true
[22Jun2025 03:48:07.409] [Server thread/DEBUG] [io.netty.util.NetUtilInitializations/]: Loopback interface: lo (lo, 0:0:0:0:0:0:0:1%lo)
[22Jun2025 03:48:07.412] [Server thread/DEBUG] [io.netty.util.NetUtil/]: /proc/sys/net/core/somaxconn: 4096
[22Jun2025 03:48:07.422] [Server thread/INFO] [net.minecraft.server.network.ServerConnectionListener/]: Using epoll channel type
[22Jun2025 03:48:07.449] [Server thread/DEBUG] [mixin/]: Mixing NetworkSystemMixin from connectivity.mixins.json into net.minecraft.server.network.ServerConnectionListener$1
[22Jun2025 03:48:07.471] [Server thread/DEBUG] [mixin/]: Mixing AdvancedPacketErrorLogging from connectivity.mixins.json into net.minecraft.network.Connection
[22Jun2025 03:48:07.472] [Server thread/DEBUG] [mixin/]: Mixing ConnectionMixin from connectivity.mixins.json into net.minecraft.network.Connection
[22Jun2025 03:48:07.473] [Server thread/DEBUG] [mixin/]: Renaming synthetic method lambda$on$2(Ljava/lang/String;Lio/netty/channel/ChannelHandlerContext;Lio/netty/util/concurrent/Future;)V to md1cdd9f$lambda$on$2$0 in connectivity.mixins.json:ConnectionMixin
[22Jun2025 03:48:07.473] [Server thread/DEBUG] [mixin/]: Renaming synthetic method lambda$on$1(Ljava/lang/String;Lio/netty/channel/ChannelHandlerContext;Lio/netty/util/concurrent/Future;)V to md1cdd9f$lambda$on$1$1 in connectivity.mixins.json:ConnectionMixin
[22Jun2025 03:48:07.475] [Server thread/DEBUG] [mixin/]: Renaming synthetic method lambda$on$0(Ljava/lang/String;Lio/netty/channel/ChannelHandlerContext;Lio/netty/util/concurrent/Future;)V to md1cdd9f$lambda$on$0$2 in connectivity.mixins.json:ConnectionMixin
[22Jun2025 03:48:07.503] [Server thread/DEBUG] [io.netty.channel.MultithreadEventLoopGroup/]: -Dio.netty.eventLoopThreads: 4
[22Jun2025 03:48:07.523] [Server thread/DEBUG] [io.netty.util.internal.InternalThreadLocalMap/]: -Dio.netty.threadLocalMap.stringBuilder.initialSize: 1024
[22Jun2025 03:48:07.524] [Server thread/DEBUG] [io.netty.util.internal.InternalThreadLocalMap/]: -Dio.netty.threadLocalMap.stringBuilder.maxSize: 4096
[22Jun2025 03:48:07.539] [Server thread/DEBUG] [io.netty.util.internal.PlatformDependent/]: org.jctools-core.MpscChunkedArrayQueue: available
[22Jun2025 03:48:07.549] [Server thread/DEBUG] [io.netty.channel.DefaultChannelId/]: -Dio.netty.processId: 3770 (auto-detected)
[22Jun2025 03:48:07.550] [Server thread/DEBUG] [io.netty.channel.DefaultChannelId/]: -Dio.netty.machineId: 7c:1e:52:ff:fe:dc:0e:ab (auto-detected)
[22Jun2025 03:48:07.584] [Server thread/DEBUG] [io.netty.buffer.PooledByteBufAllocator/]: -Dio.netty.allocator.numHeapArenas: 4
[22Jun2025 03:48:07.584] [Server thread/DEBUG] [io.netty.buffer.PooledByteBufAllocator/]: -Dio.netty.allocator.numDirectArenas: 4
[22Jun2025 03:48:07.584] [Server thread/DEBUG] [io.netty.buffer.PooledByteBufAllocator/]: -Dio.netty.allocator.pageSize: 8192
[22Jun2025 03:48:07.584] [Server thread/DEBUG] [io.netty.buffer.PooledByteBufAllocator/]: -Dio.netty.allocator.maxOrder: 9
[22Jun2025 03:48:07.584] [Server thread/DEBUG] [io.netty.buffer.PooledByteBufAllocator/]: -Dio.netty.allocator.chunkSize: 4194304
[22Jun2025 03:48:07.584] [Server thread/DEBUG] [io.netty.buffer.PooledByteBufAllocator/]: -Dio.netty.allocator.smallCacheSize: 256
[22Jun2025 03:48:07.585] [Server thread/DEBUG] [io.netty.buffer.PooledByteBufAllocator/]: -Dio.netty.allocator.normalCacheSize: 64
[22Jun2025 03:48:07.585] [Server thread/DEBUG] [io.netty.buffer.PooledByteBufAllocator/]: -Dio.netty.allocator.maxCachedBufferCapacity: 32768
[22Jun2025 03:48:07.585] [Server thread/DEBUG] [io.netty.buffer.PooledByteBufAllocator/]: -Dio.netty.allocator.cacheTrimInterval: 8192
[22Jun2025 03:48:07.585] [Server thread/DEBUG] [io.netty.buffer.PooledByteBufAllocator/]: -Dio.netty.allocator.cacheTrimIntervalMillis: 0
[22Jun2025 03:48:07.585] [Server thread/DEBUG] [io.netty.buffer.PooledByteBufAllocator/]: -Dio.netty.allocator.useCacheForAllThreads: false
[22Jun2025 03:48:07.585] [Server thread/DEBUG] [io.netty.buffer.PooledByteBufAllocator/]: -Dio.netty.allocator.maxCachedByteBuffersPerChunk: 1023
[22Jun2025 03:48:07.595] [Server thread/DEBUG] [io.netty.buffer.ByteBufUtil/]: -Dio.netty.allocator.type: pooled
[22Jun2025 03:48:07.595] [Server thread/DEBUG] [io.netty.buffer.ByteBufUtil/]: -Dio.netty.threadLocalDirectBufferSize: 0
[22Jun2025 03:48:07.595] [Server thread/DEBUG] [io.netty.buffer.ByteBufUtil/]: -Dio.netty.maxThreadLocalCharBufferSize: 16384
[22Jun2025 03:48:07.612] [Server thread/WARN] [net.minecraft.server.dedicated.DedicatedServer/]: **** SERVER IS RUNNING IN OFFLINE/INSECURE MODE!
[22Jun2025 03:48:07.612] [Server thread/WARN] [net.minecraft.server.dedicated.DedicatedServer/]: The server will make no attempt to authenticate usernames. Beware.
[22Jun2025 03:48:07.613] [Server thread/WARN] [net.minecraft.server.dedicated.DedicatedServer/]: While this makes the game possible to play without internet access, it also opens up the ability for hackers to connect with any username they choose.
[22Jun2025 03:48:07.613] [Server thread/WARN] [net.minecraft.server.dedicated.DedicatedServer/]: To change this, set "online-mode" to "true" in the server.properties file.
[22Jun2025 03:48:07.642] [Server thread/DEBUG] [net.minecraftforge.fml.config.ConfigTracker/CONFIG]: Loading configs type SERVER
[22Jun2025 03:48:07.642] [Server thread/DEBUG] [net.minecraftforge.fml.config.ConfigFileTypeHandler/CONFIG]: Built TOML config for ./world/serverconfig/journeymap-server.toml
[22Jun2025 03:48:07.642] [Server thread/DEBUG] [net.minecraftforge.fml.config.ConfigFileTypeHandler/CONFIG]: Loaded TOML config file ./world/serverconfig/journeymap-server.toml
[22Jun2025 03:48:07.644] [Server thread/DEBUG] [net.minecraftforge.fml.config.ConfigFileTypeHandler/CONFIG]: Watching TOML config file ./world/serverconfig/journeymap-server.toml for changes
[22Jun2025 03:48:07.645] [Server thread/INFO] [journeymap/]: Loading JourneyMap Forge Configs
[22Jun2025 03:48:07.647] [Server thread/DEBUG] [net.minecraftforge.fml.config.ConfigFileTypeHandler/CONFIG]: Built TOML config for ./world/serverconfig/jei-server.toml
[22Jun2025 03:48:07.648] [Server thread/DEBUG] [net.minecraftforge.fml.config.ConfigFileTypeHandler/CONFIG]: Loaded TOML config file ./world/serverconfig/jei-server.toml
[22Jun2025 03:48:07.648] [Server thread/DEBUG] [net.minecraftforge.fml.config.ConfigFileTypeHandler/CONFIG]: Watching TOML config file ./world/serverconfig/jei-server.toml for changes
[22Jun2025 03:48:07.651] [Server thread/DEBUG] [net.minecraftforge.fml.config.ConfigFileTypeHandler/CONFIG]: Built TOML config for ./world/serverconfig/sophisticatedbackpacks-server.toml
[22Jun2025 03:48:07.653] [Server thread/DEBUG] [net.minecraftforge.fml.config.ConfigFileTypeHandler/CONFIG]: Loaded TOML config file ./world/serverconfig/sophisticatedbackpacks-server.toml
[22Jun2025 03:48:07.655] [Server thread/DEBUG] [net.minecraftforge.fml.config.ConfigFileTypeHandler/CONFIG]: Watching TOML config file ./world/serverconfig/sophisticatedbackpacks-server.toml for changes
[22Jun2025 03:48:07.666] [Server thread/DEBUG] [net.minecraftforge.fml.config.ConfigFileTypeHandler/CONFIG]: Built TOML config for ./world/serverconfig/forge-server.toml
[22Jun2025 03:48:07.667] [Server thread/DEBUG] [net.minecraftforge.fml.config.ConfigFileTypeHandler/CONFIG]: Loaded TOML config file ./world/serverconfig/forge-server.toml
[22Jun2025 03:48:07.668] [Server thread/DEBUG] [net.minecraftforge.fml.config.ConfigFileTypeHandler/CONFIG]: Watching TOML config file ./world/serverconfig/forge-server.toml for changes
[22Jun2025 03:48:07.668] [Server thread/DEBUG] [net.minecraftforge.common.ForgeConfig/FORGEMOD]: Loaded forge config file forge-server.toml
[22Jun2025 03:48:07.669] [Server thread/DEBUG] [net.minecraftforge.fml.config.ConfigFileTypeHandler/CONFIG]: Built TOML config for ./world/serverconfig/advancednetherite-server.toml
[22Jun2025 03:48:07.671] [Server thread/DEBUG] [net.minecraftforge.fml.config.ConfigFileTypeHandler/CONFIG]: Loaded TOML config file ./world/serverconfig/advancednetherite-server.toml
[22Jun2025 03:48:07.671] [Server thread/DEBUG] [net.minecraftforge.fml.config.ConfigFileTypeHandler/CONFIG]: Watching TOML config file ./world/serverconfig/advancednetherite-server.toml for changes
[22Jun2025 03:48:07.672] [Server thread/DEBUG] [net.minecraftforge.fml.config.ConfigFileTypeHandler/CONFIG]: Built TOML config for ./world/serverconfig/parcool-server.toml
[22Jun2025 03:48:07.673] [Server thread/DEBUG] [net.minecraftforge.fml.config.ConfigFileTypeHandler/CONFIG]: Loaded TOML config file ./world/serverconfig/parcool-server.toml
[22Jun2025 03:48:07.673] [Server thread/DEBUG] [net.minecraftforge.fml.config.ConfigFileTypeHandler/CONFIG]: Watching TOML config file ./world/serverconfig/parcool-server.toml for changes
[22Jun2025 03:48:07.679] [Server thread/DEBUG] [fuzs.puzzleslib.impl.config.core.ForgeConfigFileTypeHandler/CONFIG]: Built TOML config for /workspaces/MQSX/servidor_minecraft/config/enchantinginfuser-server.toml
[22Jun2025 03:48:07.682] [Server thread/DEBUG] [fuzs.puzzleslib.impl.config.core.ForgeConfigFileTypeHandler/CONFIG]: Loaded TOML config file /workspaces/MQSX/servidor_minecraft/config/enchantinginfuser-server.toml
[22Jun2025 03:48:07.683] [Server thread/DEBUG] [fuzs.puzzleslib.impl.config.core.ForgeConfigFileTypeHandler/CONFIG]: Watching TOML config file /workspaces/MQSX/servidor_minecraft/config/enchantinginfuser-server.toml for changes
[22Jun2025 03:48:07.688] [Server thread/INFO] [Puzzles Lib/]: Loading server config for enchantinginfuser
[22Jun2025 03:48:07.695] [Server thread/DEBUG] [mixin/]: Mixing accessor.BiomeSpecialEffectsBuilderForgeAccessor from puzzleslib.forge.mixins.json into net.minecraft.world.level.biome.BiomeSpecialEffects$Builder
[22Jun2025 03:48:07.771] [Server thread/DEBUG] [SpectreLib/CONFIG]: Loading server configs from ./world/serverconfig on server
[22Jun2025 03:48:07.773] [Server thread/DEBUG] [SpectreLib/CONFIG]: Built TOML config for /workspaces/MQSX/servidor_minecraft/config/colytra-server.toml
[22Jun2025 03:48:07.774] [Server thread/DEBUG] [SpectreLib/CONFIG]: Loaded TOML config file /workspaces/MQSX/servidor_minecraft/config/colytra-server.toml
[22Jun2025 03:48:07.789] [Thread-0/INFO] [ModernFix/]: Please use /mfsrc to reload any changed mod config files
[22Jun2025 03:48:07.817] [Server thread/INFO] [net.minecraft.server.dedicated.DedicatedServer/]: Preparing level "world"
[22Jun2025 03:48:07.820] [Server thread/DEBUG] [mixin/]: Mixing feature.branding.BrandingControlMixin from modernfix-forge.mixins.json into net.minecraftforge.internal.BrandingControl
[22Jun2025 03:48:07.839] [Server thread/DEBUG] [net.minecraftforge.coremod.transformer.CoreModBaseTransformer/COREMOD]: Transforming net/minecraft/world/level/levelgen/PhantomSpawner
[22Jun2025 03:48:07.860] [Server thread/DEBUG] [net.minecraftforge.coremod.transformer.CoreModBaseTransformer/COREMOD]: Transforming net/minecraft/world/level/levelgen/PatrolSpawner
[22Jun2025 03:48:07.877] [Server thread/DEBUG] [net.minecraftforge.coremod.transformer.CoreModBaseTransformer/COREMOD]: Transforming net/minecraft/world/entity/npc/CatSpawner
[22Jun2025 03:48:07.887] [Server thread/DEBUG] [net.minecraftforge.coremod.transformer.CoreModBaseTransformer/COREMOD]: Transforming net/minecraft/world/entity/ai/village/VillageSiege
[22Jun2025 03:48:07.928] [Server thread/DEBUG] [mixin/]: Mixing ChunkLoadDebug from cupboard.mixins.json into net.minecraft.server.level.ServerChunkCache
[22Jun2025 03:48:07.929] [Server thread/DEBUG] [mixin/]: Mixing ServerChunkCacheMixin from smoothchunk.mixins.json into net.minecraft.server.level.ServerChunkCache
[22Jun2025 03:48:07.929] [Server thread/DEBUG] [mixin/]: Mixing bugfix.chunk_deadlock.ServerChunkCache_CurrentLoadingMixin from modernfix-forge.mixins.json into net.minecraft.server.level.ServerChunkCache
[22Jun2025 03:48:07.956] [Server thread/DEBUG] [mixin/]: Mixing DamageSourcesMixin from l2damagetracker.mixins.json into net.minecraft.world.damagesource.DamageSources
[22Jun2025 03:48:08.036] [Server thread/DEBUG] [mixin/]: Mixing PersistentEntitySectionManagerMixin from smoothchunk.mixins.json into net.minecraft.world.level.entity.PersistentEntitySectionManager
[22Jun2025 03:48:08.054] [Server thread/DEBUG] [mixin/]: Mixing perf.ticking_chunk_alloc.ChunkHolderMixin from modernfix-common.mixins.json into net.minecraft.server.level.ChunkHolder
[22Jun2025 03:48:08.068] [Server thread/DEBUG] [mixin/]: Mixing DimensionDataStorageMixin from fastasyncworldsave.mixins.json into net.minecraft.world.level.storage.DimensionDataStorage
[22Jun2025 03:48:08.068] [Server thread/DEBUG] [mixin/]: Renaming synthetic method lambda$fastasyncworldsave$saveOffthread$0(Ljava/util/Map;)V to md1cdd9f$lambda$fastasyncworldsave$saveOffthread$0$0 in fastasyncworldsave.mixins.json:DimensionDataStorageMixin
[22Jun2025 03:48:08.083] [Server thread/DEBUG] [mixin/]: Mixing bugfix.paper_chunk_patches.ChunkMapMixin from modernfix-common.mixins.json into net.minecraft.server.level.ChunkMap
[22Jun2025 03:48:08.085] [Server thread/DEBUG] [mixin/]: Renaming synthetic method lambda$useLegacySchedulingLogic$1(Lnet/minecraft/world/level/chunk/ChunkStatus;Lnet/minecraft/world/level/ChunkPos;Lnet/minecraft/server/level/ChunkHolder;Lcom/mojang/datafixers/util/Either;)Ljava/util/concurrent/CompletionStage; to md1cdd9f$lambda$useLegacySchedulingLogic$1$0 in modernfix-common.mixins.json:bugfix.paper_chunk_patches.ChunkMapMixin
[22Jun2025 03:48:08.087] [Server thread/DEBUG] [mixin/]: Renaming synthetic method lambda$useLegacySchedulingLogic$0(Lnet/minecraft/server/level/ChunkHolder;Lnet/minecraft/world/level/chunk/ChunkAccess;)Ljava/util/concurrent/CompletableFuture; to md1cdd9f$lambda$useLegacySchedulingLogic$0$1 in modernfix-common.mixins.json:bugfix.paper_chunk_patches.ChunkMapMixin
[22Jun2025 03:48:08.096] [Server thread/DEBUG] [mixin/]: Mixing bugfix.chunk_deadlock.ChunkMapLoadMixin from modernfix-forge.mixins.json into net.minecraft.server.level.ChunkMap
[22Jun2025 03:48:08.098] [Server thread/DEBUG] [mixin/]: Mixing ChunkMapMixin from smoothchunk.mixins.json into net.minecraft.server.level.ChunkMap
[22Jun2025 03:48:08.106] [Server thread/DEBUG] [mixin/]: Mixing ChunkMapSlowUnload from smoothchunk.mixins.json into net.minecraft.server.level.ChunkMap
[22Jun2025 03:48:08.167] [Server thread/DEBUG] [mixin/]: Mixing common.chunk.ProtoChunkMixin from starlight.mixins.json into net.minecraft.world.level.chunk.ProtoChunk
[22Jun2025 03:48:08.507] [Server thread/DEBUG] [mixin/]: Mixing perf.cache_strongholds.ChunkGeneratorMixin from modernfix-common.mixins.json into net.minecraft.world.level.chunk.ChunkGeneratorStructureState
[22Jun2025 03:48:08.508] [Server thread/DEBUG] [mixin/]: Renaming synthetic method lambda$saveCachedData$0(Ljava/util/List;)Ljava/util/List; to md1cdd9f$lambda$saveCachedData$0$0 in modernfix-common.mixins.json:perf.cache_strongholds.ChunkGeneratorMixin
[22Jun2025 03:48:08.509] [Server thread/DEBUG] [mixin/]: Mixing accessor.ChunkGeneratorStructureStateAccessor from betterjungletemples.mixins.json into net.minecraft.world.level.chunk.ChunkGeneratorStructureState
[22Jun2025 03:48:08.612] [Server thread/DEBUG] [mixin/]: Mixing perf.faster_structure_location.StructureCheckMixin from modernfix-common.mixins.json into net.minecraft.world.level.levelgen.structure.StructureCheck
[22Jun2025 03:48:08.630] [Server thread/DEBUG] [mixin/]: Mixing accessor.StructureManagerAccessor from betterfortresses.mixins.json into net.minecraft.world.level.StructureManager
[22Jun2025 03:48:08.630] [Server thread/DEBUG] [mixin/]: Mixing accessor.StructureManagerAccessor from betterjungletemples.mixins.json into net.minecraft.world.level.StructureManager
[22Jun2025 03:48:08.631] [Server thread/DEBUG] [mixin/]: Unexpected: Registered method getLevel()Lnet/minecraft/world/level/LevelAccessor; in net.minecraft.world.level.StructureManager was not merged
[22Jun2025 03:48:08.691] [Server thread/DEBUG] [ModernFix/]: Loaded stronghold cache for dimension minecraft:overworld with 128 positions
[22Jun2025 03:48:08.807] [Server thread/INFO] [Ksyxis/MinecraftServerMixin/]: Ksyxis: Hey. This is Ksyxis. We will now load the world and will try to do it quickly. If the game is not responding after this, it's probably us to blame or delete for good. This message appears always, even if the mod works flawlessly. (modern)
[22Jun2025 03:48:08.807] [Server thread/INFO] [net.minecraft.server.MinecraftServer/]: Preparing start region for dimension minecraft:overworld
[22Jun2025 03:48:08.808] [Server thread/DEBUG] [Ksyxis/MinecraftServerMixin/]: Ksyxis: Adding zero-level ticket instead of 11 (expected 11) ticket in MinecraftServerMixin.
[22Jun2025 03:48:08.810] [Server thread/DEBUG] [mixin/]: Mixing bugfix.paper_chunk_patches.SortedArraySetMixin from modernfix-common.mixins.json into net.minecraft.util.SortedArraySet
[22Jun2025 03:48:08.825] [Server thread/DEBUG] [Ksyxis/MinecraftServerMixin/]: Ksyxis: Reporting 0 (expected 0 or 441) loaded chunks instead of 441 (expected 441) in MinecraftServerMixin.
[22Jun2025 03:48:08.910] [Server thread/DEBUG] [mixin/]: Mixing common.world.ChunkSerializerMixin from starlight.mixins.json into net.minecraft.world.level.chunk.storage.ChunkSerializer
[22Jun2025 03:48:08.914] [Server thread/DEBUG] [mixin/]: Mixing MixinChunkSerializer from architectury.mixins.json into net.minecraft.world.level.chunk.storage.ChunkSerializer
[22Jun2025 03:48:08.930] [Server thread/DEBUG] [mixin/]: Mixing common.chunk.ImposterProtoChunkMixin from starlight.mixins.json into net.minecraft.world.level.chunk.ImposterProtoChunk
[22Jun2025 03:48:08.942] [Server thread/DEBUG] [mixin/]: Mixing perf.compact_bit_storage.PalettedContainerMixin from modernfix-common.mixins.json into net.minecraft.world.level.chunk.PalettedContainer
[22Jun2025 03:48:08.969] [Server thread/DEBUG] [mixin/]: Mixing ThreadingDetectorMixin from cupboard.mixins.json into net.minecraft.util.ThreadingDetector
[22Jun2025 03:48:09.080] [Server thread/INFO] [net.minecraft.server.level.progress.LoggerChunkProgressListener/]: Time elapsed: 271 ms
[22Jun2025 03:48:09.082] [Server thread/INFO] [net.minecraft.server.dedicated.DedicatedServer/]: Done (1.441s)! For help, type "help"
[22Jun2025 03:48:09.098] [Server thread/DEBUG] [net.minecraftforge.network.DualStackUtils/]: Detected IPv6 address: "0:0:0:0:0:0:0:0"
[22Jun2025 03:48:09.137] [Server thread/DEBUG] [net.minecraftforge.common.ForgeI18n/CORE]: Loading I18N data entries: 4640
[22Jun2025 03:48:09.143] [Server thread/INFO] [net.minecraftforge.server.permission.PermissionAPI/]: Successfully initialized permission handler forge:default_handler
[22Jun2025 03:48:09.219] [Server thread/INFO] [com.cupboard.Cupboard/]: Loaded config for: limitedchunks.json
[22Jun2025 03:48:09.220] [Server thread/INFO] [com.cupboard.Cupboard/]: Loaded config for: connectivity.json
[22Jun2025 03:48:09.224] [Server thread/INFO] [com.cupboard.Cupboard/]: Loaded config for: smoothchunk.json
[22Jun2025 03:48:09.228] [Server thread/WARN] [ModernFix/]: Dedicated server took 71.326 seconds to load
[22Jun2025 03:48:09.264] [Server thread/DEBUG] [io.netty.buffer.AbstractByteBuf/]: -Dio.netty.buffer.checkAccessible: true
[22Jun2025 03:48:09.264] [Server thread/DEBUG] [io.netty.buffer.AbstractByteBuf/]: -Dio.netty.buffer.checkBounds: true
[22Jun2025 03:48:09.265] [Server thread/DEBUG] [io.netty.util.ResourceLeakDetectorFactory/]: Loaded default ResourceLeakDetector: io.netty.util.ResourceLeakDetector@2628c0c1
[22Jun2025 03:48:09.312] [Server thread/DEBUG] [net.minecraftforge.coremod.transformer.CoreModBaseTransformer/COREMOD]: Transforming net/minecraft/world/level/NaturalSpawner
[22Jun2025 03:48:09.552] [Server thread/DEBUG] [mixin/]: Mixing perf.cache_blockstate_cache_arrays.AbstractBlockStateCacheMixin from modernfix-common.mixins.json into net.minecraft.world.level.block.state.BlockBehaviour$BlockStateBase$Cache
[22Jun2025 03:48:09.554] [Server thread/DEBUG] [mixin/]: Mixing BlockStateCacheMixin from ferritecore.blockstatecache.mixin.json into net.minecraft.world.level.block.state.BlockBehaviour$BlockStateBase$Cache
[22Jun2025 03:48:09.621] [Server thread/DEBUG] [mixin/]: Mixing SubShapeAccess from ferritecore.blockstatecache.mixin.json into net.minecraft.world.phys.shapes.SubShape
[22Jun2025 03:48:18.273] [Netty Epoll Server IO #1/DEBUG] [mixin/]: Mixing PacketDecoderMixin from connectivity.mixins.json into net.minecraft.network.PacketDecoder
[22Jun2025 03:48:18.288] [Netty Epoll Server IO #1/DEBUG] [mixin/]: Mixing PacketEncoderMixin from connectivity.mixins.json into net.minecraft.network.PacketEncoder
[22Jun2025 03:48:18.289] [Netty Epoll Server IO #1/DEBUG] [mixin/]: Mixing networkstats.NettyPacketEncoderMixin from connectivity.mixins.json into net.minecraft.network.PacketEncoder
[22Jun2025 03:48:18.306] [Netty Epoll Server IO #1/DEBUG] [mixin/]: Mixing ConnectionProtocolMixin from connectivity.mixins.json into net.minecraft.network.ConnectionProtocol$PacketSet
[22Jun2025 03:48:18.306] [Netty Epoll Server IO #1/DEBUG] [mixin/]: Renaming synthetic method lambda$onAdd$1(Ljava/lang/Class;Lnet/minecraft/network/FriendlyByteBuf;)Lnet/minecraft/network/protocol/Packet; to md1cdd9f$lambda$onAdd$1$0 in connectivity.mixins.json:ConnectionProtocolMixin
[22Jun2025 03:48:18.306] [Netty Epoll Server IO #1/DEBUG] [mixin/]: Renaming synthetic method lambda$onAdd$0(Ljava/lang/Class;Lnet/minecraft/network/FriendlyByteBuf;)Lnet/minecraft/network/protocol/Packet; to md1cdd9f$lambda$onAdd$0$1 in connectivity.mixins.json:ConnectionProtocolMixin
[22Jun2025 03:48:18.531] [Netty Epoll Server IO #1/DEBUG] [io.netty.util.Recycler/]: -Dio.netty.recycler.maxCapacityPerThread: 4096
[22Jun2025 03:48:18.531] [Netty Epoll Server IO #1/DEBUG] [io.netty.util.Recycler/]: -Dio.netty.recycler.ratio: 8
[22Jun2025 03:48:18.531] [Netty Epoll Server IO #1/DEBUG] [io.netty.util.Recycler/]: -Dio.netty.recycler.chunkSize: 32
[22Jun2025 03:48:18.532] [Netty Epoll Server IO #1/DEBUG] [io.netty.util.Recycler/]: -Dio.netty.recycler.blocking: false
[22Jun2025 03:48:18.544] [Netty Epoll Server IO #1/DEBUG] [mixin/]: Mixing core.NetworkHooksMixin from modernfix-forge.mixins.json into net.minecraftforge.network.NetworkHooks
[22Jun2025 03:48:18.544] [Netty Epoll Server IO #1/DEBUG] [mixin/]: Mixing NetworkHooksMixin from l2screentracker.mixins.json into net.minecraftforge.network.NetworkHooks
[22Jun2025 03:48:20.116] [Netty Epoll Server IO #2/DEBUG] [mixin/]: Mixing NetworkRegistryMixin from connectivity.mixins.json into net.minecraftforge.network.NetworkRegistry$LoginPayload
[22Jun2025 03:48:20.237] [Netty Epoll Server IO #2/DEBUG] [net.minecraftforge.network.HandshakeHandler/FMLHANDSHAKE]: Starting new modded impl connection. Found 30 messages to dispatch.
[22Jun2025 03:48:20.238] [Netty Epoll Server IO #2/DEBUG] [mixin/]: Mixing ServerLoginNetHandlerMixin from connectivity.mixins.json into net.minecraft.server.network.ServerLoginPacketListenerImpl
[22Jun2025 03:48:20.286] [Server thread/DEBUG] [net.minecraftforge.network.HandshakeHandler/FMLHANDSHAKE]: Sending ticking packet info 'net.minecraftforge.network.HandshakeMessages$S2CModData' to 'fml:handshake' sequence 0
[22Jun2025 03:48:20.334] [Server thread/DEBUG] [net.minecraftforge.network.HandshakeHandler/FMLHANDSHAKE]: Sending ticking packet info 'net.minecraftforge.network.HandshakeMessages$S2CModList' to 'fml:handshake' sequence 1
[22Jun2025 03:48:20.383] [Server thread/DEBUG] [net.minecraftforge.network.HandshakeHandler/FMLHANDSHAKE]: Sending ticking packet info 'Registry minecraft:command_argument_type' to 'fml:handshake' sequence 2
[22Jun2025 03:48:20.435] [Server thread/DEBUG] [net.minecraftforge.network.HandshakeHandler/FMLHANDSHAKE]: Sending ticking packet info 'Registry minecraft:recipe_serializer' to 'fml:handshake' sequence 3
[22Jun2025 03:48:20.485] [Server thread/DEBUG] [net.minecraftforge.network.HandshakeHandler/FMLHANDSHAKE]: Sending ticking packet info 'Registry minecraft:sound_event' to 'fml:handshake' sequence 4
[22Jun2025 03:48:20.500] [Netty Epoll Server IO #2/DEBUG] [net.minecraftforge.network.LoginWrapper/FMLHANDSHAKE]: Recieved login wrapper packet event for channel fml:handshake with index 1
[22Jun2025 03:48:20.505] [Netty Epoll Server IO #2/DEBUG] [net.minecraftforge.network.HandshakeHandler/FMLHANDSHAKE]: Received client indexed reply 1 of type net.minecraftforge.network.HandshakeMessages$C2SModListReply
[22Jun2025 03:48:20.506] [Netty Epoll Server IO #2/DEBUG] [net.minecraftforge.network.HandshakeHandler/FMLHANDSHAKE]: Received client connection with modlist [geckolib, limitedchunks, moregateways, rotten_flesh_to_leather, connectivity, caelus, sophisticatedcore, colytra, villagernames, mcwpaintings, fastsuite, journeymap, fastasyncworldsave, placebo, modernfix, jei, yungsapi, mixinextras, sophisticatedbackpacks, starlight, oceanic_delight, fpsreducer, memoryleakfix, puzzlesaccessapi, betterfortresses, cloth_config, forge, embeddium, rubidium, chloride, more_slabs_stairs_and_walls, enemyexpansion, minecraft, smoothchunk, farmersdelight, skinnedlanterns, fcl, fsmm, spectrelib, ksyxis, oculus, collective, advancednetherite, storagedrawers, parcool, mr_dungeons_andtaverns, betterstrongholds, immediatelyfast, rusticdelight, architectury, octolib, nerb, appleskin, ferritecore, cupboard, betterendisland, puzzleslib, fallingtree, l2library, l2tabs, l2complements, l2weaponry, l2screentracker, l2damagetracker, l2itemselector, bettermineshafts, fsmmshop, enchantinginfuser, healingcampfire, betterjungletemples]
[22Jun2025 03:48:20.507] [Netty Epoll Server IO #2/DEBUG] [net.minecraftforge.network.NetworkRegistry/NETREGISTRY]: Channel 'l2tabs:main' : Version test of '1' from client : ACCEPTED
[22Jun2025 03:48:20.508] [Netty Epoll Server IO #2/DEBUG] [net.minecraftforge.network.NetworkRegistry/NETREGISTRY]: Channel 'architectury:network' : Version test of '1' from client : ACCEPTED
[22Jun2025 03:48:20.508] [Netty Epoll Server IO #2/DEBUG] [net.minecraftforge.network.NetworkRegistry/NETREGISTRY]: Channel 'parcool:message' : Version test of '3.3.1.0' from client : ACCEPTED
[22Jun2025 03:48:20.508] [Netty Epoll Server IO #2/DEBUG] [net.minecraftforge.network.NetworkRegistry/NETREGISTRY]: Channel 'l2damagetracker:main' : Version test of '2' from client : ACCEPTED
[22Jun2025 03:48:20.508] [Netty Epoll Server IO #2/DEBUG] [net.minecraftforge.network.NetworkRegistry/NETREGISTRY]: Channel 'jei:channel' : Version test of '1.0.0' from client : ACCEPTED
[22Jun2025 03:48:20.508] [Netty Epoll Server IO #2/DEBUG] [net.minecraftforge.network.NetworkRegistry/NETREGISTRY]: Channel 'minecraft:unregister' : Version test of 'FML3' from client : ACCEPTED
[22Jun2025 03:48:20.508] [Netty Epoll Server IO #2/DEBUG] [net.minecraftforge.network.NetworkRegistry/NETREGISTRY]: Channel 'l2itemselector:main' : Version test of '1' from client : ACCEPTED
[22Jun2025 03:48:20.508] [Netty Epoll Server IO #2/DEBUG] [net.minecraftforge.network.NetworkRegistry/NETREGISTRY]: Channel 'sophisticatedbackpacks:channel' : Version test of '1' from client : ACCEPTED
[22Jun2025 03:48:20.509] [Netty Epoll Server IO #2/DEBUG] [net.minecraftforge.network.NetworkRegistry/NETREGISTRY]: Channel 'l2library:main' : Version test of '1' from client : ACCEPTED
[22Jun2025 03:48:20.509] [Netty Epoll Server IO #2/DEBUG] [net.minecraftforge.network.NetworkRegistry/NETREGISTRY]: Channel 'puzzleslib:1' : Version test of '1' from client : ACCEPTED
[22Jun2025 03:48:20.509] [Netty Epoll Server IO #2/DEBUG] [net.minecraftforge.network.NetworkRegistry/NETREGISTRY]: Channel 'storagedrawers:main_channel' : Version test of '1' from client : ACCEPTED
[22Jun2025 03:48:20.509] [Netty Epoll Server IO #2/DEBUG] [net.minecraftforge.network.NetworkRegistry/NETREGISTRY]: Channel 'rotten_flesh_to_leather:rotten_flesh_to_leather' : Version test of '1' from client : ACCEPTED
[22Jun2025 03:48:20.510] [Netty Epoll Server IO #2/DEBUG] [net.minecraftforge.network.NetworkRegistry/NETREGISTRY]: Channel 'journeymap:version' : Version test of '1' from client : ACCEPTED
[22Jun2025 03:48:20.510] [Netty Epoll Server IO #2/DEBUG] [net.minecraftforge.network.NetworkRegistry/NETREGISTRY]: Channel 'fallingtree:main' : Version test of '1' from client : ACCEPTED
[22Jun2025 03:48:20.510] [Netty Epoll Server IO #2/DEBUG] [net.minecraftforge.network.NetworkRegistry/NETREGISTRY]: Channel 'modernfix:main' : Version test of '1' from client : ACCEPTED
[22Jun2025 03:48:20.510] [Netty Epoll Server IO #2/DEBUG] [net.minecraftforge.network.NetworkRegistry/NETREGISTRY]: Channel 'placebo:placebo' : Version test of '1.0.0' from client : ACCEPTED
[22Jun2025 03:48:20.510] [Netty Epoll Server IO #2/DEBUG] [net.minecraftforge.network.NetworkRegistry/NETREGISTRY]: Channel 'worldinfo:world_id' : Version test of '1' from client : ACCEPTED
[22Jun2025 03:48:20.510] [Netty Epoll Server IO #2/DEBUG] [net.minecraftforge.network.NetworkRegistry/NETREGISTRY]: Channel 'l2complements:main' : Version test of '4' from client : ACCEPTED
[22Jun2025 03:48:20.510] [Netty Epoll Server IO #2/DEBUG] [net.minecraftforge.network.NetworkRegistry/NETREGISTRY]: Channel 'journeymap:admin_req' : Version test of '1' from client : ACCEPTED
[22Jun2025 03:48:20.510] [Netty Epoll Server IO #2/DEBUG] [net.minecraftforge.network.NetworkRegistry/NETREGISTRY]: Channel 'journeymap:mp_options_req' : Version test of '1' from client : ACCEPTED
[22Jun2025 03:48:20.510] [Netty Epoll Server IO #2/DEBUG] [net.minecraftforge.network.NetworkRegistry/NETREGISTRY]: Channel 'journeymap:waypoint' : Version test of '1' from client : ACCEPTED
[22Jun2025 03:48:20.511] [Netty Epoll Server IO #2/DEBUG] [net.minecraftforge.network.NetworkRegistry/NETREGISTRY]: Channel 'fml:loginwrapper' : Version test of 'FML3' from client : ACCEPTED
[22Jun2025 03:48:20.511] [Netty Epoll Server IO #2/DEBUG] [net.minecraftforge.network.NetworkRegistry/NETREGISTRY]: Channel 'enchantinginfuser:1' : Version test of '1' from client : ACCEPTED
[22Jun2025 03:48:20.511] [Netty Epoll Server IO #2/DEBUG] [net.minecraftforge.network.NetworkRegistry/NETREGISTRY]: Channel 'forge:tier_sorting' : Version test of '1.0' from client : ACCEPTED
[22Jun2025 03:48:20.511] [Netty Epoll Server IO #2/DEBUG] [net.minecraftforge.network.NetworkRegistry/NETREGISTRY]: Channel 'spectrelib:main' : Version test of '1' from client : ACCEPTED
[22Jun2025 03:48:20.511] [Netty Epoll Server IO #2/DEBUG] [net.minecraftforge.network.NetworkRegistry/NETREGISTRY]: Channel 'l2screentracker:main' : Version test of '1' from client : ACCEPTED
[22Jun2025 03:48:20.511] [Netty Epoll Server IO #2/DEBUG] [net.minecraftforge.network.NetworkRegistry/NETREGISTRY]: Channel 'l2weaponry:main' : Version test of '1' from client : ACCEPTED
[22Jun2025 03:48:20.511] [Netty Epoll Server IO #2/DEBUG] [net.minecraftforge.network.NetworkRegistry/NETREGISTRY]: Channel 'fml:play' : Version test of 'FML3' from client : ACCEPTED
[22Jun2025 03:48:20.511] [Netty Epoll Server IO #2/DEBUG] [net.minecraftforge.network.NetworkRegistry/NETREGISTRY]: Channel 'journeymap:admin_save' : Version test of '1' from client : ACCEPTED
[22Jun2025 03:48:20.511] [Netty Epoll Server IO #2/DEBUG] [net.minecraftforge.network.NetworkRegistry/NETREGISTRY]: Channel 'journeymap:player_loc' : Version test of '1' from client : ACCEPTED
[22Jun2025 03:48:20.511] [Netty Epoll Server IO #2/DEBUG] [net.minecraftforge.network.NetworkRegistry/NETREGISTRY]: Channel 'fcl:channel' : Version test of 'fcl' from client : ACCEPTED
[22Jun2025 03:48:20.511] [Netty Epoll Server IO #2/DEBUG] [net.minecraftforge.network.NetworkRegistry/NETREGISTRY]: Channel 'sophisticatedcore:channel' : Version test of '1' from client : ACCEPTED
[22Jun2025 03:48:20.511] [Netty Epoll Server IO #2/DEBUG] [net.minecraftforge.network.NetworkRegistry/NETREGISTRY]: Channel 'journeymap:teleport_req' : Version test of '1' from client : ACCEPTED
[22Jun2025 03:48:20.511] [Netty Epoll Server IO #2/DEBUG] [net.minecraftforge.network.NetworkRegistry/NETREGISTRY]: Channel 'caelus:main' : Version test of '1' from client : ACCEPTED
[22Jun2025 03:48:20.512] [Netty Epoll Server IO #2/DEBUG] [net.minecraftforge.network.NetworkRegistry/NETREGISTRY]: Channel 'fml:handshake' : Version test of 'FML3' from client : ACCEPTED
[22Jun2025 03:48:20.512] [Netty Epoll Server IO #2/DEBUG] [net.minecraftforge.network.NetworkRegistry/NETREGISTRY]: Channel 'journeymap:common' : Version test of '1' from client : ACCEPTED
[22Jun2025 03:48:20.512] [Netty Epoll Server IO #2/DEBUG] [net.minecraftforge.network.NetworkRegistry/NETREGISTRY]: Channel 'minecraft:register' : Version test of 'FML3' from client : ACCEPTED
[22Jun2025 03:48:20.512] [Netty Epoll Server IO #2/DEBUG] [net.minecraftforge.network.NetworkRegistry/NETREGISTRY]: Channel 'oceanic_delight:oceanic_delight' : Version test of '1' from client : ACCEPTED
[22Jun2025 03:48:20.512] [Netty Epoll Server IO #2/DEBUG] [net.minecraftforge.network.NetworkRegistry/NETREGISTRY]: Channel 'forge:split' : Version test of '1.1' from client : ACCEPTED
[22Jun2025 03:48:20.512] [Netty Epoll Server IO #2/DEBUG] [net.minecraftforge.network.NetworkRegistry/NETREGISTRY]: Channel 'journeymap:perm_req' : Version test of '1' from client : ACCEPTED
[22Jun2025 03:48:20.512] [Netty Epoll Server IO #2/DEBUG] [net.minecraftforge.network.NetworkRegistry/NETREGISTRY]: Channel 'geckolib:main' : Version test of '1' from client : ACCEPTED
[22Jun2025 03:48:20.513] [Netty Epoll Server IO #2/DEBUG] [net.minecraftforge.network.NetworkRegistry/NETREGISTRY]: Channel 'enemyexpansion:enemyexpansion' : Version test of '1' from client : ACCEPTED
[22Jun2025 03:48:20.513] [Netty Epoll Server IO #2/DEBUG] [net.minecraftforge.network.NetworkRegistry/NETREGISTRY]: Accepting channel list from client
[22Jun2025 03:48:20.515] [Netty Epoll Server IO #2/DEBUG] [net.minecraftforge.network.HandshakeHandler/FMLHANDSHAKE]: Accepted client connection mod list
[22Jun2025 03:48:20.517] [Netty Epoll Server IO #2/DEBUG] [net.minecraftforge.network.LoginWrapper/FMLHANDSHAKE]: Recieved login wrapper packet event for channel fml:handshake with index 2
[22Jun2025 03:48:20.524] [Netty Epoll Server IO #2/DEBUG] [net.minecraftforge.network.HandshakeHandler/FMLHANDSHAKE]: Received client indexed reply 2 of type net.minecraftforge.network.HandshakeMessages$C2SAcknowledge
[22Jun2025 03:48:20.525] [Netty Epoll Server IO #2/DEBUG] [net.minecraftforge.network.HandshakeHandler/FMLHANDSHAKE]: Received acknowledgement from client
[22Jun2025 03:48:20.535] [Server thread/DEBUG] [net.minecraftforge.network.HandshakeHandler/FMLHANDSHAKE]: Sending ticking packet info 'Registry minecraft:particle_type' to 'fml:handshake' sequence 5
[22Jun2025 03:48:20.584] [Netty Epoll Server IO #2/DEBUG] [net.minecraftforge.network.LoginWrapper/FMLHANDSHAKE]: Recieved login wrapper packet event for channel fml:handshake with index 3
[22Jun2025 03:48:20.584] [Netty Epoll Server IO #2/DEBUG] [net.minecraftforge.network.HandshakeHandler/FMLHANDSHAKE]: Received client indexed reply 3 of type net.minecraftforge.network.HandshakeMessages$C2SAcknowledge
[22Jun2025 03:48:20.585] [Netty Epoll Server IO #2/DEBUG] [net.minecraftforge.network.HandshakeHandler/FMLHANDSHAKE]: Received acknowledgement from client
[22Jun2025 03:48:20.588] [Server thread/DEBUG] [net.minecraftforge.network.HandshakeHandler/FMLHANDSHAKE]: Sending ticking packet info 'Registry minecraft:villager_profession' to 'fml:handshake' sequence 6
[22Jun2025 03:48:20.634] [Server thread/DEBUG] [net.minecraftforge.network.HandshakeHandler/FMLHANDSHAKE]: Sending ticking packet info 'Registry minecraft:item' to 'fml:handshake' sequence 7
[22Jun2025 03:48:20.683] [Server thread/DEBUG] [net.minecraftforge.network.HandshakeHandler/FMLHANDSHAKE]: Sending ticking packet info 'Registry minecraft:potion' to 'fml:handshake' sequence 8
[22Jun2025 03:48:20.733] [Server thread/DEBUG] [net.minecraftforge.network.HandshakeHandler/FMLHANDSHAKE]: Sending ticking packet info 'Registry minecraft:painting_variant' to 'fml:handshake' sequence 9
[22Jun2025 03:48:20.774] [Netty Epoll Server IO #2/DEBUG] [net.minecraftforge.network.LoginWrapper/FMLHANDSHAKE]: Recieved login wrapper packet event for channel fml:handshake with index 4
[22Jun2025 03:48:20.774] [Netty Epoll Server IO #2/DEBUG] [net.minecraftforge.network.HandshakeHandler/FMLHANDSHAKE]: Received client indexed reply 4 of type net.minecraftforge.network.HandshakeMessages$C2SAcknowledge
[22Jun2025 03:48:20.774] [Netty Epoll Server IO #2/DEBUG] [net.minecraftforge.network.HandshakeHandler/FMLHANDSHAKE]: Received acknowledgement from client
[22Jun2025 03:48:20.784] [Server thread/DEBUG] [net.minecraftforge.network.HandshakeHandler/FMLHANDSHAKE]: Sending ticking packet info 'Registry forge:fluid_type' to 'fml:handshake' sequence 10
[22Jun2025 03:48:20.785] [Netty Epoll Server IO #2/DEBUG] [net.minecraftforge.network.LoginWrapper/FMLHANDSHAKE]: Recieved login wrapper packet event for channel fml:handshake with index 5
[22Jun2025 03:48:20.786] [Netty Epoll Server IO #2/DEBUG] [net.minecraftforge.network.HandshakeHandler/FMLHANDSHAKE]: Received client indexed reply 5 of type net.minecraftforge.network.HandshakeMessages$C2SAcknowledge
[22Jun2025 03:48:20.786] [Netty Epoll Server IO #2/DEBUG] [net.minecraftforge.network.HandshakeHandler/FMLHANDSHAKE]: Received acknowledgement from client
[22Jun2025 03:48:20.786] [Netty Epoll Server IO #2/DEBUG] [net.minecraftforge.network.LoginWrapper/FMLHANDSHAKE]: Recieved login wrapper packet event for channel fml:handshake with index 6
[22Jun2025 03:48:20.786] [Netty Epoll Server IO #2/DEBUG] [net.minecraftforge.network.HandshakeHandler/FMLHANDSHAKE]: Received client indexed reply 6 of type net.minecraftforge.network.HandshakeMessages$C2SAcknowledge
[22Jun2025 03:48:20.786] [Netty Epoll Server IO #2/DEBUG] [net.minecraftforge.network.HandshakeHandler/FMLHANDSHAKE]: Received acknowledgement from client
[22Jun2025 03:48:20.834] [Server thread/DEBUG] [net.minecraftforge.network.HandshakeHandler/FMLHANDSHAKE]: Sending ticking packet info 'Registry minecraft:block_entity_type' to 'fml:handshake' sequence 11
[22Jun2025 03:48:20.883] [Server thread/DEBUG] [net.minecraftforge.network.HandshakeHandler/FMLHANDSHAKE]: Sending ticking packet info 'Registry forge:display_contexts' to 'fml:handshake' sequence 12
[22Jun2025 03:48:20.934] [Server thread/DEBUG] [net.minecraftforge.network.HandshakeHandler/FMLHANDSHAKE]: Sending ticking packet info 'Registry minecraft:block' to 'fml:handshake' sequence 13
[22Jun2025 03:48:20.970] [Netty Epoll Server IO #2/DEBUG] [net.minecraftforge.network.LoginWrapper/FMLHANDSHAKE]: Recieved login wrapper packet event for channel fml:handshake with index 7
[22Jun2025 03:48:20.970] [Netty Epoll Server IO #2/DEBUG] [net.minecraftforge.network.HandshakeHandler/FMLHANDSHAKE]: Received client indexed reply 7 of type net.minecraftforge.network.HandshakeMessages$C2SAcknowledge
[22Jun2025 03:48:20.970] [Netty Epoll Server IO #2/DEBUG] [net.minecraftforge.network.HandshakeHandler/FMLHANDSHAKE]: Received acknowledgement from client
[22Jun2025 03:48:20.970] [Netty Epoll Server IO #2/DEBUG] [net.minecraftforge.network.LoginWrapper/FMLHANDSHAKE]: Recieved login wrapper packet event for channel fml:handshake with index 8
[22Jun2025 03:48:20.970] [Netty Epoll Server IO #2/DEBUG] [net.minecraftforge.network.HandshakeHandler/FMLHANDSHAKE]: Received client indexed reply 8 of type net.minecraftforge.network.HandshakeMessages$C2SAcknowledge
[22Jun2025 03:48:20.970] [Netty Epoll Server IO #2/DEBUG] [net.minecraftforge.network.HandshakeHandler/FMLHANDSHAKE]: Received acknowledgement from client
[22Jun2025 03:48:20.977] [Netty Epoll Server IO #2/DEBUG] [net.minecraftforge.network.LoginWrapper/FMLHANDSHAKE]: Recieved login wrapper packet event for channel fml:handshake with index 9
[22Jun2025 03:48:20.977] [Netty Epoll Server IO #2/DEBUG] [net.minecraftforge.network.HandshakeHandler/FMLHANDSHAKE]: Received client indexed reply 9 of type net.minecraftforge.network.HandshakeMessages$C2SAcknowledge
[22Jun2025 03:48:20.977] [Netty Epoll Server IO #2/DEBUG] [net.minecraftforge.network.HandshakeHandler/FMLHANDSHAKE]: Received acknowledgement from client
[22Jun2025 03:48:20.977] [Netty Epoll Server IO #2/DEBUG] [net.minecraftforge.network.LoginWrapper/FMLHANDSHAKE]: Recieved login wrapper packet event for channel fml:handshake with index 10
[22Jun2025 03:48:20.977] [Netty Epoll Server IO #2/DEBUG] [net.minecraftforge.network.HandshakeHandler/FMLHANDSHAKE]: Received client indexed reply 10 of type net.minecraftforge.network.HandshakeMessages$C2SAcknowledge
[22Jun2025 03:48:20.977] [Netty Epoll Server IO #2/DEBUG] [net.minecraftforge.network.HandshakeHandler/FMLHANDSHAKE]: Received acknowledgement from client
[22Jun2025 03:48:20.981] [Netty Epoll Server IO #2/DEBUG] [net.minecraftforge.network.LoginWrapper/FMLHANDSHAKE]: Recieved login wrapper packet event for channel fml:handshake with index 11
[22Jun2025 03:48:20.982] [Netty Epoll Server IO #2/DEBUG] [net.minecraftforge.network.HandshakeHandler/FMLHANDSHAKE]: Received client indexed reply 11 of type net.minecraftforge.network.HandshakeMessages$C2SAcknowledge
[22Jun2025 03:48:20.982] [Netty Epoll Server IO #2/DEBUG] [net.minecraftforge.network.HandshakeHandler/FMLHANDSHAKE]: Received acknowledgement from client
[22Jun2025 03:48:20.985] [Server thread/DEBUG] [net.minecraftforge.network.HandshakeHandler/FMLHANDSHAKE]: Sending ticking packet info 'Registry forge:entity_data_serializers' to 'fml:handshake' sequence 14
[22Jun2025 03:48:21.030] [Netty Epoll Server IO #2/DEBUG] [net.minecraftforge.network.LoginWrapper/FMLHANDSHAKE]: Recieved login wrapper packet event for channel fml:handshake with index 12
[22Jun2025 03:48:21.030] [Netty Epoll Server IO #2/DEBUG] [net.minecraftforge.network.HandshakeHandler/FMLHANDSHAKE]: Received client indexed reply 12 of type net.minecraftforge.network.HandshakeMessages$C2SAcknowledge
[22Jun2025 03:48:21.030] [Netty Epoll Server IO #2/DEBUG] [net.minecraftforge.network.HandshakeHandler/FMLHANDSHAKE]: Received acknowledgement from client
[22Jun2025 03:48:21.035] [Server thread/DEBUG] [net.minecraftforge.network.HandshakeHandler/FMLHANDSHAKE]: Sending ticking packet info 'Registry minecraft:mob_effect' to 'fml:handshake' sequence 15
[22Jun2025 03:48:21.085] [Server thread/DEBUG] [net.minecraftforge.network.HandshakeHandler/FMLHANDSHAKE]: Sending ticking packet info 'Registry minecraft:stat_type' to 'fml:handshake' sequence 16
[22Jun2025 03:48:21.133] [Server thread/DEBUG] [net.minecraftforge.network.HandshakeHandler/FMLHANDSHAKE]: Sending ticking packet info 'Registry l2screentracker:tracked_entry_type' to 'fml:handshake' sequence 17
[22Jun2025 03:48:21.161] [Netty Epoll Server IO #2/DEBUG] [net.minecraftforge.network.LoginWrapper/FMLHANDSHAKE]: Recieved login wrapper packet event for channel fml:handshake with index 13
[22Jun2025 03:48:21.162] [Netty Epoll Server IO #2/DEBUG] [net.minecraftforge.network.HandshakeHandler/FMLHANDSHAKE]: Received client indexed reply 13 of type net.minecraftforge.network.HandshakeMessages$C2SAcknowledge
[22Jun2025 03:48:21.162] [Netty Epoll Server IO #2/DEBUG] [net.minecraftforge.network.HandshakeHandler/FMLHANDSHAKE]: Received acknowledgement from client
[22Jun2025 03:48:21.162] [Netty Epoll Server IO #2/DEBUG] [net.minecraftforge.network.LoginWrapper/FMLHANDSHAKE]: Recieved login wrapper packet event for channel fml:handshake with index 14
[22Jun2025 03:48:21.162] [Netty Epoll Server IO #2/DEBUG] [net.minecraftforge.network.HandshakeHandler/FMLHANDSHAKE]: Received client indexed reply 14 of type net.minecraftforge.network.HandshakeMessages$C2SAcknowledge
[22Jun2025 03:48:21.162] [Netty Epoll Server IO #2/DEBUG] [net.minecraftforge.network.HandshakeHandler/FMLHANDSHAKE]: Received acknowledgement from client
[22Jun2025 03:48:21.184] [Server thread/DEBUG] [net.minecraftforge.network.HandshakeHandler/FMLHANDSHAKE]: Sending ticking packet info 'Registry minecraft:menu' to 'fml:handshake' sequence 18
[22Jun2025 03:48:21.187] [Netty Epoll Server IO #2/DEBUG] [net.minecraftforge.network.LoginWrapper/FMLHANDSHAKE]: Recieved login wrapper packet event for channel fml:handshake with index 15
[22Jun2025 03:48:21.188] [Netty Epoll Server IO #2/DEBUG] [net.minecraftforge.network.HandshakeHandler/FMLHANDSHAKE]: Received client indexed reply 15 of type net.minecraftforge.network.HandshakeMessages$C2SAcknowledge
[22Jun2025 03:48:21.188] [Netty Epoll Server IO #2/DEBUG] [net.minecraftforge.network.HandshakeHandler/FMLHANDSHAKE]: Received acknowledgement from client
[22Jun2025 03:48:21.236] [Server thread/DEBUG] [net.minecraftforge.network.HandshakeHandler/FMLHANDSHAKE]: Sending ticking packet info 'Registry l2screentracker:item_source' to 'fml:handshake' sequence 19
[22Jun2025 03:48:21.249] [Netty Epoll Server IO #2/DEBUG] [net.minecraftforge.network.LoginWrapper/FMLHANDSHAKE]: Recieved login wrapper packet event for channel fml:handshake with index 16
[22Jun2025 03:48:21.249] [Netty Epoll Server IO #2/DEBUG] [net.minecraftforge.network.HandshakeHandler/FMLHANDSHAKE]: Received client indexed reply 16 of type net.minecraftforge.network.HandshakeMessages$C2SAcknowledge
[22Jun2025 03:48:21.249] [Netty Epoll Server IO #2/DEBUG] [net.minecraftforge.network.HandshakeHandler/FMLHANDSHAKE]: Received acknowledgement from client
[22Jun2025 03:48:21.250] [Netty Epoll Server IO #2/DEBUG] [net.minecraftforge.network.LoginWrapper/FMLHANDSHAKE]: Recieved login wrapper packet event for channel fml:handshake with index 17
[22Jun2025 03:48:21.250] [Netty Epoll Server IO #2/DEBUG] [net.minecraftforge.network.HandshakeHandler/FMLHANDSHAKE]: Received client indexed reply 17 of type net.minecraftforge.network.HandshakeMessages$C2SAcknowledge
[22Jun2025 03:48:21.250] [Netty Epoll Server IO #2/DEBUG] [net.minecraftforge.network.HandshakeHandler/FMLHANDSHAKE]: Received acknowledgement from client
[22Jun2025 03:48:21.285] [Server thread/DEBUG] [net.minecraftforge.network.HandshakeHandler/FMLHANDSHAKE]: Sending ticking packet info 'Registry minecraft:enchantment' to 'fml:handshake' sequence 20
[22Jun2025 03:48:21.333] [Server thread/DEBUG] [net.minecraftforge.network.HandshakeHandler/FMLHANDSHAKE]: Sending ticking packet info 'Registry minecraft:fluid' to 'fml:handshake' sequence 21
[22Jun2025 03:48:21.343] [Netty Epoll Server IO #2/DEBUG] [net.minecraftforge.network.LoginWrapper/FMLHANDSHAKE]: Recieved login wrapper packet event for channel fml:handshake with index 18
[22Jun2025 03:48:21.343] [Netty Epoll Server IO #2/DEBUG] [net.minecraftforge.network.HandshakeHandler/FMLHANDSHAKE]: Received client indexed reply 18 of type net.minecraftforge.network.HandshakeMessages$C2SAcknowledge
[22Jun2025 03:48:21.343] [Netty Epoll Server IO #2/DEBUG] [net.minecraftforge.network.HandshakeHandler/FMLHANDSHAKE]: Received acknowledgement from client
[22Jun2025 03:48:21.383] [Server thread/DEBUG] [net.minecraftforge.network.HandshakeHandler/FMLHANDSHAKE]: Sending ticking packet info 'Registry minecraft:entity_type' to 'fml:handshake' sequence 22
[22Jun2025 03:48:21.384] [Netty Epoll Server IO #2/DEBUG] [net.minecraftforge.network.LoginWrapper/FMLHANDSHAKE]: Recieved login wrapper packet event for channel fml:handshake with index 19
[22Jun2025 03:48:21.384] [Netty Epoll Server IO #2/DEBUG] [net.minecraftforge.network.HandshakeHandler/FMLHANDSHAKE]: Received client indexed reply 19 of type net.minecraftforge.network.HandshakeMessages$C2SAcknowledge
[22Jun2025 03:48:21.385] [Netty Epoll Server IO #2/DEBUG] [net.minecraftforge.network.HandshakeHandler/FMLHANDSHAKE]: Received acknowledgement from client
[22Jun2025 03:48:21.433] [Server thread/DEBUG] [net.minecraftforge.network.HandshakeHandler/FMLHANDSHAKE]: Sending ticking packet info 'Config parcool-server.toml' to 'fml:handshake' sequence 23
[22Jun2025 03:48:21.437] [Netty Epoll Server IO #2/DEBUG] [net.minecraftforge.network.LoginWrapper/FMLHANDSHAKE]: Recieved login wrapper packet event for channel fml:handshake with index 20
[22Jun2025 03:48:21.439] [Netty Epoll Server IO #2/DEBUG] [net.minecraftforge.network.HandshakeHandler/FMLHANDSHAKE]: Received client indexed reply 20 of type net.minecraftforge.network.HandshakeMessages$C2SAcknowledge
[22Jun2025 03:48:21.439] [Netty Epoll Server IO #2/DEBUG] [net.minecraftforge.network.HandshakeHandler/FMLHANDSHAKE]: Received acknowledgement from client
[22Jun2025 03:48:21.477] [Netty Epoll Server IO #2/DEBUG] [net.minecraftforge.network.LoginWrapper/FMLHANDSHAKE]: Recieved login wrapper packet event for channel fml:handshake with index 21
[22Jun2025 03:48:21.477] [Netty Epoll Server IO #2/DEBUG] [net.minecraftforge.network.HandshakeHandler/FMLHANDSHAKE]: Received client indexed reply 21 of type net.minecraftforge.network.HandshakeMessages$C2SAcknowledge
[22Jun2025 03:48:21.477] [Netty Epoll Server IO #2/DEBUG] [net.minecraftforge.network.HandshakeHandler/FMLHANDSHAKE]: Received acknowledgement from client
[22Jun2025 03:48:21.484] [Server thread/DEBUG] [net.minecraftforge.network.HandshakeHandler/FMLHANDSHAKE]: Sending ticking packet info 'Config journeymap-server.toml' to 'fml:handshake' sequence 24
[22Jun2025 03:48:21.537] [Server thread/DEBUG] [net.minecraftforge.network.HandshakeHandler/FMLHANDSHAKE]: Sending ticking packet info 'Config advancednetherite-server.toml' to 'fml:handshake' sequence 25
[22Jun2025 03:48:21.585] [Server thread/DEBUG] [net.minecraftforge.network.HandshakeHandler/FMLHANDSHAKE]: Sending ticking packet info 'Config sophisticatedbackpacks-server.toml' to 'fml:handshake' sequence 26
[22Jun2025 03:48:21.607] [Netty Epoll Server IO #2/DEBUG] [net.minecraftforge.network.LoginWrapper/FMLHANDSHAKE]: Recieved login wrapper packet event for channel fml:handshake with index 22
[22Jun2025 03:48:21.607] [Netty Epoll Server IO #2/DEBUG] [net.minecraftforge.network.HandshakeHandler/FMLHANDSHAKE]: Received client indexed reply 22 of type net.minecraftforge.network.HandshakeMessages$C2SAcknowledge
[22Jun2025 03:48:21.607] [Netty Epoll Server IO #2/DEBUG] [net.minecraftforge.network.HandshakeHandler/FMLHANDSHAKE]: Received acknowledgement from client
[22Jun2025 03:48:21.635] [Server thread/DEBUG] [net.minecraftforge.network.HandshakeHandler/FMLHANDSHAKE]: Sending ticking packet info 'Config enchantinginfuser-server.toml' to 'fml:handshake' sequence 27
[22Jun2025 03:48:21.636] [Netty Epoll Server IO #2/DEBUG] [net.minecraftforge.network.LoginWrapper/FMLHANDSHAKE]: Recieved login wrapper packet event for channel fml:handshake with index 23
[22Jun2025 03:48:21.636] [Netty Epoll Server IO #2/DEBUG] [net.minecraftforge.network.HandshakeHandler/FMLHANDSHAKE]: Received client indexed reply 23 of type net.minecraftforge.network.HandshakeMessages$C2SAcknowledge
[22Jun2025 03:48:21.637] [Netty Epoll Server IO #2/DEBUG] [net.minecraftforge.network.HandshakeHandler/FMLHANDSHAKE]: Received acknowledgement from client
[22Jun2025 03:48:21.637] [Netty Epoll Server IO #2/DEBUG] [net.minecraftforge.network.LoginWrapper/FMLHANDSHAKE]: Recieved login wrapper packet event for channel fml:handshake with index 24
[22Jun2025 03:48:21.637] [Netty Epoll Server IO #2/DEBUG] [net.minecraftforge.network.HandshakeHandler/FMLHANDSHAKE]: Received client indexed reply 24 of type net.minecraftforge.network.HandshakeMessages$C2SAcknowledge
[22Jun2025 03:48:21.637] [Netty Epoll Server IO #2/DEBUG] [net.minecraftforge.network.HandshakeHandler/FMLHANDSHAKE]: Received acknowledgement from client
[22Jun2025 03:48:21.681] [Netty Epoll Server IO #2/DEBUG] [net.minecraftforge.network.LoginWrapper/FMLHANDSHAKE]: Recieved login wrapper packet event for channel fml:handshake with index 25
[22Jun2025 03:48:21.681] [Netty Epoll Server IO #2/DEBUG] [net.minecraftforge.network.HandshakeHandler/FMLHANDSHAKE]: Received client indexed reply 25 of type net.minecraftforge.network.HandshakeMessages$C2SAcknowledge
[22Jun2025 03:48:21.682] [Netty Epoll Server IO #2/DEBUG] [net.minecraftforge.network.HandshakeHandler/FMLHANDSHAKE]: Received acknowledgement from client
[22Jun2025 03:48:21.684] [Server thread/DEBUG] [net.minecraftforge.network.HandshakeHandler/FMLHANDSHAKE]: Sending ticking packet info 'Config jei-server.toml' to 'fml:handshake' sequence 28
[22Jun2025 03:48:21.720] [Netty Epoll Server IO #2/DEBUG] [net.minecraftforge.network.LoginWrapper/FMLHANDSHAKE]: Recieved login wrapper packet event for channel fml:handshake with index 26
[22Jun2025 03:48:21.720] [Netty Epoll Server IO #2/DEBUG] [net.minecraftforge.network.HandshakeHandler/FMLHANDSHAKE]: Received client indexed reply 26 of type net.minecraftforge.network.HandshakeMessages$C2SAcknowledge
[22Jun2025 03:48:21.720] [Netty Epoll Server IO #2/DEBUG] [net.minecraftforge.network.HandshakeHandler/FMLHANDSHAKE]: Received acknowledgement from client
[22Jun2025 03:48:21.735] [Server thread/DEBUG] [net.minecraftforge.network.HandshakeHandler/FMLHANDSHAKE]: Sending ticking packet info 'Config forge-server.toml' to 'fml:handshake' sequence 29
[22Jun2025 03:48:21.783] [Netty Epoll Server IO #2/DEBUG] [net.minecraftforge.network.LoginWrapper/FMLHANDSHAKE]: Recieved login wrapper packet event for channel fml:handshake with index 27
[22Jun2025 03:48:21.785] [Netty Epoll Server IO #2/DEBUG] [net.minecraftforge.network.HandshakeHandler/FMLHANDSHAKE]: Received client indexed reply 27 of type net.minecraftforge.network.HandshakeMessages$C2SAcknowledge
[22Jun2025 03:48:21.785] [Netty Epoll Server IO #2/DEBUG] [net.minecraftforge.network.HandshakeHandler/FMLHANDSHAKE]: Received acknowledgement from client
[22Jun2025 03:48:21.823] [Netty Epoll Server IO #2/DEBUG] [net.minecraftforge.network.LoginWrapper/FMLHANDSHAKE]: Recieved login wrapper packet event for channel fml:handshake with index 28
[22Jun2025 03:48:21.823] [Netty Epoll Server IO #2/DEBUG] [net.minecraftforge.network.HandshakeHandler/FMLHANDSHAKE]: Received client indexed reply 28 of type net.minecraftforge.network.HandshakeMessages$C2SAcknowledge
[22Jun2025 03:48:21.823] [Netty Epoll Server IO #2/DEBUG] [net.minecraftforge.network.HandshakeHandler/FMLHANDSHAKE]: Received acknowledgement from client
[22Jun2025 03:48:21.905] [Netty Epoll Server IO #2/DEBUG] [net.minecraftforge.network.LoginWrapper/FMLHANDSHAKE]: Recieved login wrapper packet event for channel fml:handshake with index 29
[22Jun2025 03:48:21.905] [Netty Epoll Server IO #2/DEBUG] [net.minecraftforge.network.HandshakeHandler/FMLHANDSHAKE]: Received client indexed reply 29 of type net.minecraftforge.network.HandshakeMessages$C2SAcknowledge
[22Jun2025 03:48:21.906] [Netty Epoll Server IO #2/DEBUG] [net.minecraftforge.network.HandshakeHandler/FMLHANDSHAKE]: Received acknowledgement from client
[22Jun2025 03:48:21.935] [Server thread/DEBUG] [net.minecraftforge.network.HandshakeHandler/FMLHANDSHAKE]: Handshake complete!
[22Jun2025 03:48:21.993] [Netty Epoll Server IO #2/DEBUG] [mixin/]: Mixing CompressionDecoderMixin from connectivity.mixins.json into net.minecraft.network.CompressionDecoder
[22Jun2025 03:48:22.005] [Netty Epoll Server IO #2/DEBUG] [mixin/]: Mixing CompressionEncoderMixin from connectivity.mixins.json into net.minecraft.network.CompressionEncoder
[22Jun2025 03:48:22.723] [Server thread/INFO] [net.minecraft.server.players.PlayerList/]: Angeltronix7005[/127.13.104.245:41039] logged in with entity id 1 at (-177.0539373630454, 84.0, -171.5746985776774)
[22Jun2025 03:48:22.738] [Server thread/DEBUG] [net.minecraftforge.network.filters.NetworkFilters/]: Injected net.minecraftforge.network.filters.ForgeConnectionNetworkFilter@6f68e621 into net.minecraft.network.Connection@7daf4131
[22Jun2025 03:48:22.790] [Server thread/DEBUG] [ModernFix/]: Sending ID correction packet to client with 82 classes
[22Jun2025 03:48:23.033] [Server thread/INFO] [net.minecraft.server.MinecraftServer/]: Angeltronix7005 joined the game
[22Jun2025 03:48:23.118] [Server thread/DEBUG] [mixin/]: Mixing ServerEntityMixin from l2tabs.mixins.json into net.minecraft.server.level.ServerEntity
[22Jun2025 03:48:23.318] [Server thread/INFO] [net.fexcraft.mod.fsmm.FSMM/]: Loading account of literal{Angeltronix7005} || 3d0eb397-de0a-3271-9aff-8fc4e429df75
[22Jun2025 03:48:23.442] [Server thread/INFO] [com.alrex.parcool.ParCool/]: Limitation of 3d0eb397-de0a-3271-9aff-8fc4e429df75 was loaded
[22Jun2025 03:48:25.399] [Server thread/WARN] [net.minecraft.server.MinecraftServer/]: Can't keep up! Is the server overloaded? Running 3316ms or 66 ticks behind
[22Jun2025 03:48:27.488] [Server thread/DEBUG] [io.netty.util.internal.ThreadLocalRandom/]: -Dio.netty.initialSeedUniquifier: 0x691e40c090c9aae0
[22Jun2025 03:48:28.024] [Server thread/DEBUG] [mixin/]: Mixing common.chunk.EmptyLevelChunkMixin from starlight.mixins.json into net.minecraft.world.level.chunk.EmptyLevelChunk
[22Jun2025 03:48:44.540] [Server thread/DEBUG] [mixin/]: Mixing accessor.BoundingBoxAccessor from yungsapi.mixins.json into net.minecraft.world.level.levelgen.structure.BoundingBox
[22Jun2025 03:48:45.828] [Server thread/WARN] [net.minecraft.server.MinecraftServer/]: Can't keep up! Is the server overloaded? Running 5446ms or 108 ticks behind
[22Jun2025 03:48:46.449] [Server thread/DEBUG] [net.minecraftforge.coremod.transformer.CoreModBaseTransformer/COREMOD]: Transforming net/minecraft/world/level/levelgen/structure/templatesystem/StructureTemplate
[22Jun2025 03:48:46.499] [Server thread/DEBUG] [mixin/]: Mixing StructureTemplateMixin from betterjungletemples.mixins.json into net.minecraft.world.level.levelgen.structure.templatesystem.StructureTemplate
[22Jun2025 03:48:46.499] [Server thread/DEBUG] [mixin/]: Renaming synthetic method lambda$betterjungletemples_preventAutoWaterlogging$0(Lnet/minecraft/world/level/levelgen/structure/templatesystem/StructureProcessor;)Z to md1cdd9f$lambda$betterjungletemples_preventAutoWaterlogging$0$0 in betterjungletemples.mixins.json:StructureTemplateMixin
[22Jun2025 03:49:07.053] [Netty Epoll Server IO #1/DEBUG] [net.minecraftforge.network.HandshakeHandler/FMLHANDSHAKE]: Starting new modded impl connection. Found 30 messages to dispatch.
[22Jun2025 03:49:07.096] [Server thread/DEBUG] [net.minecraftforge.network.HandshakeHandler/FMLHANDSHAKE]: Sending ticking packet info 'net.minecraftforge.network.HandshakeMessages$S2CModData' to 'fml:handshake' sequence 0
[22Jun2025 03:49:07.150] [Server thread/DEBUG] [net.minecraftforge.network.HandshakeHandler/FMLHANDSHAKE]: Sending ticking packet info 'net.minecraftforge.network.HandshakeMessages$S2CModList' to 'fml:handshake' sequence 1
[22Jun2025 03:49:07.194] [Server thread/DEBUG] [net.minecraftforge.network.HandshakeHandler/FMLHANDSHAKE]: Sending ticking packet info 'Registry minecraft:command_argument_type' to 'fml:handshake' sequence 2
[22Jun2025 03:49:07.253] [Server thread/DEBUG] [net.minecraftforge.network.HandshakeHandler/FMLHANDSHAKE]: Sending ticking packet info 'Registry minecraft:recipe_serializer' to 'fml:handshake' sequence 3
[22Jun2025 03:49:07.293] [Server thread/DEBUG] [net.minecraftforge.network.HandshakeHandler/FMLHANDSHAKE]: Sending ticking packet info 'Registry minecraft:sound_event' to 'fml:handshake' sequence 4
[22Jun2025 03:49:07.307] [Netty Epoll Server IO #1/DEBUG] [net.minecraftforge.network.LoginWrapper/FMLHANDSHAKE]: Recieved login wrapper packet event for channel fml:handshake with index 1
[22Jun2025 03:49:07.307] [Netty Epoll Server IO #1/DEBUG] [net.minecraftforge.network.HandshakeHandler/FMLHANDSHAKE]: Received client indexed reply 1 of type net.minecraftforge.network.HandshakeMessages$C2SModListReply
[22Jun2025 03:49:07.307] [Netty Epoll Server IO #1/DEBUG] [net.minecraftforge.network.HandshakeHandler/FMLHANDSHAKE]: Received client connection with modlist [geckolib, limitedchunks, moregateways, rotten_flesh_to_leather, connectivity, caelus, sophisticatedcore, colytra, villagernames, mcwpaintings, fastsuite, journeymap, fastasyncworldsave, placebo, modernfix, jei, yungsapi, mixinextras, sophisticatedbackpacks, starlight, oceanic_delight, fpsreducer, memoryleakfix, puzzlesaccessapi, betterfortresses, cloth_config, forge, embeddium, rubidium, chloride, more_slabs_stairs_and_walls, enemyexpansion, minecraft, smoothchunk, farmersdelight, skinnedlanterns, fcl, fsmm, spectrelib, ksyxis, collective, advancednetherite, storagedrawers, parcool, mr_dungeons_andtaverns, betterstrongholds, immediatelyfast, rusticdelight, architectury, octolib, nerb, appleskin, ferritecore, cupboard, betterendisland, puzzleslib, fallingtree, l2library, l2tabs, l2complements, l2weaponry, l2screentracker, l2damagetracker, l2itemselector, bettermineshafts, fsmmshop, enchantinginfuser, healingcampfire, betterjungletemples]
[22Jun2025 03:49:07.308] [Netty Epoll Server IO #1/DEBUG] [net.minecraftforge.network.NetworkRegistry/NETREGISTRY]: Channel 'l2tabs:main' : Version test of '1' from client : ACCEPTED
[22Jun2025 03:49:07.308] [Netty Epoll Server IO #1/DEBUG] [net.minecraftforge.network.NetworkRegistry/NETREGISTRY]: Channel 'architectury:network' : Version test of '1' from client : ACCEPTED
[22Jun2025 03:49:07.308] [Netty Epoll Server IO #1/DEBUG] [net.minecraftforge.network.NetworkRegistry/NETREGISTRY]: Channel 'parcool:message' : Version test of '3.3.1.0' from client : ACCEPTED
[22Jun2025 03:49:07.308] [Netty Epoll Server IO #1/DEBUG] [net.minecraftforge.network.NetworkRegistry/NETREGISTRY]: Channel 'l2damagetracker:main' : Version test of '2' from client : ACCEPTED
[22Jun2025 03:49:07.308] [Netty Epoll Server IO #1/DEBUG] [net.minecraftforge.network.NetworkRegistry/NETREGISTRY]: Channel 'jei:channel' : Version test of '1.0.0' from client : ACCEPTED
[22Jun2025 03:49:07.308] [Netty Epoll Server IO #1/DEBUG] [net.minecraftforge.network.NetworkRegistry/NETREGISTRY]: Channel 'minecraft:unregister' : Version test of 'FML3' from client : ACCEPTED
[22Jun2025 03:49:07.309] [Netty Epoll Server IO #1/DEBUG] [net.minecraftforge.network.NetworkRegistry/NETREGISTRY]: Channel 'l2itemselector:main' : Version test of '1' from client : ACCEPTED
[22Jun2025 03:49:07.309] [Netty Epoll Server IO #1/DEBUG] [net.minecraftforge.network.NetworkRegistry/NETREGISTRY]: Channel 'sophisticatedbackpacks:channel' : Version test of '1' from client : ACCEPTED
[22Jun2025 03:49:07.309] [Netty Epoll Server IO #1/DEBUG] [net.minecraftforge.network.NetworkRegistry/NETREGISTRY]: Channel 'l2library:main' : Version test of '1' from client : ACCEPTED
[22Jun2025 03:49:07.309] [Netty Epoll Server IO #1/DEBUG] [net.minecraftforge.network.NetworkRegistry/NETREGISTRY]: Channel 'puzzleslib:1' : Version test of '1' from client : ACCEPTED
[22Jun2025 03:49:07.309] [Netty Epoll Server IO #1/DEBUG] [net.minecraftforge.network.NetworkRegistry/NETREGISTRY]: Channel 'storagedrawers:main_channel' : Version test of '1' from client : ACCEPTED
[22Jun2025 03:49:07.309] [Netty Epoll Server IO #1/DEBUG] [net.minecraftforge.network.NetworkRegistry/NETREGISTRY]: Channel 'rotten_flesh_to_leather:rotten_flesh_to_leather' : Version test of '1' from client : ACCEPTED
[22Jun2025 03:49:07.309] [Netty Epoll Server IO #1/DEBUG] [net.minecraftforge.network.NetworkRegistry/NETREGISTRY]: Channel 'journeymap:version' : Version test of '1' from client : ACCEPTED
[22Jun2025 03:49:07.309] [Netty Epoll Server IO #1/DEBUG] [net.minecraftforge.network.NetworkRegistry/NETREGISTRY]: Channel 'fallingtree:main' : Version test of '1' from client : ACCEPTED
[22Jun2025 03:49:07.309] [Netty Epoll Server IO #1/DEBUG] [net.minecraftforge.network.NetworkRegistry/NETREGISTRY]: Channel 'modernfix:main' : Version test of '1' from client : ACCEPTED
[22Jun2025 03:49:07.309] [Netty Epoll Server IO #1/DEBUG] [net.minecraftforge.network.NetworkRegistry/NETREGISTRY]: Channel 'placebo:placebo' : Version test of '1.0.0' from client : ACCEPTED
[22Jun2025 03:49:07.309] [Netty Epoll Server IO #1/DEBUG] [net.minecraftforge.network.NetworkRegistry/NETREGISTRY]: Channel 'worldinfo:world_id' : Version test of '1' from client : ACCEPTED
[22Jun2025 03:49:07.309] [Netty Epoll Server IO #1/DEBUG] [net.minecraftforge.network.NetworkRegistry/NETREGISTRY]: Channel 'l2complements:main' : Version test of '4' from client : ACCEPTED
[22Jun2025 03:49:07.309] [Netty Epoll Server IO #1/DEBUG] [net.minecraftforge.network.NetworkRegistry/NETREGISTRY]: Channel 'journeymap:admin_req' : Version test of '1' from client : ACCEPTED
[22Jun2025 03:49:07.309] [Netty Epoll Server IO #1/DEBUG] [net.minecraftforge.network.NetworkRegistry/NETREGISTRY]: Channel 'journeymap:mp_options_req' : Version test of '1' from client : ACCEPTED
[22Jun2025 03:49:07.309] [Netty Epoll Server IO #1/DEBUG] [net.minecraftforge.network.NetworkRegistry/NETREGISTRY]: Channel 'journeymap:waypoint' : Version test of '1' from client : ACCEPTED
[22Jun2025 03:49:07.309] [Netty Epoll Server IO #1/DEBUG] [net.minecraftforge.network.NetworkRegistry/NETREGISTRY]: Channel 'fml:loginwrapper' : Version test of 'FML3' from client : ACCEPTED
[22Jun2025 03:49:07.309] [Netty Epoll Server IO #1/DEBUG] [net.minecraftforge.network.NetworkRegistry/NETREGISTRY]: Channel 'enchantinginfuser:1' : Version test of '1' from client : ACCEPTED
[22Jun2025 03:49:07.309] [Netty Epoll Server IO #1/DEBUG] [net.minecraftforge.network.NetworkRegistry/NETREGISTRY]: Channel 'forge:tier_sorting' : Version test of '1.0' from client : ACCEPTED
[22Jun2025 03:49:07.309] [Netty Epoll Server IO #1/DEBUG] [net.minecraftforge.network.NetworkRegistry/NETREGISTRY]: Channel 'spectrelib:main' : Version test of '1' from client : ACCEPTED
[22Jun2025 03:49:07.309] [Netty Epoll Server IO #1/DEBUG] [net.minecraftforge.network.NetworkRegistry/NETREGISTRY]: Channel 'l2screentracker:main' : Version test of '1' from client : ACCEPTED
[22Jun2025 03:49:07.309] [Netty Epoll Server IO #1/DEBUG] [net.minecraftforge.network.NetworkRegistry/NETREGISTRY]: Channel 'l2weaponry:main' : Version test of '1' from client : ACCEPTED
[22Jun2025 03:49:07.310] [Netty Epoll Server IO #1/DEBUG] [net.minecraftforge.network.NetworkRegistry/NETREGISTRY]: Channel 'fml:play' : Version test of 'FML3' from client : ACCEPTED
[22Jun2025 03:49:07.310] [Netty Epoll Server IO #1/DEBUG] [net.minecraftforge.network.NetworkRegistry/NETREGISTRY]: Channel 'journeymap:admin_save' : Version test of '1' from client : ACCEPTED
[22Jun2025 03:49:07.311] [Netty Epoll Server IO #1/DEBUG] [net.minecraftforge.network.NetworkRegistry/NETREGISTRY]: Channel 'journeymap:player_loc' : Version test of '1' from client : ACCEPTED
[22Jun2025 03:49:07.311] [Netty Epoll Server IO #1/DEBUG] [net.minecraftforge.network.NetworkRegistry/NETREGISTRY]: Channel 'fcl:channel' : Version test of 'fcl' from client : ACCEPTED
[22Jun2025 03:49:07.311] [Netty Epoll Server IO #1/DEBUG] [net.minecraftforge.network.NetworkRegistry/NETREGISTRY]: Channel 'sophisticatedcore:channel' : Version test of '1' from client : ACCEPTED
[22Jun2025 03:49:07.311] [Netty Epoll Server IO #1/DEBUG] [net.minecraftforge.network.NetworkRegistry/NETREGISTRY]: Channel 'journeymap:teleport_req' : Version test of '1' from client : ACCEPTED
[22Jun2025 03:49:07.311] [Netty Epoll Server IO #1/DEBUG] [net.minecraftforge.network.NetworkRegistry/NETREGISTRY]: Channel 'caelus:main' : Version test of '1' from client : ACCEPTED
[22Jun2025 03:49:07.311] [Netty Epoll Server IO #1/DEBUG] [net.minecraftforge.network.NetworkRegistry/NETREGISTRY]: Channel 'fml:handshake' : Version test of 'FML3' from client : ACCEPTED
[22Jun2025 03:49:07.311] [Netty Epoll Server IO #1/DEBUG] [net.minecraftforge.network.NetworkRegistry/NETREGISTRY]: Channel 'journeymap:common' : Version test of '1' from client : ACCEPTED
[22Jun2025 03:49:07.311] [Netty Epoll Server IO #1/DEBUG] [net.minecraftforge.network.NetworkRegistry/NETREGISTRY]: Channel 'minecraft:register' : Version test of 'FML3' from client : ACCEPTED
[22Jun2025 03:49:07.312] [Netty Epoll Server IO #1/DEBUG] [net.minecraftforge.network.NetworkRegistry/NETREGISTRY]: Channel 'oceanic_delight:oceanic_delight' : Version test of '1' from client : ACCEPTED
[22Jun2025 03:49:07.312] [Netty Epoll Server IO #1/DEBUG] [net.minecraftforge.network.NetworkRegistry/NETREGISTRY]: Channel 'forge:split' : Version test of '1.1' from client : ACCEPTED
[22Jun2025 03:49:07.312] [Netty Epoll Server IO #1/DEBUG] [net.minecraftforge.network.NetworkRegistry/NETREGISTRY]: Channel 'journeymap:perm_req' : Version test of '1' from client : ACCEPTED
[22Jun2025 03:49:07.312] [Netty Epoll Server IO #1/DEBUG] [net.minecraftforge.network.NetworkRegistry/NETREGISTRY]: Channel 'geckolib:main' : Version test of '1' from client : ACCEPTED
[22Jun2025 03:49:07.312] [Netty Epoll Server IO #1/DEBUG] [net.minecraftforge.network.NetworkRegistry/NETREGISTRY]: Channel 'enemyexpansion:enemyexpansion' : Version test of '1' from client : ACCEPTED
[22Jun2025 03:49:07.312] [Netty Epoll Server IO #1/DEBUG] [net.minecraftforge.network.NetworkRegistry/NETREGISTRY]: Accepting channel list from client
[22Jun2025 03:49:07.312] [Netty Epoll Server IO #1/DEBUG] [net.minecraftforge.network.HandshakeHandler/FMLHANDSHAKE]: Accepted client connection mod list
[22Jun2025 03:49:07.346] [Server thread/DEBUG] [net.minecraftforge.network.HandshakeHandler/FMLHANDSHAKE]: Sending ticking packet info 'Registry minecraft:particle_type' to 'fml:handshake' sequence 5
[22Jun2025 03:49:07.378] [Netty Epoll Server IO #1/DEBUG] [net.minecraftforge.network.LoginWrapper/FMLHANDSHAKE]: Recieved login wrapper packet event for channel fml:handshake with index 2
[22Jun2025 03:49:07.378] [Netty Epoll Server IO #1/DEBUG] [net.minecraftforge.network.HandshakeHandler/FMLHANDSHAKE]: Received client indexed reply 2 of type net.minecraftforge.network.HandshakeMessages$C2SAcknowledge
[22Jun2025 03:49:07.378] [Netty Epoll Server IO #1/DEBUG] [net.minecraftforge.network.HandshakeHandler/FMLHANDSHAKE]: Received acknowledgement from client
[22Jun2025 03:49:07.393] [Server thread/DEBUG] [net.minecraftforge.network.HandshakeHandler/FMLHANDSHAKE]: Sending ticking packet info 'Registry minecraft:villager_profession' to 'fml:handshake' sequence 6
[22Jun2025 03:49:07.394] [Netty Epoll Server IO #1/DEBUG] [net.minecraftforge.network.LoginWrapper/FMLHANDSHAKE]: Recieved login wrapper packet event for channel fml:handshake with index 3
[22Jun2025 03:49:07.394] [Netty Epoll Server IO #1/DEBUG] [net.minecraftforge.network.HandshakeHandler/FMLHANDSHAKE]: Received client indexed reply 3 of type net.minecraftforge.network.HandshakeMessages$C2SAcknowledge
[22Jun2025 03:49:07.394] [Netty Epoll Server IO #1/DEBUG] [net.minecraftforge.network.HandshakeHandler/FMLHANDSHAKE]: Received acknowledgement from client
[22Jun2025 03:49:07.444] [Server thread/DEBUG] [net.minecraftforge.network.HandshakeHandler/FMLHANDSHAKE]: Sending ticking packet info 'Registry minecraft:item' to 'fml:handshake' sequence 7
[22Jun2025 03:49:07.493] [Server thread/DEBUG] [net.minecraftforge.network.HandshakeHandler/FMLHANDSHAKE]: Sending ticking packet info 'Registry minecraft:potion' to 'fml:handshake' sequence 8
[22Jun2025 03:49:07.540] [Server thread/DEBUG] [net.minecraftforge.network.HandshakeHandler/FMLHANDSHAKE]: Sending ticking packet info 'Registry minecraft:painting_variant' to 'fml:handshake' sequence 9
[22Jun2025 03:49:07.589] [Server thread/DEBUG] [net.minecraftforge.network.HandshakeHandler/FMLHANDSHAKE]: Sending ticking packet info 'Registry forge:fluid_type' to 'fml:handshake' sequence 10
[22Jun2025 03:49:07.624] [Netty Epoll Server IO #1/DEBUG] [net.minecraftforge.network.LoginWrapper/FMLHANDSHAKE]: Recieved login wrapper packet event for channel fml:handshake with index 4
[22Jun2025 03:49:07.624] [Netty Epoll Server IO #1/DEBUG] [net.minecraftforge.network.HandshakeHandler/FMLHANDSHAKE]: Received client indexed reply 4 of type net.minecraftforge.network.HandshakeMessages$C2SAcknowledge
[22Jun2025 03:49:07.624] [Netty Epoll Server IO #1/DEBUG] [net.minecraftforge.network.HandshakeHandler/FMLHANDSHAKE]: Received acknowledgement from client
[22Jun2025 03:49:07.624] [Netty Epoll Server IO #1/DEBUG] [net.minecraftforge.network.LoginWrapper/FMLHANDSHAKE]: Recieved login wrapper packet event for channel fml:handshake with index 5
[22Jun2025 03:49:07.624] [Netty Epoll Server IO #1/DEBUG] [net.minecraftforge.network.HandshakeHandler/FMLHANDSHAKE]: Received client indexed reply 5 of type net.minecraftforge.network.HandshakeMessages$C2SAcknowledge
[22Jun2025 03:49:07.624] [Netty Epoll Server IO #1/DEBUG] [net.minecraftforge.network.HandshakeHandler/FMLHANDSHAKE]: Received acknowledgement from client
[22Jun2025 03:49:07.624] [Netty Epoll Server IO #1/DEBUG] [net.minecraftforge.network.LoginWrapper/FMLHANDSHAKE]: Recieved login wrapper packet event for channel fml:handshake with index 6
[22Jun2025 03:49:07.624] [Netty Epoll Server IO #1/DEBUG] [net.minecraftforge.network.HandshakeHandler/FMLHANDSHAKE]: Received client indexed reply 6 of type net.minecraftforge.network.HandshakeMessages$C2SAcknowledge
[22Jun2025 03:49:07.624] [Netty Epoll Server IO #1/DEBUG] [net.minecraftforge.network.HandshakeHandler/FMLHANDSHAKE]: Received acknowledgement from client
[22Jun2025 03:49:07.642] [Server thread/DEBUG] [net.minecraftforge.network.HandshakeHandler/FMLHANDSHAKE]: Sending ticking packet info 'Registry minecraft:block_entity_type' to 'fml:handshake' sequence 11
[22Jun2025 03:49:07.689] [Server thread/DEBUG] [net.minecraftforge.network.HandshakeHandler/FMLHANDSHAKE]: Sending ticking packet info 'Registry forge:display_contexts' to 'fml:handshake' sequence 12
[22Jun2025 03:49:07.743] [Server thread/DEBUG] [net.minecraftforge.network.HandshakeHandler/FMLHANDSHAKE]: Sending ticking packet info 'Registry minecraft:block' to 'fml:handshake' sequence 13
[22Jun2025 03:49:07.770] [Netty Epoll Server IO #1/DEBUG] [net.minecraftforge.network.LoginWrapper/FMLHANDSHAKE]: Recieved login wrapper packet event for channel fml:handshake with index 7
[22Jun2025 03:49:07.770] [Netty Epoll Server IO #1/DEBUG] [net.minecraftforge.network.HandshakeHandler/FMLHANDSHAKE]: Received client indexed reply 7 of type net.minecraftforge.network.HandshakeMessages$C2SAcknowledge
[22Jun2025 03:49:07.770] [Netty Epoll Server IO #1/DEBUG] [net.minecraftforge.network.HandshakeHandler/FMLHANDSHAKE]: Received acknowledgement from client
[22Jun2025 03:49:07.770] [Netty Epoll Server IO #1/DEBUG] [net.minecraftforge.network.LoginWrapper/FMLHANDSHAKE]: Recieved login wrapper packet event for channel fml:handshake with index 8
[22Jun2025 03:49:07.770] [Netty Epoll Server IO #1/DEBUG] [net.minecraftforge.network.HandshakeHandler/FMLHANDSHAKE]: Received client indexed reply 8 of type net.minecraftforge.network.HandshakeMessages$C2SAcknowledge
[22Jun2025 03:49:07.770] [Netty Epoll Server IO #1/DEBUG] [net.minecraftforge.network.HandshakeHandler/FMLHANDSHAKE]: Received acknowledgement from client
[22Jun2025 03:49:07.770] [Netty Epoll Server IO #1/DEBUG] [net.minecraftforge.network.LoginWrapper/FMLHANDSHAKE]: Recieved login wrapper packet event for channel fml:handshake with index 9
[22Jun2025 03:49:07.770] [Netty Epoll Server IO #1/DEBUG] [net.minecraftforge.network.HandshakeHandler/FMLHANDSHAKE]: Received client indexed reply 9 of type net.minecraftforge.network.HandshakeMessages$C2SAcknowledge
[22Jun2025 03:49:07.770] [Netty Epoll Server IO #1/DEBUG] [net.minecraftforge.network.HandshakeHandler/FMLHANDSHAKE]: Received acknowledgement from client
[22Jun2025 03:49:07.771] [Netty Epoll Server IO #1/DEBUG] [net.minecraftforge.network.LoginWrapper/FMLHANDSHAKE]: Recieved login wrapper packet event for channel fml:handshake with index 10
[22Jun2025 03:49:07.771] [Netty Epoll Server IO #1/DEBUG] [net.minecraftforge.network.HandshakeHandler/FMLHANDSHAKE]: Received client indexed reply 10 of type net.minecraftforge.network.HandshakeMessages$C2SAcknowledge
[22Jun2025 03:49:07.771] [Netty Epoll Server IO #1/DEBUG] [net.minecraftforge.network.HandshakeHandler/FMLHANDSHAKE]: Received acknowledgement from client
[22Jun2025 03:49:07.794] [Server thread/DEBUG] [net.minecraftforge.network.HandshakeHandler/FMLHANDSHAKE]: Sending ticking packet info 'Registry forge:entity_data_serializers' to 'fml:handshake' sequence 14
[22Jun2025 03:49:07.843] [Server thread/DEBUG] [net.minecraftforge.network.HandshakeHandler/FMLHANDSHAKE]: Sending ticking packet info 'Registry minecraft:mob_effect' to 'fml:handshake' sequence 15
[22Jun2025 03:49:07.844] [Netty Epoll Server IO #1/DEBUG] [net.minecraftforge.network.LoginWrapper/FMLHANDSHAKE]: Recieved login wrapper packet event for channel fml:handshake with index 11
[22Jun2025 03:49:07.845] [Netty Epoll Server IO #1/DEBUG] [net.minecraftforge.network.HandshakeHandler/FMLHANDSHAKE]: Received client indexed reply 11 of type net.minecraftforge.network.HandshakeMessages$C2SAcknowledge
[22Jun2025 03:49:07.845] [Netty Epoll Server IO #1/DEBUG] [net.minecraftforge.network.HandshakeHandler/FMLHANDSHAKE]: Received acknowledgement from client
[22Jun2025 03:49:07.885] [Netty Epoll Server IO #1/DEBUG] [net.minecraftforge.network.LoginWrapper/FMLHANDSHAKE]: Recieved login wrapper packet event for channel fml:handshake with index 12
[22Jun2025 03:49:07.886] [Netty Epoll Server IO #1/DEBUG] [net.minecraftforge.network.HandshakeHandler/FMLHANDSHAKE]: Received client indexed reply 12 of type net.minecraftforge.network.HandshakeMessages$C2SAcknowledge
[22Jun2025 03:49:07.886] [Netty Epoll Server IO #1/DEBUG] [net.minecraftforge.network.HandshakeHandler/FMLHANDSHAKE]: Received acknowledgement from client
[22Jun2025 03:49:07.894] [Server thread/DEBUG] [net.minecraftforge.network.HandshakeHandler/FMLHANDSHAKE]: Sending ticking packet info 'Registry minecraft:stat_type' to 'fml:handshake' sequence 16
[22Jun2025 03:49:07.941] [Server thread/DEBUG] [net.minecraftforge.network.HandshakeHandler/FMLHANDSHAKE]: Sending ticking packet info 'Registry l2screentracker:tracked_entry_type' to 'fml:handshake' sequence 17
[22Jun2025 03:49:07.962] [Netty Epoll Server IO #1/DEBUG] [net.minecraftforge.network.LoginWrapper/FMLHANDSHAKE]: Recieved login wrapper packet event for channel fml:handshake with index 13
[22Jun2025 03:49:07.962] [Netty Epoll Server IO #1/DEBUG] [net.minecraftforge.network.HandshakeHandler/FMLHANDSHAKE]: Received client indexed reply 13 of type net.minecraftforge.network.HandshakeMessages$C2SAcknowledge
[22Jun2025 03:49:07.962] [Netty Epoll Server IO #1/DEBUG] [net.minecraftforge.network.HandshakeHandler/FMLHANDSHAKE]: Received acknowledgement from client
[22Jun2025 03:49:07.962] [Netty Epoll Server IO #1/DEBUG] [net.minecraftforge.network.LoginWrapper/FMLHANDSHAKE]: Recieved login wrapper packet event for channel fml:handshake with index 14
[22Jun2025 03:49:07.962] [Netty Epoll Server IO #1/DEBUG] [net.minecraftforge.network.HandshakeHandler/FMLHANDSHAKE]: Received client indexed reply 14 of type net.minecraftforge.network.HandshakeMessages$C2SAcknowledge
[22Jun2025 03:49:07.963] [Netty Epoll Server IO #1/DEBUG] [net.minecraftforge.network.HandshakeHandler/FMLHANDSHAKE]: Received acknowledgement from client
[22Jun2025 03:49:07.963] [Netty Epoll Server IO #1/DEBUG] [net.minecraftforge.network.LoginWrapper/FMLHANDSHAKE]: Recieved login wrapper packet event for channel fml:handshake with index 15
[22Jun2025 03:49:07.963] [Netty Epoll Server IO #1/DEBUG] [net.minecraftforge.network.HandshakeHandler/FMLHANDSHAKE]: Received client indexed reply 15 of type net.minecraftforge.network.HandshakeMessages$C2SAcknowledge
[22Jun2025 03:49:07.963] [Netty Epoll Server IO #1/DEBUG] [net.minecraftforge.network.HandshakeHandler/FMLHANDSHAKE]: Received acknowledgement from client
[22Jun2025 03:49:07.992] [Server thread/DEBUG] [net.minecraftforge.network.HandshakeHandler/FMLHANDSHAKE]: Sending ticking packet info 'Registry minecraft:menu' to 'fml:handshake' sequence 18
[22Jun2025 03:49:08.040] [Server thread/DEBUG] [net.minecraftforge.network.HandshakeHandler/FMLHANDSHAKE]: Sending ticking packet info 'Registry l2screentracker:item_source' to 'fml:handshake' sequence 19
[22Jun2025 03:49:08.080] [Netty Epoll Server IO #1/DEBUG] [net.minecraftforge.network.LoginWrapper/FMLHANDSHAKE]: Recieved login wrapper packet event for channel fml:handshake with index 16
[22Jun2025 03:49:08.080] [Netty Epoll Server IO #1/DEBUG] [net.minecraftforge.network.HandshakeHandler/FMLHANDSHAKE]: Received client indexed reply 16 of type net.minecraftforge.network.HandshakeMessages$C2SAcknowledge
[22Jun2025 03:49:08.080] [Netty Epoll Server IO #1/DEBUG] [net.minecraftforge.network.HandshakeHandler/FMLHANDSHAKE]: Received acknowledgement from client
[22Jun2025 03:49:08.080] [Netty Epoll Server IO #1/DEBUG] [net.minecraftforge.network.LoginWrapper/FMLHANDSHAKE]: Recieved login wrapper packet event for channel fml:handshake with index 17
[22Jun2025 03:49:08.080] [Netty Epoll Server IO #1/DEBUG] [net.minecraftforge.network.HandshakeHandler/FMLHANDSHAKE]: Received client indexed reply 17 of type net.minecraftforge.network.HandshakeMessages$C2SAcknowledge
[22Jun2025 03:49:08.080] [Netty Epoll Server IO #1/DEBUG] [net.minecraftforge.network.HandshakeHandler/FMLHANDSHAKE]: Received acknowledgement from client
[22Jun2025 03:49:08.091] [Server thread/DEBUG] [net.minecraftforge.network.HandshakeHandler/FMLHANDSHAKE]: Sending ticking packet info 'Registry minecraft:enchantment' to 'fml:handshake' sequence 20
[22Jun2025 03:49:08.141] [Server thread/DEBUG] [net.minecraftforge.network.HandshakeHandler/FMLHANDSHAKE]: Sending ticking packet info 'Registry minecraft:fluid' to 'fml:handshake' sequence 21
[22Jun2025 03:49:08.193] [Netty Epoll Server IO #1/DEBUG] [net.minecraftforge.network.LoginWrapper/FMLHANDSHAKE]: Recieved login wrapper packet event for channel fml:handshake with index 18
[22Jun2025 03:49:08.193] [Netty Epoll Server IO #1/DEBUG] [net.minecraftforge.network.HandshakeHandler/FMLHANDSHAKE]: Received client indexed reply 18 of type net.minecraftforge.network.HandshakeMessages$C2SAcknowledge
[22Jun2025 03:49:08.194] [Netty Epoll Server IO #1/DEBUG] [net.minecraftforge.network.HandshakeHandler/FMLHANDSHAKE]: Received acknowledgement from client
[22Jun2025 03:49:08.194] [Netty Epoll Server IO #1/DEBUG] [net.minecraftforge.network.LoginWrapper/FMLHANDSHAKE]: Recieved login wrapper packet event for channel fml:handshake with index 19
[22Jun2025 03:49:08.194] [Netty Epoll Server IO #1/DEBUG] [net.minecraftforge.network.HandshakeHandler/FMLHANDSHAKE]: Received client indexed reply 19 of type net.minecraftforge.network.HandshakeMessages$C2SAcknowledge
[22Jun2025 03:49:08.194] [Netty Epoll Server IO #1/DEBUG] [net.minecraftforge.network.HandshakeHandler/FMLHANDSHAKE]: Received acknowledgement from client
[22Jun2025 03:49:08.202] [Server thread/DEBUG] [net.minecraftforge.network.HandshakeHandler/FMLHANDSHAKE]: Sending ticking packet info 'Registry minecraft:entity_type' to 'fml:handshake' sequence 22
[22Jun2025 03:49:08.245] [Server thread/DEBUG] [net.minecraftforge.network.HandshakeHandler/FMLHANDSHAKE]: Sending ticking packet info 'Config parcool-server.toml' to 'fml:handshake' sequence 23
[22Jun2025 03:49:08.294] [Netty Epoll Server IO #1/DEBUG] [net.minecraftforge.network.LoginWrapper/FMLHANDSHAKE]: Recieved login wrapper packet event for channel fml:handshake with index 20
[22Jun2025 03:49:08.294] [Netty Epoll Server IO #1/DEBUG] [net.minecraftforge.network.HandshakeHandler/FMLHANDSHAKE]: Received client indexed reply 20 of type net.minecraftforge.network.HandshakeMessages$C2SAcknowledge
[22Jun2025 03:49:08.294] [Netty Epoll Server IO #1/DEBUG] [net.minecraftforge.network.HandshakeHandler/FMLHANDSHAKE]: Received acknowledgement from client
[22Jun2025 03:49:08.294] [Netty Epoll Server IO #1/DEBUG] [net.minecraftforge.network.LoginWrapper/FMLHANDSHAKE]: Recieved login wrapper packet event for channel fml:handshake with index 21
[22Jun2025 03:49:08.294] [Netty Epoll Server IO #1/DEBUG] [net.minecraftforge.network.HandshakeHandler/FMLHANDSHAKE]: Received client indexed reply 21 of type net.minecraftforge.network.HandshakeMessages$C2SAcknowledge
[22Jun2025 03:49:08.294] [Netty Epoll Server IO #1/DEBUG] [net.minecraftforge.network.HandshakeHandler/FMLHANDSHAKE]: Received acknowledgement from client
[22Jun2025 03:49:08.294] [Server thread/DEBUG] [net.minecraftforge.network.HandshakeHandler/FMLHANDSHAKE]: Sending ticking packet info 'Config journeymap-server.toml' to 'fml:handshake' sequence 24
[22Jun2025 03:49:08.343] [Server thread/DEBUG] [net.minecraftforge.network.HandshakeHandler/FMLHANDSHAKE]: Sending ticking packet info 'Config advancednetherite-server.toml' to 'fml:handshake' sequence 25
[22Jun2025 03:49:08.390] [Server thread/DEBUG] [net.minecraftforge.network.HandshakeHandler/FMLHANDSHAKE]: Sending ticking packet info 'Config sophisticatedbackpacks-server.toml' to 'fml:handshake' sequence 26
[22Jun2025 03:49:08.444] [Server thread/DEBUG] [net.minecraftforge.network.HandshakeHandler/FMLHANDSHAKE]: Sending ticking packet info 'Config enchantinginfuser-server.toml' to 'fml:handshake' sequence 27
[22Jun2025 03:49:08.493] [Server thread/DEBUG] [net.minecraftforge.network.HandshakeHandler/FMLHANDSHAKE]: Sending ticking packet info 'Config jei-server.toml' to 'fml:handshake' sequence 28
[22Jun2025 03:49:08.517] [Netty Epoll Server IO #1/DEBUG] [net.minecraftforge.network.LoginWrapper/FMLHANDSHAKE]: Recieved login wrapper packet event for channel fml:handshake with index 22
[22Jun2025 03:49:08.517] [Netty Epoll Server IO #1/DEBUG] [net.minecraftforge.network.HandshakeHandler/FMLHANDSHAKE]: Received client indexed reply 22 of type net.minecraftforge.network.HandshakeMessages$C2SAcknowledge
[22Jun2025 03:49:08.518] [Netty Epoll Server IO #1/DEBUG] [net.minecraftforge.network.HandshakeHandler/FMLHANDSHAKE]: Received acknowledgement from client
[22Jun2025 03:49:08.542] [Server thread/DEBUG] [net.minecraftforge.network.HandshakeHandler/FMLHANDSHAKE]: Sending ticking packet info 'Config forge-server.toml' to 'fml:handshake' sequence 29
[22Jun2025 03:49:08.542] [Netty Epoll Server IO #1/DEBUG] [net.minecraftforge.network.LoginWrapper/FMLHANDSHAKE]: Recieved login wrapper packet event for channel fml:handshake with index 23
[22Jun2025 03:49:08.542] [Netty Epoll Server IO #1/DEBUG] [net.minecraftforge.network.HandshakeHandler/FMLHANDSHAKE]: Received client indexed reply 23 of type net.minecraftforge.network.HandshakeMessages$C2SAcknowledge
[22Jun2025 03:49:08.542] [Netty Epoll Server IO #1/DEBUG] [net.minecraftforge.network.HandshakeHandler/FMLHANDSHAKE]: Received acknowledgement from client
[22Jun2025 03:49:08.543] [Netty Epoll Server IO #1/DEBUG] [net.minecraftforge.network.LoginWrapper/FMLHANDSHAKE]: Recieved login wrapper packet event for channel fml:handshake with index 24
[22Jun2025 03:49:08.543] [Netty Epoll Server IO #1/DEBUG] [net.minecraftforge.network.HandshakeHandler/FMLHANDSHAKE]: Received client indexed reply 24 of type net.minecraftforge.network.HandshakeMessages$C2SAcknowledge
[22Jun2025 03:49:08.543] [Netty Epoll Server IO #1/DEBUG] [net.minecraftforge.network.HandshakeHandler/FMLHANDSHAKE]: Received acknowledgement from client
[22Jun2025 03:49:08.543] [Netty Epoll Server IO #1/DEBUG] [net.minecraftforge.network.LoginWrapper/FMLHANDSHAKE]: Recieved login wrapper packet event for channel fml:handshake with index 25
[22Jun2025 03:49:08.543] [Netty Epoll Server IO #1/DEBUG] [net.minecraftforge.network.HandshakeHandler/FMLHANDSHAKE]: Received client indexed reply 25 of type net.minecraftforge.network.HandshakeMessages$C2SAcknowledge
[22Jun2025 03:49:08.543] [Netty Epoll Server IO #1/DEBUG] [net.minecraftforge.network.HandshakeHandler/FMLHANDSHAKE]: Received acknowledgement from client
[22Jun2025 03:49:08.582] [Netty Epoll Server IO #1/DEBUG] [net.minecraftforge.network.LoginWrapper/FMLHANDSHAKE]: Recieved login wrapper packet event for channel fml:handshake with index 26
[22Jun2025 03:49:08.582] [Netty Epoll Server IO #1/DEBUG] [net.minecraftforge.network.HandshakeHandler/FMLHANDSHAKE]: Received client indexed reply 26 of type net.minecraftforge.network.HandshakeMessages$C2SAcknowledge
[22Jun2025 03:49:08.583] [Netty Epoll Server IO #1/DEBUG] [net.minecraftforge.network.HandshakeHandler/FMLHANDSHAKE]: Received acknowledgement from client
[22Jun2025 03:49:08.605] [Netty Epoll Server IO #1/DEBUG] [net.minecraftforge.network.LoginWrapper/FMLHANDSHAKE]: Recieved login wrapper packet event for channel fml:handshake with index 27
[22Jun2025 03:49:08.605] [Netty Epoll Server IO #1/DEBUG] [net.minecraftforge.network.HandshakeHandler/FMLHANDSHAKE]: Received client indexed reply 27 of type net.minecraftforge.network.HandshakeMessages$C2SAcknowledge
[22Jun2025 03:49:08.605] [Netty Epoll Server IO #1/DEBUG] [net.minecraftforge.network.HandshakeHandler/FMLHANDSHAKE]: Received acknowledgement from client
[22Jun2025 03:49:08.634] [Netty Epoll Server IO #1/DEBUG] [net.minecraftforge.network.LoginWrapper/FMLHANDSHAKE]: Recieved login wrapper packet event for channel fml:handshake with index 28
[22Jun2025 03:49:08.634] [Netty Epoll Server IO #1/DEBUG] [net.minecraftforge.network.HandshakeHandler/FMLHANDSHAKE]: Received client indexed reply 28 of type net.minecraftforge.network.HandshakeMessages$C2SAcknowledge
[22Jun2025 03:49:08.634] [Netty Epoll Server IO #1/DEBUG] [net.minecraftforge.network.HandshakeHandler/FMLHANDSHAKE]: Received acknowledgement from client
[22Jun2025 03:49:08.767] [Netty Epoll Server IO #1/DEBUG] [net.minecraftforge.network.LoginWrapper/FMLHANDSHAKE]: Recieved login wrapper packet event for channel fml:handshake with index 29
[22Jun2025 03:49:08.767] [Netty Epoll Server IO #1/DEBUG] [net.minecraftforge.network.HandshakeHandler/FMLHANDSHAKE]: Received client indexed reply 29 of type net.minecraftforge.network.HandshakeMessages$C2SAcknowledge
[22Jun2025 03:49:08.767] [Netty Epoll Server IO #1/DEBUG] [net.minecraftforge.network.HandshakeHandler/FMLHANDSHAKE]: Received acknowledgement from client
[22Jun2025 03:49:08.795] [Server thread/DEBUG] [net.minecraftforge.network.HandshakeHandler/FMLHANDSHAKE]: Handshake complete!
[22Jun2025 03:49:08.911] [Server thread/INFO] [net.minecraft.server.players.PlayerList/]: Ferlein[/127.59.10.170:50755] logged in with entity id 363 at (-154.703692315627, 64.0, -161.98573088332344)
[22Jun2025 03:49:08.912] [Server thread/DEBUG] [net.minecraftforge.network.filters.NetworkFilters/]: Injected net.minecraftforge.network.filters.ForgeConnectionNetworkFilter@40b81c04 into net.minecraft.network.Connection@6a2f64ac
[22Jun2025 03:49:08.913] [Server thread/DEBUG] [ModernFix/]: Sending ID correction packet to client with 82 classes
[22Jun2025 03:49:08.983] [Server thread/INFO] [net.minecraft.server.MinecraftServer/]: Ferlein joined the game
[22Jun2025 03:49:09.113] [Server thread/INFO] [net.fexcraft.mod.fsmm.FSMM/]: Loading account of literal{Ferlein} || 0e6df4b7-2964-3639-a5b2-37df6aae5bc1
[22Jun2025 03:49:09.239] [Server thread/INFO] [com.alrex.parcool.ParCool/]: Limitation of 0e6df4b7-2964-3639-a5b2-37df6aae5bc1 was loaded
[22Jun2025 03:49:38.146] [Server thread/INFO] [fastsuite/]: Constructed recipe list for minecraft:crafting in 3.311 ms. 2566/2626 recipes are parallelized.
[22Jun2025 03:52:30.165] [Server thread/INFO] [fastsuite/]: Constructed recipe list for minecraft:stonecutting in 788.3 μs. 996/996 recipes are parallelized.
[22Jun2025 03:53:18.058] [Server thread/DEBUG] [net.minecraftforge.common.ForgeHooks/WP]: Gathering id map for writing to world save world
[22Jun2025 03:53:18.089] [Server thread/DEBUG] [net.minecraftforge.common.ForgeHooks/WP]: ID Map collection complete world
[22Jun2025 03:54:52.014] [Server thread/INFO] [net.minecraft.server.MinecraftServer/]: [Angeltronix7005: Set own game mode to Creative Mode]
[22Jun2025 03:55:17.428] [Server thread/INFO] [net.minecraft.server.MinecraftServer/]: [Angeltronix7005: Set own game mode to Survival Mode]
[22Jun2025 03:58:17.952] [Server thread/DEBUG] [net.minecraftforge.common.ForgeHooks/WP]: Gathering id map for writing to world save world
[22Jun2025 03:58:17.962] [Server thread/DEBUG] [net.minecraftforge.common.ForgeHooks/WP]: ID Map collection complete world
[22Jun2025 03:59:19.511] [Server thread/WARN] [net.minecraft.server.level.ServerPlayerGameMode/]: Mismatch in destroy block pos: BlockPos{x=-164, y=69, z=-163} BlockPos{x=-164, y=70, z=-163}
[22Jun2025 04:03:17.935] [Server thread/DEBUG] [net.minecraftforge.common.ForgeHooks/WP]: Gathering id map for writing to world save world
[22Jun2025 04:03:17.947] [Server thread/DEBUG] [net.minecraftforge.common.ForgeHooks/WP]: ID Map collection complete world
[22Jun2025 04:08:17.993] [Server thread/DEBUG] [net.minecraftforge.common.ForgeHooks/WP]: Gathering id map for writing to world save world
[22Jun2025 04:08:18.015] [Server thread/DEBUG] [net.minecraftforge.common.ForgeHooks/WP]: ID Map collection complete world
[22Jun2025 04:13:17.921] [Server thread/DEBUG] [net.minecraftforge.common.ForgeHooks/WP]: Gathering id map for writing to world save world
[22Jun2025 04:13:17.932] [Server thread/DEBUG] [net.minecraftforge.common.ForgeHooks/WP]: ID Map collection complete world
[22Jun2025 04:18:17.921] [Server thread/DEBUG] [net.minecraftforge.common.ForgeHooks/WP]: Gathering id map for writing to world save world
[22Jun2025 04:18:17.937] [Server thread/DEBUG] [net.minecraftforge.common.ForgeHooks/WP]: ID Map collection complete world
[22Jun2025 04:23:17.921] [Server thread/DEBUG] [net.minecraftforge.common.ForgeHooks/WP]: Gathering id map for writing to world save world
[22Jun2025 04:23:17.929] [Server thread/DEBUG] [net.minecraftforge.common.ForgeHooks/WP]: ID Map collection complete world
[22Jun2025 04:28:17.921] [Server thread/DEBUG] [net.minecraftforge.common.ForgeHooks/WP]: Gathering id map for writing to world save world
[22Jun2025 04:28:17.928] [Server thread/DEBUG] [net.minecraftforge.common.ForgeHooks/WP]: ID Map collection complete world
[22Jun2025 04:29:02.669] [Server thread/INFO] [net.minecraft.server.MinecraftServer/]: [Angeltronix7005: Set own game mode to Creative Mode]
[22Jun2025 04:29:15.040] [Server thread/INFO] [net.minecraft.server.MinecraftServer/]: [Angeltronix7005: Set own game mode to Survival Mode]
[22Jun2025 04:33:17.928] [Server thread/DEBUG] [net.minecraftforge.common.ForgeHooks/WP]: Gathering id map for writing to world save world
[22Jun2025 04:33:17.935] [Server thread/DEBUG] [net.minecraftforge.common.ForgeHooks/WP]: ID Map collection complete world
[22Jun2025 04:37:26.507] [Server thread/WARN] [net.minecraft.server.level.ServerPlayerGameMode/]: Mismatch in destroy block pos: BlockPos{x=-340, y=72, z=-346} BlockPos{x=-342, y=72, z=-347}
[22Jun2025 04:38:17.934] [Server thread/DEBUG] [net.minecraftforge.common.ForgeHooks/WP]: Gathering id map for writing to world save world
[22Jun2025 04:38:17.944] [Server thread/DEBUG] [net.minecraftforge.common.ForgeHooks/WP]: ID Map collection complete world
[22Jun2025 04:43:17.921] [Server thread/DEBUG] [net.minecraftforge.common.ForgeHooks/WP]: Gathering id map for writing to world save world
[22Jun2025 04:43:17.931] [Server thread/DEBUG] [net.minecraftforge.common.ForgeHooks/WP]: ID Map collection complete world
[22Jun2025 04:48:17.944] [Server thread/DEBUG] [net.minecraftforge.common.ForgeHooks/WP]: Gathering id map for writing to world save world
[22Jun2025 04:48:17.954] [Server thread/DEBUG] [net.minecraftforge.common.ForgeHooks/WP]: ID Map collection complete world
[22Jun2025 04:52:27.444] [Worker-Main-28/DEBUG] [ModernFix/]: Using cached upgraded version of nova_structures:mangrove_witch_hut/mangrove_witch_hut_3
[22Jun2025 04:52:27.810] [Worker-Main-28/DEBUG] [mixin/]: Mixing accessor.WorldGenRegionAccessor from betterfortresses.mixins.json into net.minecraft.server.level.WorldGenRegion
[22Jun2025 04:52:27.810] [Worker-Main-28/DEBUG] [mixin/]: Mixing accessor.WorldGenRegionAccessor from betterjungletemples.mixins.json into net.minecraft.server.level.WorldGenRegion
[22Jun2025 04:52:27.813] [Worker-Main-28/DEBUG] [mixin/]: Unexpected: Registered method getFirstPos()Lnet/minecraft/world/level/ChunkPos; in net.minecraft.server.level.WorldGenRegion was not merged
[22Jun2025 04:52:27.813] [Worker-Main-28/DEBUG] [mixin/]: Unexpected: Registered method getLastPos()Lnet/minecraft/world/level/ChunkPos; in net.minecraft.server.level.WorldGenRegion was not merged
[22Jun2025 04:52:27.813] [Worker-Main-28/DEBUG] [mixin/]: Unexpected: Registered method getStructureManager()Lnet/minecraft/world/level/StructureManager; in net.minecraft.server.level.WorldGenRegion was not merged
[22Jun2025 04:52:27.813] [Worker-Main-28/DEBUG] [mixin/]: Unexpected: Registered method getSize()I in net.minecraft.server.level.WorldGenRegion was not merged
[22Jun2025 04:52:27.813] [Worker-Main-28/DEBUG] [mixin/]: Unexpected: Registered method getCache()Ljava/util/List; in net.minecraft.server.level.WorldGenRegion was not merged
[22Jun2025 04:52:28.229] [Worker-Main-28/DEBUG] [mixin/]: Mixing BeardifierMixin from yungsapi.mixins.json into net.minecraft.world.level.levelgen.Beardifier
[22Jun2025 04:52:28.232] [Worker-Main-28/DEBUG] [mixin/]: Mixing accessor.BeardifierAccessor from yungsapi.mixins.json into net.minecraft.world.level.levelgen.Beardifier
[22Jun2025 04:52:30.430] [Worker-Main-28/DEBUG] [mixin/]: Mixing TreeDecoratorGeneratorMixin from more_slabs_stairs_and_walls-common.mixins.json into net.minecraft.world.level.levelgen.feature.treedecorators.TreeDecorator$Context
[22Jun2025 04:52:47.541] [Worker-Main-28/DEBUG] [ModernFix/]: Using cached upgraded version of nova_structures:desert_ruin/temple/desert_ruins_temple_main_start
[22Jun2025 04:53:17.977] [Server thread/DEBUG] [net.minecraftforge.common.ForgeHooks/WP]: Gathering id map for writing to world save world
[22Jun2025 04:53:17.994] [Server thread/DEBUG] [net.minecraftforge.common.ForgeHooks/WP]: ID Map collection complete world
[22Jun2025 04:54:10.956] [Worker-Main-63/DEBUG] [ModernFix/]: Using cached upgraded version of nova_structures:wild_ruin/wild_ruin_11
